# Gould designations (Uranometria Argentina, B.A. Gould 1879).
# Source: VizieR V/135A/catalog, exported 2026-07-29.
# Bright southern stars only; blank g_number/cst = row carries no
# Gould number. Constellations use 1875 boundaries (see PHASE_AO_PLAN.md AO4b).
g_number,cst,hd,sao,flamsteed,bayer,name,vmag
1,Ant,81919,200392,,,1G Ant,6.65
,,81985,200398,,,1G Ant,7.4
2,Ant,82150,200416,,\epsilon,2G Ant,4.51
,,82161,177539,,,3G Ant,6.7
3,Ant,82205,177546,,,3G Ant,5.48
4,Ant,82165,200419,,,4G Ant,6.18
5,Ant,82220,177552,,,5G Ant,7.4
6,Ant,82314,200436,,,6G Ant,7.1
7,Ant,82363,177582,,,7G Ant,6.7
8,Ant,82383,200444,,\zeta1,8G Ant,6.96
9,Ant,82384,200445,,\zeta1,9G Ant,6.19
10,Ant,82513,200459,,\zeta2,10G Ant,5.93
11,Ant,82514,200462,,,11G Ant,5.87
12,Ant,82610,177619,,S,12G Ant,6.46
13,Ant,82785,200492,,,13G Ant,6.42
14,Ant,83108,200531,,,14G Ant,6.48
15,Ant,83261,177738,,,15G Ant,6.54
16,Ant,83332,177748,,,16G Ant,5.7
17,Ant,83380,200561,,,17G Ant,5.63
18,Ant,83441,200573,,,18G Ant,5.98
19,Ant,83610,200590,,,19G Ant,6.7
,,83674,200597,,,19G Ant,7.7
20,Ant,84042,200635,,,20G Ant,6.9
21,Ant,84085,200644,,,21G Ant,6.6
,,84201,200650,,,22G Ant,7.9
22,Ant,84224,200652,,,22G Ant,6.41
23,Ant,84367,177908,,\theta,23G Ant,4.79
24,Ant,84447,200681,,,24G Ant,6.82
25,Ant,84567,177939,,,25G Ant,6.4
26,Ant,84580,200699,,,26G Ant,6.9
27,Ant,84687,200710,,,27G Ant,6.8
28,Ant,84727,200714,,,28G Ant,7.0
29,Ant,84900,200736,,,29G Ant,6.6
30,Ant,85043,178027,,,30G Ant,6.7
31,Ant,85206,200777,,,31G Ant,5.97
32,Ant,85296,200784,,,32G Ant,6.37
,,85387,200795,,,32G Ant,7.6
33,Ant,85725,178130,,,33G Ant,6.3
34,Ant,85860,178157,,,34G Ant,7.0
35,Ant,86193,200880,,,35G Ant,7.1
36,Ant,86267,200889,,,36G Ant,5.84
37,Ant,86301,178216,,,37G Ant,6.31
38,Ant,86629,200926,,\eta,38G Ant,5.23
39,Ant,87199,200994,,,39G Ant,6.54
40,Ant,87303,201005,,,40G Ant,6.6
,,87416,178366,,,41G Ant,7.28
41,Ant,87488,178378,,,41G Ant,6.8
42,Ant,87556,178385,,,42G Ant,6.9
43,Ant,87477,201020,,,43G Ant,6.43
44,Ant,87606,201037,,,44G Ant,6.27
45,Ant,87639,201039,,,45G Ant,6.5
46,Ant,87638,201040,,,46G Ant,6.98
47,Ant,87660,201045,,,47G Ant,6.6
48,Ant,88013,201081,,,48G Ant,6.36
49,Ant,88218,201109,,,49G Ant,6.13
50,Ant,88262,201114,,R,50G Ant,8.0
51,Ant,88398,201129,,,51G Ant,6.8
52,Ant,88524,201152,,,52G Ant,6.6
53,Ant,88522,178526,,,53G Ant,6.28
,,88619,201167,,,53G Ant,7.3
,,88670,201178,,,53G Ant,7.1
54,Ant,88742,201186,,,54G Ant,6.35
55,Ant,88809,221877,,,55G Ant,5.9
56,Ant,88836,221883,,,56G Ant,6.35
57,Ant,88872,201196,,,57G Ant,6.5
58,Ant,89015,201211,,,58G Ant,6.19
59,Ant,89353,178644,,,59G Ant,5.34
60,Ant,89442,201266,,,60G Ant,6.3
61,Ant,89528,201275,,,61G Ant,6.7
62,Ant,89709,201297,,,62G Ant,6.6
63,Ant,90071,178759,,,63G Ant,6.25
64,Ant,90132,201346,,,64G Ant,5.33
65,Ant,90335,201369,,,65G Ant,7.1
66,Ant,90549,201391,,,66G Ant,6.8
67,Ant,90610,201405,,\alpha,67G Ant,4.25
68,Ant,90972,201442,,\delta,68G Ant,5.56
69,Ant,91538,201512,,,69G Ant,6.68
70,Ant,91645,201523,,,70G Ant,6.9
,,91804,201538,,,70G Ant,7.2
71,Ant,91793,201533,,U,71G Ant,5.38
72,Ant,91965,201556,,,72G Ant,7.13
73,Ant,92056,201566,,,73G Ant,6.8
74,Ant,92136,201576,,,74G Ant,7.01
75,Ant,92363,201598,,,75G Ant,6.7
76,Ant,92589,201631,,,76G Ant,6.37
77,Ant,92678,201641,,,77G Ant,6.82
78,Ant,92845,201665,,,78G Ant,5.64
79,Ant,93105,201698,,,79G Ant,6.7
80,Ant,93905,201805,,,80G Ant,5.61
81,Ant,94366,201856,,,81G Ant,6.77
82,Ant,94504,201873,,,82G Ant,6.7
83,Ant,94565,201886,,,83G Ant,7.02
,,,201887,,,83G Ant,8.6
84,Ant,94890,201927,,\iota,84G Ant,4.6
85,Ant,96146,202067,,,85G Ant,5.43
1,Aps,120230,257092,,,1G Aps,7.1
2,Aps,120508,257098,,,2G Aps,7.0
3,Aps,121439,257107,,,3G Aps,6.09
4,Aps,122250,257112,,\theta,4G Aps,5.48
5,Aps,122862,257116,,,5G Aps,6.02
6,Aps,123998,258693,,\eta,6G Aps,4.91
7,Aps,124099,257131,,,7G Aps,6.47
8,Aps,124639,258697,,,8G Aps,6.41
9,Aps,124771,257142,,\epsilon,9G Aps,5.06
10,Aps,124834,257140,,,10G Aps,6.58
11,Aps,126209,257163,,,11G Aps,6.07
12,Aps,128294,257182,,,12G Aps,6.3
13,Aps,128400,257183,,,13G Aps,6.7
14,Aps,129078,257193,,\alpha,14G Aps,3.83
15,Aps,129899,257202,,,15G Aps,6.44
16,Aps,130081,257204,,,16G Aps,6.7
17,Aps,130458,257206,,,17G Aps,5.6
18,Aps,131109,257212,,R,18G Aps,5.34
19,Aps,131425,257218,,,19G Aps,5.93
20,Aps,131551,257219,,,20G Aps,6.2
21,Aps,132004,257225,,,21G Aps,6.73
22,Aps,132501,258719,,,22G Aps,6.8
,,132675,257234,,,23G Aps,7.3
,,132874,257237,,,23G Aps,7.0
23,Aps,133385,257241,,,23G Aps,6.73
24,Aps,133921,257252,,,24G Aps,6.6
25,Aps,133981,257247,,,25G Aps,6.03
26,Aps,135338,257264,,,26G Aps,6.7
27,Aps,135719,257268,,,27G Aps,6.6
28,Aps,136272,257273,,,28G Aps,7.0
29,Aps,137387,257289,,\kappa1,29G Aps,5.49
30,Aps,137366,257284,,,30G Aps,6.5
31,Aps,137509,257290,,,31G Aps,6.87
32,Aps,138289,257303,,,32G Aps,6.18
33,Aps,138800,257307,,\kappa2,33G Aps,5.65
,,,,,,33G Aps,
34,Aps,138867,257310,,,34G Aps,5.95
35,Aps,141846,257341,,,35G Aps,6.3
36,Aps,142497,257347,,,36G Aps,6.5
37,Aps,142678,257350,,,37G Aps,6.7
38,Aps,143346,257357,,,38G Aps,5.7
39,Aps,143720,257363,,,39G Aps,7.0
40,Aps,145366,257380,,\delta1,40G Aps,4.68
41,Aps,145388,257381,,\delta2,41G Aps,5.27
42,Aps,145619,257379,,,42G Aps,6.61
43,Aps,146310,257389,,,43G Aps,6.8
44,Aps,147675,257407,,\gamma,44G Aps,3.89
45,Aps,148488,257409,,,45G Aps,5.5
46,Aps,148650,257413,,,46G Aps,6.6
47,Aps,149324,257424,,\beta,47G Aps,4.24
48,Aps,149392,257421,,,48G Aps,6.7
49,Aps,150995,257437,,,49G Aps,6.76
50,Aps,152010,257446,,,50G Aps,6.4
51,Aps,152260,257449,,,51G Aps,6.91
52,Aps,152565,258760,,,52G Aps,7.1
53,Aps,152339,257448,,,53G Aps,6.9
54,Aps,153298,257460,,,54G Aps,6.9
55,Aps,154556,257472,,,55G Aps,6.22
56,Aps,154972,257478,,,56G Aps,6.25
57,Aps,155875,253870,,,57G Aps,6.52
58,Aps,156190,257491,,\iota,58G Aps,5.41
59,Aps,156513,258769,,,59G Aps,5.88
60,Aps,156277,253882,,\zeta,60G Aps,4.78
61,Aps,159558,253990,,,61G Aps,6.7
62,Aps,159964,257525,,,62G Aps,6.49
63,Aps,161988,257542,,,63G Aps,6.07
64,Aps,162049,257545,,,64G Aps,6.8
65,Aps,162337,258787,,,65G Aps,6.35
66,Aps,164712,257569,,,66G Aps,5.86
67,Aps,165259,257571,,,67G Aps,5.85
1,Aqr,196676,144663,,,1G Aqr,6.5
2,Aqr,196712,144666,,,2G Aqr,6.22
3,Aqr,196758,126062,1,,3G Aqr,5.16
4,Aqr,196870,144681,,,4G Aqr,6.6
5,Aqr,197089,163803,,,5G Aqr,7.7
6,Aqr,197233,144726,,,6G Aqr,7.1
,,197364,163830,,,6G Aqr,6.7
,,197454,163837,,,6G Aqr,8.4
7,Aqr,197954,144802,,,7G Aqr,6.27
8,Aqr,198001,144810,2,\epsilon,8G Aqr,3.77
9,Aqr,198026,144814,3,k,9G Aqr,4.42
10,Aqr,198373,144854,,T,10G Aqr,6.8
11,Aqr,198431,163924,,,11G Aqr,5.88
12,Aqr,198571,144877,4,,12G Aqr,5.99
13,Aqr,198667,144889,5,,13G Aqr,5.55
14,Aqr,198647,163940,,,14G Aqr,7.1
15,Aqr,198802,163953,,,15G Aqr,6.38
16,Aqr,198743,144895,6,\mu,16G Aqr,4.7
17,Aqr,198951,163966,,,17G Aqr,7.1
18,Aqr,198949,144915,,,18G Aqr,6.44
19,Aqr,198962,144918,,,19G Aqr,6.7
20,Aqr,199035,144928,,,20G Aqr,7.0
21,Aqr,199124,144941,,,21G Aqr,6.55
22,Aqr,199141,126364,,,22G Aqr,6.7
23,Aqr,199280,144957,,,23G Aqr,6.57
,,199363,144967,,,23G Aqr,7.3
24,Aqr,199345,144968,7,,24G Aqr,5.51
25,Aqr,199381,126391,,,25G Aqr,7.0
26,Aqr,199442,126396,,,26G Aqr,6.05
27,Aqr,199603,164027,,DV,27G Aqr,6.01
28,Aqr,199651,144993,,,28G Aqr,6.8
29,Aqr,199828,164046,8,,29G Aqr,6.6
30,Aqr,199944,145021,10,,30G Aqr,6.6
31,Aqr,199960,145022,11,,31G Aqr,6.21
32,Aqr,200004,164064,9,,32G Aqr,6.6
,,200063,126464,,,32G Apr,7.3
,,200108,126469,,,32G Apr,7.1
33,Aqr,200157,164074,,,33G Aqr,7.1
34,Aqr,200340,145050,,,34G Aqr,6.49
35,Aqr,200375,126491,,,35G Aqr,6.25
,,200374,126492,,,35G Apr,7.4
,,200356,145052,,,36G Apr,7.3
36,Aqr,200433,145058,,,36G Aqr,6.78
37,Aqr,200497,145065,12,,37G Aqr,5.9
38,Aqr,200663,126522,,,38G Aqr,6.33
,,200932,145101,,,39G Aqr,6.91
39,Aqr,201098,145121,,,39G Aqr,6.8
40,Aqr,201038,145118,,,40G Aqr,6.9
41,Aqr,201066,145120,,,41G Aqr,6.4
42,Aqr,201120,145126,,,42G Aqr,6.8
43,Aqr,201159,126556,,,43G Aqr,6.8
44,Aqr,201222,145132,,,44G Aqr,6.8
45,Aqr,201322,145145,,,45G Aqr,6.7
46,Aqr,201332,126571,,,46G Aqr,7.1
47,Aqr,201381,164182,13,\nu,47G Aqr,4.51
48,Aqr,201377,145152,,,48G Aqr,6.5
49,Aqr,201567,145171,,,49G Aqr,6.27
50,Aqr,201707,164204,,EW,50G Aqr,6.48
51,Aqr,202149,164240,,,51G Aqr,6.77
52,Aqr,202259,145229,,,52G Aqr,6.38
53,Aqr,202407,164265,,,53G Aqr,6.4
,,202397,145246,,,54G Aqr,7.5
54,Aqr,202466,145251,14,,54G Aqr,6.7
,,202494,145256,,,54G Aqr,7.4
55,Aqr,202554,145259,,,55G Aqr,6.48
56,Aqr,202577,164275,,,56G Aqr,6.9
57,Aqr,202606,164279,,,57G Aqr,6.4
58,Aqr,202753,145278,15,,58G Aqr,5.82
59,Aqr,202990,164310,,,59G Aqr,7.0
60,Aqr,202929,164303,,,60G Aqr,6.7
61,Aqr,203054,164315,,,61G Aqr,7.1
62,Aqr,203222,145317,16,,62G Aqr,5.87
63,Aqr,203405,126733,,,63G Aqr,6.8
64,Aqr,203364,145333,,,64G Aqr,6.86
65,Aqr,203525,145351,17,,65G Aqr,5.99
66,Aqr,203458,145341,,,66G Aqr,6.68
67,Aqr,203705,164364,18,,67G Aqr,5.49
68,Aqr,203875,145382,19,,68G Aqr,5.7
69,Aqr,203843,145376,20,,69G Aqr,6.36
70,Aqr,203926,145384,21,,70G Aqr,5.49
71,Aqr,203893,164378,,,71G Aqr,6.9
72,Aqr,204041,126789,,,72G Aqr,6.46
73,Aqr,204073,164388,,,73G Aqr,6.6
74,Aqr,204121,126794,,,74G Aqr,6.13
75,Aqr,204867,145457,22,\beta,75G Aqr,2.91
76,Aqr,,,,M2,76G Aqr,6.5
77,Aqr,205244,145493,,,77G Aqr,6.9
78,Aqr,205260,145496,,,78G Aqr,6.9
79,Aqr,205358,126901,,,79G Aqr,6.7
80,Aqr,205423,145510,,,80G Aqr,5.77
81,Aqr,205767,145537,23,\xi,81G Aqr,4.7
82,Aqr,205765,145533,,,82G Aqr,6.25
83,Aqr,206058,145566,24,,83G Aqr,6.63
84,Aqr,206067,126965,25,d,84G Aqr,5.1
85,Aqr,206445,126997,26,,85G Aqr,5.67
86,Aqr,206766,145625,,,86G Aqr,6.7
87,Aqr,207076,145652,,,87G Aqr,6.65
,,207150,145664,,,87G Aqr,7.6
88,Aqr,207204,145668,,,88G Aqr,6.9
89,Aqr,207235,145671,,,89G Aqr,6.17
90,Aqr,207435,145685,,,90G Aqr,6.75
,,207653,127103,,,91G Aqr,7.7
91,Aqr,207796,127114,,,91G Aqr,6.8
92,Aqr,207888,145716,,,92G Aqr,6.6
93,Aqr,207920,145721,,,93G Aqr,6.68
94,Aqr,208111,145731,,,94G Aqr,5.71
95,Aqr,208177,145735,,,95G Aqr,6.2
96,Aqr,208703,145778,,,96G Aqr,6.33
97,Aqr,208793,190793,,,97G Aqr,7.1
98,Aqr,208801,145784,,,98G Aqr,6.22
99,Aqr,209128,127235,28,,99G Aqr,5.58
100,Aqr,209240,164827,,,100G Aqr,6.28
101,Aqr,209278,164830,29,,101G Aqr,6.37
102,Aqr,209396,145836,30,,102G Aqr,5.54
103,Aqr,209409,145837,31,\omicron,103G Aqr,4.7
104,Aqr,209625,145853,32,,104G Aqr,5.3
105,Aqr,209750,145862,34,\alpha,105G Aqr,2.9
106,Aqr,209767,164860,,,106G Aqr,7.1
107,Aqr,209819,164861,33,\iota,107G Aqr,4.28
108,Aqr,209925,190898,,,108G Aqr,6.8
109,Aqr,209905,127303,,,109G Aqr,6.52
110,Aqr,210000,164868,,,110G Aqr,6.6
111,Aqr,210172,164885,,,111G Aqr,6.9
112,Aqr,210191,164888,35,,112G Aqr,5.81
113,Aqr,210244,190922,,,113G Aqr,6.4
114,Aqr,210277,145906,,,114G Aqr,6.63
115,Aqr,210419,145914,,,115G Aqr,6.27
116,Aqr,210422,164907,37,,116G Aqr,6.7
117,Aqr,210424,164910,38,e,117G Aqr,5.46
118,Aqr,210434,145916,,,118G Aqr,6.01
119,Aqr,210464,190945,,,119G Aqr,6.09
120,Aqr,210705,164923,39,,120G Aqr,6.03
121,Aqr,210763,145940,,,121G Aqr,6.39
122,Aqr,210845,164935,40,,122G Aqr,7.0
123,Aqr,210960,190986,41,,123G Aqr,5.32
124,Aqr,211024,190995,,,124G Aqr,6.8
125,Aqr,211038,164949,,,125G Aqr,6.54
,,211236,191009,,,126G Aqr,7.44
126,Aqr,211364,191021,,,126G Aqr,6.17
,,211450,191026,,,126G Aqr,7.5
127,Aqr,211361,164974,42,,127G Aqr,5.34
128,Aqr,211356,145989,,,128G Aqr,6.1
129,Aqr,211391,145991,43,\theta,129G Aqr,4.16
130,Aqr,211392,145992,,,130G Aqr,5.79
131,Aqr,211434,145993,44,,131G Aqr,5.75
132,Aqr,211575,146004,,,132G Aqr,6.4
133,Aqr,211676,164996,45,,133G Aqr,5.95
134,Aqr,211838,146023,46,\rho,134G Aqr,5.36
135,Aqr,212010,191083,47,,135G Aqr,5.13
136,Aqr,212061,146044,48,\gamma,136G Aqr,3.84
137,Aqr,212271,191105,49,,137G Aqr,5.53
138,Aqr,212320,146062,,,138G Aqr,5.93
139,Aqr,212404,146067,51,,139G Aqr,5.78
140,Aqr,212430,165044,50,,140G Aqr,5.76
141,Aqr,212474,146074,,,141G Aqr,6.7
142,Aqr,212571,127520,52,\pi,142G Aqr,4.66
143,Aqr,212600,191131,,,143G Aqr,6.7
144,Aqr,212643,191144,,,144G Aqr,6.3
145,Aqr,212697,165077,53,f,145G Aqr,6.57
146,Aqr,212698,165078,53,f,146G Aqr,6.35
147,Aqr,212717,146087,,,147G Aqr,6.9
148,Aqr,212741,165079,54,,148G Aqr,7.0
149,Aqr,212837,146092,,,149G Aqr,6.83
150,Aqr,213051,146107,55,\zeta1,150G Aqr,4.5
151,Aqr,213052,146108,55,\zeta2,151G Aqr,4.42
152,Aqr,213198,165123,,,152G Aqr,6.4
153,Aqr,213236,165127,56,,153G Aqr,6.37
154,Aqr,213320,165134,57,\sigma,154G Aqr,4.82
155,Aqr,213428,146136,,,155G Aqr,6.16
156,Aqr,213464,165147,58,,156G Aqr,6.38
157,Aqr,213429,146135,,,157G Aqr,6.14
158,Aqr,213575,146142,,,158G Aqr,6.97
159,Aqr,213780,146161,,,159G Aqr,6.7
160,Aqr,213789,146160,60,,160G Aqr,5.89
161,Aqr,213845,191235,59,\upsilon,161G Aqr,5.2
162,Aqr,213986,191246,,,162G Aqr,5.97
163,Aqr,213998,146181,62,\eta,163G Aqr,4.02
164,Aqr,214028,165178,61,,164G Aqr,6.7
165,Aqr,214080,165181,,,165G Aqr,6.83
166,Aqr,214376,146210,63,\kappa,166G Aqr,5.03
167,Aqr,214448,146216,,,167G Aqr,6.23
168,Aqr,214572,165217,64,,168G Aqr,7.16
169,Aqr,214686,146230,,,169G Aqr,6.74
170,Aqr,214813,191323,,,170G Aqr,7.0
171,Aqr,214810,146239,,,171G Aqr,6.31
172,Aqr,214983,146251,,,172G Aqr,6.9
,,215077,146260,,,173G Aqr,7.0
173,Aqr,215093,146261,,,173G Aqr,6.98
174,Aqr,215114,146271,,,174G Aqr,6.45
175,Aqr,215143,146273,67,,175G Aqr,6.41
176,Aqr,215167,165252,66,g1,176G Aqr,4.69
177,Aqr,215553,165285,,,177G Aqr,6.6
178,Aqr,215709,165290,,,178G Aqr,6.8
179,Aqr,215721,165293,68,g2,179G Aqr,5.26
180,Aqr,215766,165298,69,\tau1,180G Aqr,5.66
,,215812,146315,,,180G Aqr,7.2
181,Aqr,215874,165308,70,,181G Aqr,6.19
182,Aqr,215981,191428,,,182G Aqr,6.9
183,Aqr,216032,165321,71,\tau2,183G Aqr,4.01
184,Aqr,216357,165351,,,184G Aqr,6.9
185,Aqr,216386,146362,73,\lambda,185G Aqr,3.74
186,Aqr,216402,165353,,,186G Aqr,6.76
187,Aqr,216494,165359,74,,187G Aqr,5.8
188,Aqr,216503,146371,,,188G Aqr,6.8
189,Aqr,216553,165365,,,189G Aqr,6.5
190,Aqr,216567,165366,75,,190G Aqr,7.1
191,Aqr,216627,165375,76,\delta,191G Aqr,3.27
192,Aqr,216637,146382,78,,192G Aqr,6.19
193,Aqr,216640,165376,77,,193G Aqr,5.56
194,Aqr,216664,191488,,,194G Aqr,6.7
195,Aqr,216718,146388,,,195G Aqr,5.72
196,Aqr,216727,191496,,,196G Aqr,6.5
197,Aqr,216953,146404,,,197G Aqr,6.31
198,Aqr,217251,165425,,,198G Aqr,6.07
199,Aqr,217376,146438,,,199G Aqr,6.8
200,Aqr,217498,191585,,,200G Aqr,6.28
201,Aqr,217531,146447,81,,201G Aqr,6.21
202,Aqr,217563,146451,,,202G Aqr,5.94
203,Aqr,217684,165456,,,203G Aqr,6.5
204,Aqr,217701,146465,82,,204G Aqr,6.15
205,Aqr,217703,191604,,,205G Aqr,5.97
206,Aqr,217877,146482,,,206G Aqr,6.68
207,Aqr,218061,165481,,,207G Aqr,6.14
208,Aqr,218060,146498,83,h,208G Aqr,5.43
,,218081,146500,84,,208G Aqr,7.5
209,Aqr,218071,165482,,,209G Aqr,7.0
210,Aqr,218240,191651,86,c1,210G Aqr,4.47
211,Aqr,218594,191683,88,c2,211G Aqr,3.66
212,Aqr,218640,191687,89,c3,212G Aqr,4.69
213,Aqr,218639,165522,,,213G Aqr,6.43
214,Aqr,218769,146543,,,214G Aqr,7.0
215,Aqr,219215,146585,90,\phi,215G Aqr,4.22
216,Aqr,219279,165578,,,216G Aqr,6.12
217,Aqr,219402,146593,,,217G Aqr,5.55
218,Aqr,219449,146598,91,\psi1,218G Aqr,4.21
219,Aqr,219576,146612,92,\chi,219G Aqr,5.06
220,Aqr,219592,146614,,,220G Aqr,6.7
221,Aqr,219659,165609,,,221G Aqr,6.34
222,Aqr,219688,146620,93,\psi2,222G Aqr,4.4
223,Aqr,219832,146635,95,\psi3,223G Aqr,4.98
224,Aqr,219834,165625,94,,224G Aqr,5.08
225,Aqr,219879,165628,,,225G Aqr,5.93
226,Aqr,219877,146639,96,,226G Aqr,5.55
227,Aqr,219983,146645,,,227G Aqr,6.67
228,Aqr,220035,146652,,,228G Aqr,6.17
229,Aqr,220134,146659,,,229G Aqr,6.7
230,Aqr,220278,165658,97,,230G Aqr,5.2
231,Aqr,220321,191858,98,b1,231G Aqr,3.97
232,Aqr,220436,146683,,,232G Aqr,6.7
233,Aqr,220466,191873,,,233G Aqr,6.5
234,Aqr,220465,165672,,,234G Aqr,6.19
235,Aqr,220704,191900,99,b2,235G Aqr,4.39
236,Aqr,220766,191907,,,236G Aqr,6.6
237,Aqr,220957,165708,,,237G Aqr,6.38
238,Aqr,221081,146729,,,238G Aqr,6.18
239,Aqr,221148,146736,,,239G Aqr,6.25
240,Aqr,221308,146748,,,240G Aqr,6.39
241,Aqr,221356,146752,,,241G Aqr,6.49
242,Aqr,221357,191970,100,,242G Aqr,6.29
,,221385,191971,,,242G Aqr,7.2
243,Aqr,221472,165754,,,243G Aqr,6.7
244,Aqr,221565,191988,101,b3,244G Aqr,4.71
245,Aqr,221600,146774,,,245G Aqr,7.05
246,Aqr,221745,165780,,,246G Aqr,5.96
247,Aqr,221801,146789,,,247G Aqr,7.5
248,Aqr,221835,146795,,,248G Aqr,6.39
249,Aqr,221890,146799,,,249G Aqr,7.3
250,Aqr,222093,165804,,,250G Aqr,5.65
251,Aqr,222125,165808,,,251G Aqr,6.4
252,Aqr,222157,146815,,,252G Aqr,6.8
253,Aqr,222345,165818,102,\omega1,253G Aqr,5.0
254,Aqr,222465,146842,,,254G Aqr,7.08
255,Aqr,222493,165828,,,255G Aqr,5.89
256,Aqr,222547,165834,103,A1,256G Aqr,5.34
257,Aqr,222574,165836,104,A2,257G Aqr,4.82
258,Aqr,222643,165841,,,258G Aqr,5.28
259,Aqr,222661,165842,105,\omega2,259G Aqr,4.49
260,Aqr,222800,165849,,R,260G Aqr,6.36
261,Aqr,222847,165854,106,i1,261G Aqr,5.25
262,Aqr,223024,165867,107,i2,262G Aqr,5.6
263,Aqr,,165868,107,i2,263G Aqr,7.0
264,Aqr,223170,165880,,,264G Aqr,5.73
265,Aqr,223311,146919,,,265G Aqr,6.07
266,Aqr,223428,165905,,,266G Aqr,6.24
267,Aqr,223509,165909,,,267G Aqr,6.7
268,Aqr,223524,165911,,,268G Aqr,5.94
,,223542,165912,,,269G Aqr,6.69
269,Aqr,223559,165915,,,269G Aqr,5.72
270,Aqr,223640,165918,108,i3,270G Aqr,5.18
271,Aqr,223774,165933,,,271G Aqr,5.87
272,Aqr,223785,165934,,,272G Aqr,6.81
273,Aqr,223807,146953,,,273G Aqr,5.75
274,Aqr,223884,192218,,,274G Aqr,6.24
275,Aqr,224093,146975,,,275G Aqr,6.8
276,Aqr,224172,165956,,,276G Aqr,6.7
1,Aql,173371,142582,,,1G Aql,6.88
2,Aql,173370,123879,4,,2G Aql,5.02
3,Aql,173654,142606,5,,3G Aql,5.9
4,Aql,174240,123947,,,4G Aql,6.25
,,174532,142696,7,,5G Aql,6.9
5,Aql,174589,142706,8,,5G Aql,6.1
6,Aql,175640,142825,,,6G Aql,6.22
7,Aql,176095,124112,,,7G Aql,6.21
8,Aql,176304,104313,,,8G Aql,6.75
9,Aql,176678,142931,12,i,9G Aql,4.02
10,Aql,176853,162122,,,10G Aql,6.66
11,Aql,176984,142959,14,g,11G Aql,5.42
12,Aql,176981,124184,,,12G Aql,6.3
13,Aql,177178,124203,,,13G Aql,5.83
14,Aql,177332,124219,,,14G Aql,6.73
15,Aql,177463,142996,15,h,15G Aql,5.42
16,Aql,177552,143003,,,16G Aql,6.53
17,Aql,,,,,17G Aql,
18,Aql,177706,143015,,,18G Aql,6.68
19,Aql,177756,143021,16,\lambda,19G Aql,3.44
20,Aql,177749,124257,,,20G Aql,6.9
21,Aql,177880,143029,,,21G Aql,6.84
22,Aql,177940,124266,,R,22G Aql,6.09
,,177904,124265,,,22G Aql,6.7
23,Aql,178065,124282,,,23G Aql,6.56
24,Aql,178596,124318,19,,24G Aql,5.22
25,Aql,178744,143087,,,25G Aql,6.34
26,Aql,178954,143104,,,26G Aql,6.7
27,Aql,179104,124356,,,27G Aql,7.6
,,179124,124358,,,27G Aql,6.9
28,Aql,179406,143134,20,,28G Aql,5.34
29,Aql,179761,124408,21,,29G Aql,5.15
30,Aql,179791,124410,,,30G Aql,6.49
31,Aql,180086,143183,,,31G Aql,6.5
32,Aql,180482,124455,22,,32G Aql,5.59
33,Aql,180504,124457,,,33G Aql,6.5
34,Aql,180782,124478,,,34G Aql,6.19
35,Aql,180972,124487,23,,35G Aql,5.1
,,180973,124486,,,36G Aql,6.7
36,Aql,181053,124492,24,,36G Aql,6.41
37,Aql,181122,124497,,,37G Aql,6.32
38,Aql,181391,143286,26,f,38G Aql,5.01
39,Aql,181420,143285,,,39G Aql,6.6
40,Aql,181440,143292,27,,40G Aql,5.46
41,Aql,181858,143321,,,41G Aql,6.67
42,Aql,181907,143324,,,42G Aql,5.83
43,Aql,182038,143340,,,43G Aql,6.32
44,Aql,182101,124564,,,44G Aql,6.35
45,Aql,182475,143373,,,45G Aql,6.5
46,Aql,182640,124603,30,\delta,46G Aql,3.4
47,Aql,182835,124628,32,\nu,47G Aql,4.66
48,Aql,183085,124646,,,48G Aql,6.6
49,Aql,183227,124661,,,49G Aql,5.84
50,Aql,183344,143454,,U,50G Aql,6.61
51,Aql,183324,124675,35,c,51G Aql,5.8
52,Aql,183387,124681,,,52G Aql,6.25
53,Aql,183589,124698,,,53G Aql,6.09
54,Aql,183630,143482,36,e,54G Aql,5.03
55,Aql,183656,124704,,,55G Aql,6.05
56,Aql,183794,143494,,,56G Aql,7.03
57,Aql,184279,124788,,,57G Aql,6.94
,,184244,124782,,,57G Aql,7.6
,,184336,124790,,,57G Aql,7.9
,,184362,124792,,,57G Aql,7.3
,,184451,124801,,,57G Aql,6.9
58,Aql,184406,124799,38,\mu,58G Aql,4.45
59,Aql,184492,162792,37,k,59G Aql,5.12
60,Aql,184573,143564,,,60G Aql,6.34
61,Aql,184663,124823,,,61G Aql,6.38
62,Aql,184853,124835,,,62G Aql,6.6
63,Aql,184915,143600,39,\kappa,63G Aql,4.95
64,Aql,184930,143597,41,\iota,64G Aql,4.36
65,Aql,185124,143621,42,,65G Aql,5.68
66,Aql,185298,162843,,,66G Aql,6.6
67,Aql,185423,124892,,,67G Aql,6.36
68,Aql,185507,124903,44,\sigma,68G Aql,5.17
69,Aql,185639,143669,,,69G Aql,6.7
70,Aql,185762,143678,45,,70G Aql,5.67
71,Aql,185966,143705,,,71G Aql,6.5
72,Aql,186158,143722,,,72G Aql,6.9
73,Aql,186226,124969,,,73G Aql,6.83
74,Aql,186442,125000,,,74G Aql,6.52
75,Aql,186535,125011,,,75G Aql,6.41
76,Aql,186641,143775,,,76G Aql,7.3
77,Aql,186660,143776,,,77G Aql,6.48
133,Aql,194040,144372,,,133G Aql,6.84
78,Aql,186689,125032,49,\upsilon,78G Aql,5.91
79,Aql,187003,125069,,,79G Aql,6.8
80,Aql,187195,163012,,,80G Aql,6.04
81,Aql,187410,163026,,,81G Aql,6.8
82,Aql,187532,163036,51,,82G Aql,5.39
83,Aql,187570,143839,,,83G Aql,6.8
84,Aql,187567,125116,,,84G Aql,6.51
85,Aql,187660,143853,,,85G Aql,6.13
86,Aql,187642,125122,53,\alpha,86G Aql,0.77
87,Aql,187734,125141,,,87G Aql,6.7
,,187696,163054,,,87G Aql,7.2
,,187775,163064,,,87G Aql,6.9
,,187840,163070,,,87G Aql,7.8
88,Aql,187753,125139,,,88G Aql,6.25
89,Aql,187929,125159,55,\eta,89G Aql,3.78
90,Aql,188041,143883,,,90G Aql,5.65
91,Aql,188107,125182,,,91G Aql,6.53
92,Aql,188154,143894,56,,92G Aql,5.79
93,Aql,188293,143898,57,,93G Aql,5.71
,,188294,143899,,,93G Aql,6.49
94,Aql,188310,125210,59,\xi,94G Aql,4.71
95,Aql,188350,125219,58,,95G Aql,5.61
96,Aql,188385,125221,,,96G Aql,6.15
97,Aql,188405,143911,,,97G Aql,6.51
98,Aql,188512,125235,60,\beta,98G Aql,3.71
99,Aql,188844,143942,,,99G Aql,6.7
100,Aql,189340,163168,,,100G Aql,5.88
101,Aql,189322,125310,,,101G Aql,6.17
102,Aql,189359,143974,,,102G Aql,6.6
103,Aql,189695,125355,,,103G Aql,5.91
104,Aql,189825,144009,,,104G Aql,6.72
105,Aql,190172,144038,,,105G Aql,6.72
106,Aql,190299,144045,62,,106G Aql,5.68
107,Aql,190327,125403,63,\tau,107G Aql,5.52
108,Aql,190390,163245,,,108G Aql,6.34
109,Aql,190498,125423,,,109G Aql,6.67
110,Aql,190664,144062,,,110G Aql,6.47
111,Aql,190662,125438,,,111G Aql,6.8
112,Aql,190849,125456,,,112G Aql,7.11
113,Aql,191067,144095,64,,113G Aql,5.99
114,Aql,191104,125478,,,114G Aql,6.43
115,Aql,191533,125517,,,115G Aql,6.61
,,191500,144133,,,116G Aql,7.8
116,Aql,191619,144142,,,116G Aql,6.9
117,Aql,191692,144150,65,\theta,117G Aql,3.23
118,Aql,191709,144151,,,118G Aql,7.16
119,Aql,191949,144170,,,119G Aql,6.9
120,Aql,191984,125567,,,120G Aql,6.9
121,Aql,192007,144173,,,121G Aql,6.9
122,Aql,192086,144177,,,122G Aql,6.6
123,Aql,192107,144181,66,,123G Aql,5.47
124,Aql,192290,144199,,,124G Aql,7.3
125,Aql,192461,144212,,,125G Aql,6.92
126,Aql,192505,144221,,,126G Aql,6.8
127,Aql,192483,144219,,,127G Aql,7.0
128,Aql,192699,125628,,,128G Aql,6.43
129,Aql,192895,125647,,,129G Aql,6.6
130,Aql,193122,125665,,,130G Aql,6.94
131,Aql,193329,144296,,,131G Aql,6.06
132,Aql,194013,125747,,,132G Aql,5.31
134,Aql,194116,106054,,,134G Aql,6.7
135,Aql,194244,125769,,,135G Aql,6.16
136,Aql,194263,125772,,,136G Aql,6.7
137,Aql,194454,144412,,,137G Aql,6.11
138,Aql,194765,144450,,,138G Aql,6.64
139,Aql,194939,144468,68,,139G Aql,6.13
140,Aql,195005,144480,,,140G Aql,6.85
141,Aql,195135,144495,69,,141G Aql,4.91
,,195616,125910,,,142G Aql,7.5
142,Aql,195617,125911,,,142G Aql,6.6
143,Aql,195946,144578,,,143G Aql,8.51
144,Aql,196321,144624,70,,144G Aql,4.89
145,Aql,196426,144632,,,145G Aql,6.22
,,196527,144642,,,145G Aql,7.2
,,196554,144647,,,145G Aql,7.8
146,Aql,196574,144649,71,l,146G Aql,4.32
1,Ara,149485,253638,,,1G Ara,6.18
2,Ara,149837,253651,,,2G Ara,6.18
3,Ara,149989,244058,,,3G Ara,6.5
4,Ara,150136,227049,,,4G Ara,5.65
5,Ara,150168,227058,,,5G Ara,5.65
6,Ara,150421,227092,,,6G Ara,6.27
7,Ara,150576,244106,,,7G Ara,5.96
8,Ara,150745,244122,,,8G Ara,5.74
9,Ara,150898,244133,,,9G Ara,5.6
,,150884,227171,,,10G Ara,7.02
10,Ara,150897,227172,,,10G Ara,6.47
11,Ara,151082,227205,,,11G Ara,7.3
,,151116,227211,,,11G Ara,8.0
12,Ara,151196,227233,,,12G Ara,6.67
13,Ara,151249,244168,,\eta,13G Ara,3.76
14,Ara,151231,244158,,,14G Ara,6.8
15,Ara,151566,227281,,,15G Ara,6.47
16,Ara,151967,244245,,,16G Ara,5.94
17,Ara,152082,253734,,,17G Ara,6.02
18,Ara,152220,227386,,,18G Ara,6.5
19,Ara,152493,253753,,,19G Ara,6.5
20,Ara,152511,253748,,,20G Ara,6.6
21,Ara,152478,244280,,,21G Ara,6.33
22,Ara,152527,244285,,,22G Ara,5.94
23,Ara,152786,244315,,\zeta,23G Ara,3.13
24,Ara,152824,244313,,,24G Ara,5.55
25,Ara,152980,244331,,\epsilon1,25G Ara,4.06
26,Ara,153053,244338,,,26G Ara,5.66
27,Ara,153201,244356,,,27G Ara,6.5
28,Ara,153261,244362,,,28G Ara,6.11
,,153262,244363,,,28G Ara,7.58
29,Ara,153221,227542,,,29G Ara,6.0
30,Ara,153370,244370,,,30G Ara,6.45
31,Ara,153580,244388,,\epsilon2,31G Ara,5.29
32,Ara,153716,244401,,,32G Ara,5.73
33,Ara,153791,227588,,,33G Ara,6.06
34,Ara,154555,253818,,,34G Ara,6.39
35,Ara,154813,244489,,,35G Ara,6.8
36,Ara,154903,253827,,,36G Ara,5.89
37,Ara,154873,227683,,,37G Ara,6.7
38,Ara,155035,227699,,,38G Ara,5.84
,,155299,244536,,,39G Ara,7.01
39,Ara,155341,244539,,,39G Ara,6.09
40,Ara,156091,244613,,,40G Ara,5.91
41,Ara,156274,227816,,,41G Ara,5.51
42,Ara,156331,244631,,,42G Ara,6.27
43,Ara,156709,253899,,,43G Ara,6.8
44,Ara,156751,244675,,,44G Ara,6.76
45,Ara,156768,244678,,,45G Ara,5.88
46,Ara,156838,253903,,,46G Ara,5.7
47,Ara,156854,244685,,,47G Ara,5.8
48,Ara,156942,253908,,,48G Ara,5.79
49,Ara,157042,227886,,\iota,49G Ara,5.25
50,Ara,157246,244726,,\gamma,50G Ara,3.3
51,Ara,157244,244725,,\beta,51G Ara,2.85
52,Ara,157524,253928,,,52G Ara,6.24
53,Ara,157457,244734,,\kappa,53G Ara,5.23
54,Ara,157662,244755,,,54G Ara,5.92
55,Ara,157599,244749,,,55G Ara,6.19
,,157649,227966,,,56G Ara,7.1
56,Ara,157661,227971,,,56G Ara,5.29
,,157698,227974,,,57G Ara,7.13
57,Ara,157832,227990,,,57G Ara,6.65
58,Ara,157753,244763,,,58G Ara,5.75
59,Ara,157819,244770,,,59G Ara,5.94
60,Ara,158094,253945,,\delta,60G Ara,3.6
61,Ara,158220,244808,,,61G Ara,5.95
62,Ara,158427,228069,,\alpha,62G Ara,3.0
63,Ara,158476,228075,,,63G Ara,6.05
,,158499,228079,,,63G Ara,7.1
64,Ara,158895,244866,,,64G Ara,6.28
65,Ara,158907,228126,,,65G Ara,6.5
66,Ara,159018,244870,,,66G Ara,6.1
67,Ara,159217,228162,,\sigma,67G Ara,4.6
68,Ara,159463,244894,,,68G Ara,5.93
69,Ara,159492,244896,,\pi,69G Ara,5.24
70,Ara,,,,NGC6397,70G Ara,5.65
71,Ara,160032,228257,,\lambda,71G Ara,4.77
72,Ara,160263,228279,,,72G Ara,5.79
73,Ara,160342,244954,,,73G Ara,6.24
74,Ara,160483,244967,,,74G Ara,6.64
75,Ara,160691,244981,,\mu,75G Ara,5.15
76,Ara,161420,245044,,,76G Ara,6.1
77,Ara,161783,245065,,\nu1,77G Ara,5.92
78,Ara,161917,245072,,\nu2,78G Ara,6.09
79,Ara,162154,245086,,,79G Ara,6.5
80,Ara,162123,228490,,,80G Ara,6.11
81,Ara,163028,245131,,,81G Ara,6.6
82,Ara,163071,245133,,,82G Ara,6.27
83,Ara,164896,245238,,,83G Ara,6.6
84,Ara,165024,245242,,\theta,84G Ara,3.66
85,Ara,165493,228734,,,85G Ara,6.15
1,Boo,122365,120228,,,1G Boo,5.99
2,Boo,122744,120261,,,2G Boo,6.26
3,Boo,126129,120426,,,3G Boo,5.12
4,Boo,126200,120433,,,4G Boo,5.95
5,Boo,126271,120436,,,5G Boo,6.19
6,Boo,129312,120601,31,,6G Boo,4.87
7,Boo,130726,120683,,,7G Boo,6.9
8,Boo,134066,120850,,,8G Boo,7.5
1,Cae,28246,216790,,,1G Cae,6.39
2,Cae,28358,216803,,,2G Cae,6.7
,,28453,216811,,,2G Cae,7.1
3,Cae,28454,216809,,,3G Cae,6.1
4,Cae,28552,216821,,,4G Cae,6.44
,,,216829,,,5G Cae,8.7
5,Cae,28700,216832,,,5G Cae,6.16
6,Cae,28837,216847,,,6G Cae,7.0
7,Cae,28873,216850,,\delta,7G Cae,5.07
8,Cae,29559,216899,,,8G Cae,6.5
9,Cae,29875,216926,,\alpha,9G Cae,4.45
10,Cae,29992,195239,,\beta,10G Cae,5.05
11,Cae,30011,195241,,,11G Cae,6.9
12,Cae,30080,195250,,,12G Cae,5.68
13,Cae,30202,216961,,,13G Cae,6.25
14,Cae,30397,195275,,,14G Cae,6.86
15,Cae,30432,195278,,,15G Cae,6.05
16,Cae,30608,195300,,\zeta,16G Cae,6.37
17,Cae,30788,217004,,,17G Cae,6.72
,,30848,217012,,,17G Cae,7.27
,,30877,217016,,,17G Cae,7.32
18,Cae,30985,217032,,\nu,18G Cae,6.07
19,Cae,31093,195357,,,19G Cae,5.86
20,Cae,31142,195364,,,20G Cae,6.6
,,31349,195381,,,21G Cae,7.0
21,Cae,31430,195387,,,21G Cae,6.9
22,Cae,31529,195400,,,22G Cae,6.1
23,Cae,32079,195455,,,23G Cae,6.7
24,Cae,32152,195458,,,24G Cae,7.2
25,Cae,32453,195501,,,25G Cae,6.03
26,Cae,32515,195509,,,26G Cae,5.94
27,Cae,32820,217153,,,27G Cae,6.31
28,Cae,32831,195532,,\gamma,28G Cae,4.55
,,32846,195534,,,28G Cae,6.34
1,Cnc,69267,116569,17,\beta,1G Cnc,3.52
2,Cnc,69478,116585,,,2G Cnc,6.29
3,Cnc,71115,116752,,,3G Cnc,5.13
4,Cnc,71795,116818,,,4G Cnc,6.7
5,Cnc,72617,116894,,,5G Cnc,6.03
6,Cnc,72945,116929,,,6G Cnc,6.0
7,Cnc,73599,116997,,,7G Cnc,6.45
8,Cnc,73764,117006,,,8G Cnc,6.5
9,Cnc,75374,117172,,,9G Cnc,6.7
10,Cnc,75390,117175,,,10G Cnc,6.8
11,Cnc,75767,117212,,,11G Cnc,6.59
12,Cnc,76629,117301,,,12G Cnc,6.19
13,Cnc,77445,117369,,,13G Cnc,5.85
14,Cnc,77518,117374,,,14G Cnc,6.9
15,Cnc,80065,117573,,,15G Cnc,7.1
1,CMa,42927,151227,,,1G CMa,6.52
,,42987,171394,,,1G CMa,7.6
,,43010,171396,,,1G CMa,7.6
,,43056,171401,,,1G CMa,8.0
2,CMa,43028,151241,,,2G CMa,6.8
3,CMa,43179,171425,,,3G CMa,6.54
4,CMa,43369,171448,,,4G CMa,7.1
5,CMa,43396,171458,,,5G CMa,5.91
6,CMa,43429,151274,,,6G CMa,5.99
7,CMa,43445,151283,,,7G CMa,5.01
8,CMa,43393,151272,,,8G CMa,6.6
,,43628,151303,,,8G CMa,6.8
9,CMa,43544,151294,,,9G CMa,5.92
10,CMa,43745,171502,,,10G CMa,6.04
11,CMa,43827,151322,,,11G CMa,5.14
12,CMa,43861,151323,,,12G CMa,6.6
13,CMa,43955,151334,,,13G CMa,5.52
14,CMa,44021,151346,,,14G CMa,6.06
15,CMa,44081,171549,,,15G CMa,5.8
,,44102,171552,,,15G CMa,7.1
,,44144,171562,,,15G CMa,7.4
,,,171563,,,15G CMa,8.3
16,CMa,44225,171571,,,16G CMa,6.5
,,44394,151391,,,17G CMa,6.6
17,CMa,44458,151401,,,17G CMa,5.54
18,CMa,44402,196698,1,\zeta,18G CMa,3.0
19,CMa,44524,171609,,,19G CMa,7.4
20,CMa,44743,151428,2,\beta,20G CMa,1.98
21,CMa,44891,151450,,,21G CMa,6.24
22,CMa,44892,151449,,,22G CMa,6.57
23,CMa,44951,151458,,,23G CMa,5.22
24,CMa,44953,151453,,,24G CMa,6.6
25,CMa,44956,196759,,,25G CMa,6.34
26,CMa,44996,151461,,,26G CMa,6.12
27,CMa,44978,171677,,,27G CMa,6.9
28,CMa,45016,151462,,,28G CMa,6.7
29,CMa,45018,171688,,,29G CMa,5.63
30,CMa,45184,171711,,,30G CMa,6.37
31,CMa,45382,171731,,,31G CMa,6.89
32,CMa,45420,151512,,,32G CMa,6.5
33,CMa,45588,171774,,,33G CMa,6.07
,,45629,151530,,,33G CMa,7.1
,,45677,151534,,,33G CMa,7.55
,,45733,151542,,,33G CMa,7.56
34,CMa,45765,151546,,,34G CMa,5.77
35,CMa,45813,196857,,\lambda,35G CMa,4.5
36,CMa,45871,196861,,,36G CMa,5.74
37,CMa,45941,171831,,,37G CMa,6.7
38,CMa,46037,151577,,,38G CMa,6.6
39,CMa,46064,151585,,,39G CMa,6.16
40,CMa,46035,151583,,,40G CMa,6.8
41,CMa,46184,151602,,,41G CMa,5.15
42,CMa,46189,171866,,,42G CMa,5.9
43,CMa,46270,171884,,,43G CMa,6.7
44,CMa,46328,171895,4,\xi1,44G CMa,4.33
45,CMa,46347,196905,,,45G CMa,6.3
46,CMa,46407,151625,,,46G CMa,6.3
47,CMa,46547,196919,,,47G CMa,5.69
48,CMa,46602,171940,,,48G CMa,6.4
49,CMa,46933,171982,5,\xi2,49G CMa,4.5
50,CMa,46936,196955,,,50G CMa,5.62
51,CMa,47012,171992,,,51G CMa,6.4
,,47138,151693,,,52G CMa,7.65
52,CMa,47138,151694,6,\nu1,52G CMa,5.7
53,CMa,47182,151700,,,53G CMa,5.97
54,CMa,47205,151702,7,\nu2,54G CMa,3.96
55,CMa,47247,172021,,,55G CMa,6.35
56,CMa,47366,151725,,,56G CMa,6.12
57,CMa,47442,151730,8,\nu3,57G CMa,4.43
58,CMa,47561,151737,,,58G CMa,6.03
59,CMa,47536,197019,,,59G CMa,5.27
60,CMa,47579,172068,,,60G CMa,6.6
61,CMa,47667,151751,,,61G CMa,4.82
62,CMa,47827,172102,,,62G CMa,6.05
63,CMa,47946,197057,,,63G CMa,5.71
64,CMa,48203,172167,,,64G CMa,6.7
,,48315,172178,,,64G CMa,6.9
65,CMa,48501,172204,,,65G CMa,6.12
66,CMa,48915,151881,9,\alpha,66G CMa,-1.47
67,CMa,48917,197149,10,,67G CMa,5.2
68,CMa,48938,172264,,,68G CMa,6.43
69,CMa,49001,172273,,,69G CMa,6.05
70,CMa,49028,197163,,,70G CMa,6.5
71,CMa,49048,151895,,,71G CMa,5.32
,,49029,197165,,,72G CMa,7.61
72,CMa,49095,197171,,,72G CMa,5.92
73,CMa,,,,M41,73G CMa,4.5
74,CMa,49131,197177,,,74G CMa,5.8
,,49148,151909,,,74G CMa,6.5
75,CMa,49229,151919,11,,75G CMa,5.28
76,CMa,49333,172318,12,,76G CMa,6.08
77,CMa,49662,151962,,,77G CMa,5.39
,,49868,172383,,,78G CMa,7.8
78,CMa,49891,172389,,,78G CMa,6.33
,,49955,151990,,,79G CMa,6.63
79,CMa,49980,151992,,,79G CMa,5.79
80,CMa,50012,172403,,,80G CMa,7.04
81,CMa,50013,197258,13,\kappa,81G CMa,3.96
,,50072,172422,,,81G CMa,7.6
,,50118,172425,,,81G CMa,7.17
82,CMa,50093,172420,,,82G CMa,6.33
83,CMa,50123,197263,,,83G CMa,5.72
,,50123,197265,,,83G CMa,7.86
84,CMa,50644,152055,,,84G CMa,5.65
85,CMa,50643,152056,,,85G CMa,6.14
86,CMa,50648,172504,,,86G CMa,6.4
87,CMa,50707,172520,15,,87G CMa,4.8
88,CMa,50711,172516,,,88G CMa,6.46
89,CMa,50778,152071,14,\theta,89G CMa,4.05
90,CMa,50806,172524,,,90G CMa,6.04
91,CMa,50853,172531,,,91G CMa,6.24
92,CMa,50877,172542,16,\omicron1,92G CMa,3.87
93,CMa,51014,197335,,,93G CMa,6.7
94,CMa,51055,172569,17,,94G CMa,5.74
95,CMa,51199,172579,19,\pi,95G CMa,4.69
96,CMa,51250,152123,18,\mu,96G CMa,5.0
97,CMa,51283,172588,,,97G CMa,5.3
98,CMa,51309,152126,20,\iota,98G CMa,4.4
99,CMa,51411,197371,,,99G CMa,6.36
100,CMa,51573,152151,,,100G CMa,6.8
101,CMa,51630,172631,,,101G CMa,6.61
102,CMa,51733,172644,,,102G CMa,5.46
103,CMa,51823,172650,,,103G CMa,6.23
104,CMa,51925,172656,,,104G CMa,6.36
105,CMa,52018,172669,,,105G CMa,5.59
106,CMa,52089,172676,21,\epsilon,106G CMa,1.5
107,CMa,52273,172700,,,107G CMa,6.26
108,CMa,52140,197432,,,108G CMa,6.42
109,CMa,52516,197456,,,109G CMa,6.6
,,52548,197457,,,109G CMa,7.7
110,CMa,52220,197436,,,110G CMa,6.7
111,CMa,52348,172718,,,111G CMa,6.31
112,CMa,52485,172736,,,112G CMa,6.7
113,CMa,52670,172763,,,113G CMa,5.6
114,CMa,52877,172797,22,\sigma,114G CMa,3.47
115,CMa,53138,172839,24,\omicron2,115G CMa,3.0
116,CMa,53244,152303,23,\gamma,116G CMa,4.1
117,CMa,53629,172906,,,117G CMa,6.09
118,CMa,53975,152393,,,118G CMa,6.48
119,CMa,53974,152394,,,119G CMa,5.39
120,CMa,54031,197566,,,120G CMa,6.34
121,CMa,54173,172986,,,121G CMa,6.08
122,CMa,54309,173002,,,122G CMa,5.71
123,CMa,54605,173047,25,\delta,123G CMa,1.8
124,CMa,54669,173064,,,124G CMa,6.65
125,CMa,54764,152477,,,125G CMa,6.03
,,54834,152484,,,125G CMa,6.62
126,CMa,54912,173101,,,126G CMa,5.69
127,CMa,54958,152497,,,127G CMa,6.23
128,CMa,55070,173122,,,128G CMa,5.46
129,CMa,55213,152532,,,129G CMa,6.67
130,CMa,55344,173168,,,130G CMa,5.84
131,CMa,55522,173193,26,,131G CMa,5.9
132,CMa,55589,152570,,,132G CMa,5.78
133,CMa,55568,197686,,,133G CMa,6.1
134,CMa,55762,173230,,,134G CMa,6.01
135,CMa,55856,173247,,,135G CMa,6.27
136,CMa,55857,173244,,,136G CMa,6.1
137,CMa,55958,197719,,,137G CMa,6.55
138,CMa,55985,197722,,,138G CMa,6.29
139,CMa,56014,173264,27,,139G CMa,4.65
140,CMa,56139,173282,28,\omega,140G CMa,3.73
141,CMa,56160,173283,,,141G CMa,5.58
142,CMa,56342,197756,,,142G CMa,5.36
143,CMa,56341,173319,,,143G CMa,6.32
144,CMa,56405,152641,,,144G CMa,5.46
145,CMa,56577,173349,,,145G CMa,4.78
146,CMa,56578,173353,,,146G CMa,7.1
147,CMa,56618,173360,,,147G CMa,4.64
148,CMa,56731,197789,,,148G CMa,6.32
,,,197788,,,148G CMa,7.97
149,CMa,56876,173411,,,149G CMa,6.46
150,CMa,57060,173444,29,,150G CMa,4.98
151,CMa,57061,173446,30,\tau,151G CMa,4.4
152,CMa,57118,152710,,,152G CMa,6.09
153,CMa,57139,152723,,,153G CMa,6.6
154,CMa,57146,173453,,,154G CMa,5.3
155,CMa,57167,152724,,,155G CMa,5.7
156,CMa,57478,152749,,,156G CMa,5.45
157,CMa,57573,173517,,,157G CMa,6.6
158,CMa,57593,173522,,,158G CMa,6.01
159,CMa,57615,173529,,,159G CMa,5.87
160,CMa,57821,152776,,,160G CMa,4.96
,,58063,197914,,,161G CMa,6.83
161,CMa,58155,197925,,,161G CMa,5.43
162,CMa,58215,173622,,,162G CMa,5.38
163,CMa,58286,197938,,,163G CMa,5.39
164,CMa,58346,173656,,,164G CMa,6.19
165,CMa,58343,152834,,,165G CMa,5.33
166,CMa,58325,197944,,,166G CMa,6.6
167,CMa,58350,173651,31,\eta,167G CMa,2.4
168,CMa,58439,152837,,,168G CMa,6.24
169,CMa,58461,152840,,,169G CMa,5.78
170,CMa,58510,173684,,,170G CMa,6.8
,,58534,197962,,,171G CMa,7.59
171,CMa,58535,197964,,,171G CMa,5.35
172,CMa,58585,173691,,,172G CMa,6.05
173,CMa,58612,173697,,,173G CMa,5.78
174,CMa,58766,197986,,,174G CMa,6.31
175,CMa,58907,173743,,,175G CMa,6.63
176,CMa,58954,152894,,,176G CMa,5.63
177,CMa,58978,173752,,,177G CMa,5.61
178,CMa,59067,152909,,,178G CMa,5.79
1,CMi,53929,114935,,,1G CMi,6.11
2,CMi,54079,114947,,,2G CMi,5.75
3,CMi,54619,115009,,,3G CMi,6.8
,,54851,115038,,,3G CMi,7.5
4,CMi,55111,115062,,,4G CMi,6.09
5,CMi,55184,115065,,,5G CMi,6.16
6,CMi,55751,115119,,,6G CMi,5.35
7,CMi,56031,115159,,,7G CMi,5.82
8,CMi,56003,134414,24,Mon,8G CMi,6.41
9,CMi,56359,115194,,,9G CMi,7.1
10,CMi,56446,115204,,,10G CMi,6.67
11,CMi,56989,115263,,,11G CMi,5.89
12,CMi,57006,115269,,,12G CMi,5.9
13,CMi,57275,115294,,,13G CMi,6.9
14,CMi,57291,115301,,,14G CMi,6.87
15,CMi,57608,115335,,,15G CMi,6.0
16,CMi,57707,115351,,,16G CMi,6.6
17,CMi,58367,115425,2,\epsilon,17G CMi,4.99
18,CMi,58715,115456,3,\beta,18G CMi,2.9
19,CMi,58923,115477,5,\eta,19G CMi,5.25
20,CMi,58972,115478,4,\gamma,20G CMi,4.32
21,CMi,59881,115581,7,\delta1,21G CMi,5.2
22,CMi,60111,115610,8,\delta2,22G CMi,5.6
23,CMi,60357,115644,9,\delta3,23G CMi,5.81
24,CMi,60563,115666,,,24G CMi,6.6
25,CMi,60803,115693,,,25G CMi,5.9
26,CMi,61421,115756,10,\alpha,26G CMi,0.34
27,CMi,61459,115764,,,27G CMi,7.9
28,CMi,61563,115773,,,28G CMi,6.02
29,CMi,61887,115813,,,29G CMi,5.94
30,CMi,62264,115839,,,30G CMi,6.19
31,CMi,62286,115846,,,31G CMi,6.6
32,CMi,62437,115864,,,32G CMi,6.47
33,CMi,63241,115947,,,33G CMi,6.6
34,CMi,63435,115966,,,34G CMi,6.53
35,CMi,63799,116014,,,35G CMi,6.18
36,CMi,63798,116016,,,36G CMi,6.6
37,CMi,63838,116019,,,37G CMi,6.5
38,CMi,63975,116043,13,\zeta,38G CMi,5.13
39,CMi,64052,116054,,,39G CMi,6.31
40,CMi,64685,116120,,,40G CMi,5.8
41,CMi,64938,116145,,,41G CMi,6.17
42,CMi,65066,116162,,,42G CMi,6.05
43,CMi,65123,116165,,,43G CMi,6.35
44,CMi,65241,116179,,,44G CMi,6.41
45,CMi,65345,116182,14,,45G CMi,5.29
46,CMi,65372,116186,,,46G CMi,6.67
47,CMi,65396,116192,,,47G CMi,6.8
48,CMi,65900,116244,,,48G CMi,5.65
49,CMi,66011,116251,,,49G CMi,6.22
50,CMi,66141,116260,,,50G CMi,4.39
51,CMi,66925,116336,,,51G CMi,6.8
1,Cap,191110,163290,,,1G Cap,6.18
2,Cap,191639,144144,,,2G Cap,6.49
3,Cap,191753,163328,1,\xi1,3G Cap,6.34
4,Cap,191862,163337,2,\xi2,4G Cap,5.85
5,Cap,192310,189065,,,5G Cap,5.73
6,Cap,192666,163402,3,,6G Cap,6.32
7,Cap,192879,189114,4,,7G Cap,5.87
8,Cap,192876,163422,5,\alpha1,8G Cap,4.24
9,Cap,192947,163427,6,\alpha2,9G Cap,3.57
10,Cap,193151,189142,,,10G Cap,6.6
11,Cap,193150,163445,7,\sigma,11G Cap,5.28
12,Cap,193432,163468,8,\nu,12G Cap,4.76
13,Cap,193452,163471,,\beta2,13G Cap,6.1
14,Cap,193495,163481,9,\beta1,14G Cap,3.08
15,Cap,193896,144361,,,15G Cap,6.3
16,Cap,193933,163519,,,16G Cap,6.7
,,194121,163532,,,16G Cap,6.9
17,Cap,194636,163592,10,\pi,17G Cap,5.25
18,Cap,194711,189309,,,18G Cap,6.5
,,194810,189321,,,19G Cap,6.9
19,Cap,194848,189330,,,19G Cap,6.8
20,Cap,194918,163612,,,20G Cap,6.41
21,Cap,194944,189335,,,21G Cap,6.8
,,194917,163610,,,21G Cap,7.3
,,194958,163615,,,21G Cap,7.3
22,Cap,194943,163614,11,\rho,22G Cap,4.78
23,Cap,194960,163617,,,23G Cap,6.55
24,Cap,195006,189345,,,24G Cap,6.16
,,195093,163625,,,25G Cap,6.74
25,Cap,195094,163626,12,\omicron,25G Cap,5.94
26,Cap,195241,163638,,,26G Cap,8.2
27,Cap,195330,163645,,,27G Cap,6.12
28,Cap,195549,189416,,,28G Cap,6.36
29,Cap,195564,163665,,,29G Cap,5.65
30,Cap,195827,163683,,,30G Cap,7.0
31,Cap,195838,163686,,,31G Cap,6.13
32,Cap,196078,163712,,,32G Cap,6.19
33,Cap,196222,163720,,,33G Cap,7.0
34,Cap,196348,163740,13,,34G Cap,6.76
35,Cap,196385,189503,,,35G Cap,6.36
36,Cap,196430,189509,,,36G Cap,6.7
37,Cap,196413,163746,,,37G Cap,7.0
38,Cap,196469,163752,,,38G Cap,7.0
39,Cap,196662,163771,14,\tau,39G Cap,5.22
40,Cap,196761,189549,,,40G Cap,6.37
41,Cap,196777,163779,15,\upsilon,41G Cap,5.1
42,Cap,196815,189559,,,42G Cap,6.52
43,Cap,196857,163783,,,43G Cap,5.8
44,Cap,196947,189575,,,44G Cap,6.28
45,Cap,197540,189641,,,45G Cap,6.5
46,Cap,197593,163848,,,46G Cap,6.9
47,Cap,197692,189664,16,\psi,47G Cap,4.13
48,Cap,197725,189667,17,,48G Cap,5.93
49,Cap,197746,189675,,,49G Cap,6.8
50,Cap,198031,163887,,,50G Cap,6.8
51,Cap,198041,163889,,,51G Cap,7.0
,,,163894,,,51G Cap,7.7
,,198063,163895,,,51G Cap,6.6
52,Cap,198174,189733,,,52G Cap,5.86
53,Cap,198208,163910,,,53G Cap,6.21
54,Cap,198354,189757,,,54G Cap,6.6
55,Cap,198500,189775,,,55G Cap,6.6
56,Cap,198542,189781,18,\omega,56G Cap,4.11
57,Cap,198648,163943,,,57G Cap,7.2
58,Cap,198732,189801,,,58G Cap,6.33
59,Cap,198824,163954,,,59G Cap,7.0
,,198902,163965,,,59G Cap,7.5
60,Cap,199014,163973,,,60G Cap,6.7
61,Cap,199012,163975,19,,61G Cap,5.78
62,Cap,199143,163989,,,62G Cap,7.1
,,199197,163996,,,62G Cap,7.6
63,Cap,199260,189856,,,63G Cap,5.7
64,Cap,199443,164013,,,64G Cap,5.87
65,Cap,199728,164043,20,,65G Cap,6.25
66,Cap,199947,164061,21,,66G Cap,6.5
67,Cap,200052,189942,,,67G Cap,6.05
68,Cap,200499,189986,22,\eta,68G Cap,4.84
69,Cap,200582,164119,,,69G Cap,7.3
70,Cap,200761,164132,23,\theta,70G Cap,4.1
71,Cap,200868,190014,,,71G Cap,6.6
,,200881,190018,,,72G Cap,7.4
72,Cap,200913,190024,,,72G Cap,7.0
73,Cap,200914,190025,24,A,73G Cap,4.5
74,Cap,201013,164152,,,74G Cap,6.7
75,Cap,201057,164156,,,75G Cap,6.19
76,Cap,201184,190050,25,\chi,76G Cap,5.28
77,Cap,201301,190065,26,,77G Cap,6.8
78,Cap,201352,190069,27,,78G Cap,6.25
79,Cap,202261,164249,,,79G Cap,6.04
80,Cap,202320,190173,28,\phi,80G Cap,5.24
81,Cap,202369,164263,29,,81G Cap,5.28
82,Cap,202671,164286,30,,82G Cap,5.41
83,Cap,202725,190214,,,83G Cap,6.7
84,Cap,202941,190238,,,84G Cap,6.9
85,Cap,202940,190236,,,85G Cap,6.56
86,Cap,203387,164346,32,\iota,86G Cap,4.28
87,Cap,203475,190285,,,87G Cap,5.6
88,Cap,203607,190292,,,88G Cap,6.6
89,Cap,203639,190293,,,89G Cap,6.38
90,Cap,203638,190295,33,,90G Cap,5.41
91,Cap,203652,190299,,,91G Cap,6.7
92,Cap,203913,190330,,,92G Cap,6.6
93,Cap,204075,190341,34,\zeta,93G Cap,3.74
94,Cap,204139,190349,35,,94G Cap,5.78
95,Cap,204220,164400,,,95G Cap,6.8
96,Cap,204268,164405,,,96G Cap,6.8
97,Cap,204363,164415,,,97G Cap,6.62
98,Cap,204381,190374,36,b,98G Cap,4.51
99,Cap,204548,164430,,,99G Cap,7.0
100,Cap,204577,164433,,,100G Cap,6.57
101,Cap,204692,164444,,,101G Cap,6.62
102,Cap,204779,164449,,,102G Cap,7.4
103,Cap,204943,190423,,,103G Cap,6.43
104,Cap,204971,164461,,,104G Cap,6.7
105,Cap,205289,190461,37,,105G Cap,5.69
106,Cap,205306,190463,38,,106G Cap,7.1
107,Cap,205342,190469,,,107G Cap,6.4
108,Cap,205637,164520,38,\epsilon,108G Cap,4.68
,,205705,164528,,,108G Cap,7.45
109,Cap,206005,164555,,,109G Cap,6.08
110,Cap,206088,164560,40,\gamma,110G Cap,3.68
111,Cap,206301,164580,42,,111G Cap,5.18
112,Cap,206356,190559,41,,112G Cap,5.24
113,Cap,206453,164593,43,\kappa,113G Cap,4.73
114,Cap,206546,164601,,,114G Cap,6.22
115,Cap,206561,164600,44,,115G Cap,5.89
116,Cap,206677,164612,45,,116G Cap,5.99
117,Cap,206833,145635,,,117G Cap,7.08
118,Cap,206834,145637,46,c,118G Cap,5.09
119,Cap,206893,164627,,,119G Cap,6.6
120,Cap,207005,145648,47,,120G Cap,6.0
121,Cap,207052,164639,48,\lambda,121G Cap,5.58
122,Cap,207061,164640,50,,122G Cap,7.0
123,Cap,207098,164644,49,\delta,123G Cap,2.87
124,Cap,207503,164679,,,124G Cap,6.31
125,Cap,207552,164686,,,125G Cap,6.38
126,Cap,207627,145698,,,126G Cap,6.7
127,Cap,207692,190685,,,127G Cap,6.86
128,Cap,207760,164697,,,128G Cap,6.16
129,Cap,207936,164711,,,129G Cap,6.7
130,Cap,207958,164713,51,\mu,130G Cap,5.08
131,Cap,208008,164717,,,131G Cap,6.59
132,Cap,208482,164756,,,132G Cap,6.76
133,Cap,208612,145768,,,133G Cap,6.81
134,Cap,208735,190786,,,134G Cap,6.12
1,Car,43504,234384,,,1G Car,6.8
2,Car,44267,234430,,,2G Car,6.41
3,Car,44295,234434,,,3G Car,7.0
,,44382,234441,,,3G Car,7.6
4,Car,44958,234463,,,4G Car,6.7
5,Car,45057,234468,,,5G Car,6.88
6,Car,45291,234475,,,6G Car,5.98
7,Car,45348,234480,,\alpha,7G Car,-0.72
8,Car,45509,234488,,,8G Car,6.51
9,Car,46569,234551,,,9G Car,5.6
10,Car,47001,234574,,,10G Car,6.19
11,Car,47306,234589,,N,11G Car,4.4
12,Car,49192,234682,,,12G Car,6.8
13,Car,49219,234683,,,13G Car,6.6
,,49337,234689,,,14G Car,7.8
14,Car,49517,234699,,,14G Car,5.8
15,Car,49689,234705,,,15G Car,5.4
16,Car,49705,234704,,,16G Car,6.46
17,Car,49877,234710,,O,17G Car,5.61
18,Car,50337,234737,,A,18G Car,4.4
19,Car,51043,234762,,,19G Car,6.57
20,Car,51210,234764,,,20G Car,6.43
21,Car,52603,234826,,,21G Car,6.27
22,Car,52622,234825,,,22G Car,6.45
23,Car,53047,234854,,,23G Car,5.14
24,Car,53349,234863,,,24G Car,6.02
25,Car,53762,234883,,,25G Car,6.6
26,Car,53921,234890,,,26G Car,5.49
27,Car,54118,234902,,,27G Car,5.17
28,Car,54732,234940,,P,28G Car,5.96
29,Car,54792,234943,,,29G Car,6.6
30,Car,54967,234944,,,30G Car,6.47
,,55433,249750,,,30G Car,7.94
,,55527,249754,,,30G Car,6.8
31,Car,55964,235005,,,31G Car,6.7
32,Car,56216,235017,,,32G Car,6.6
33,Car,56350,235022,,,33G Car,6.7
34,Car,56239,249774,,,34G Car,6.02
35,Car,56705,235040,,,35G Car,5.97
36,Car,56910,235051,,,36G Car,6.9
37,Car,57767,235101,,,37G Car,6.7
38,Car,57852,235110,,,38G Car,6.05
39,Car,57853,235111,,,39G Car,6.6
40,Car,57917,235116,,,40G Car,5.38
41,Car,57969,235114,,,41G Car,6.6
42,Car,58448,249832,,,42G Car,7.0
43,Car,58895,235171,,,43G Car,6.58
44,Car,59219,235192,,,44G Car,5.1
45,Car,59468,235206,,,45G Car,6.74
46,Car,59780,235221,,,46G Car,6.5
47,Car,60060,235239,,,47G Car,5.87
48,Car,60228,235252,,,48G Car,5.96
49,Car,61031,235310,,,49G Car,6.28
50,Car,61248,235336,,Q,50G Car,4.94
51,Car,61394,235343,,,51G Car,6.39
52,Car,61966,235391,,,52G Car,6.06
53,Car,62400,235414,,,53G Car,6.7
54,Car,62663,235428,,,54G Car,7.0
,,62612,235421,,,54G Car,7.1
,,62714,235432,,,54G Car,7.3
55,Car,62758,235430,,,55G Car,6.4
,,62805,235434,,,55G Car,7.1
56,Car,62897,235440,,,56G Car,6.21
57,Car,63382,235490,,,57G Car,6.11
58,Car,63870,235529,,,58G Car,6.7
59,Car,63926,235532,,,59G Car,6.33
60,Car,64067,235539,,,60G Car,5.58
61,Car,64185,249975,,,61G Car,5.78
62,Car,64722,235579,,,62G Car,5.7
63,Car,65189,235612,,,63G Car,6.38
64,Car,65273,235615,,,64G Car,5.63
65,Car,65575,235635,,\chi,65G Car,3.5
66,Car,65662,250019,,,66G Car,5.74
67,Car,65750,235638,,,67G Car,6.25
68,Car,65867,235646,,,68G Car,6.44
,,66027,235655,,,68G Car,7.2
69,Car,65907,250035,,,69G Car,5.59
70,Car,65908,250030,,,70G Car,6.14
71,Car,66194,250055,,,71G Car,5.81
72,Car,66341,250064,,,72G Car,6.33
73,Car,66342,250063,,,73G Car,5.18
74,Car,66441,235680,,,74G Car,5.86
75,Car,66546,235686,,,75G Car,6.12
,,66706,235694,,,75G Car,6.5
76,Car,66607,235690,,,76G Car,6.28
,,66749,235696,,,76G Car,7.37
,,66768,235698,,,76G Car,6.69
77,Car,66591,250069,,D1,77G Car,4.82
78,Car,67364,235735,,,78G Car,5.53
,,67536,250100,,,79G Car,7.68
79,Car,67536,250101,,D2,79G Car,6.3
80,Car,68434,235784,,,80G Car,5.65
81,Car,68423,250127,,D3,81G Car,6.3
82,Car,68456,250131,,B,82G Car,4.76
83,Car,68518,235786,,,83G Car,6.7
84,Car,69863,250164,,C,84G Car,5.16
85,Car,70200,250174,,,85G Car,6.6
,,70175,235869,,,86G Car,7.0
86,Car,70267,235872,,,86G Car,6.46
87,Car,70839,235917,,,87G Car,5.97
88,Car,70982,250202,,,88G Car,6.12
89,Car,71129,235932,,\epsilon,89G Car,1.86
,,71257,235943,,,90G Car,7.5
90,Car,71405,235952,,,90G Car,6.8
91,Car,71491,235957,,,91G Car,6.6
92,Car,71919,236001,,,92G Car,6.53
93,Car,72303,236028,,,93G Car,6.5
94,Car,72322,236032,,,94G Car,6.36
95,Car,73390,236105,,e1,95G Car,5.26
96,Car,73389,236106,,e2,96G Car,4.86
97,Car,73887,250288,,,97G Car,5.47
,,74148,250291,,,97G Car,6.36
98,Car,74341,236179,,,98G Car,6.34
99,Car,74375,236181,,d,99G Car,4.3
100,Car,74622,236206,,,100G Car,6.29
101,Car,74888,250308,,,101G Car,6.83
102,Car,75086,236241,,,102G Car,6.21
103,Car,75311,236268,,f,103G Car,4.51
104,Car,76113,236339,,,104G Car,5.59
105,Car,76346,236368,,,105G Car,6.02
106,Car,76538,250369,,,106G Car,5.78
107,Car,76640,236402,,,107G Car,6.4
108,Car,76728,250374,,c,108G Car,3.8
109,Car,77002,236436,,b1,109G Car,4.92
,,77002,236440,,,109G Car,6.87
110,Car,77370,236475,,b2,110G Car,5.16
111,Car,77615,250417,,,111G Car,5.79
112,Car,78293,236578,,,112G Car,6.44
113,Car,78632,250441,,,113G Car,6.37
114,Car,78724,236623,,,114G Car,6.7
115,Car,78764,256583,,E,115G Car,4.7
116,Car,78791,256582,,G,116G Car,4.5
117,Car,79351,236693,,a,117G Car,3.4
118,Car,79421,236707,,,118G Car,6.59
119,Car,79447,250471,,i,119G Car,4.0
120,Car,,,,NGC2808,120G Car,6.3
121,Car,79698,236723,,,121G Car,5.54
122,Car,79699,250485,,,122G Car,6.36
123,Car,80007,250495,,\beta,123G Car,1.7
124,Car,80094,236772,,,124G Car,6.02
,,80126,236777,,,125G Car,6.32
125,Car,80230,236787,,g,125G Car,4.34
,,,,,,125G Car,
127,Car,80404,236808,,\iota,127G Car,2.2
128,Car,80671,250526,,,128G Car,5.39
129,Car,80710,250529,,,129G Car,6.11
130,Car,80950,256600,,,130G Car,5.87
131,Car,80951,256599,,,131G Car,5.29
132,Car,81101,250544,,k,132G Car,4.81
133,Car,81502,250561,,,133G Car,6.3
134,Car,81613,250563,,,134G Car,5.99
135,Car,81830,250575,,,135G Car,5.79
136,Car,81896,250572,,,136G Car,6.5
137,Car,82068,250583,,,137G Car,6.07
138,Car,82350,256623,,,138G Car,5.47
139,Car,82347,250590,,,139G Car,5.92
140,Car,82468,250597,,,140G Car,6.56
141,Car,82406,250591,,,141G Car,5.91
142,Car,82458,256625,,,142G Car,6.5
,,82421,237039,,,143G Car,6.8
143,Car,82536,237056,,,143G Car,5.89
144,Car,82858,250611,,,144G Car,6.27
145,Car,82901,250614,,R,145G Car,6.1
146,Car,83095,256634,,H,146G Car,5.47
147,Car,83183,237117,,h,147G Car,4.1
,,83359,250629,,,148G Car,8.0
148,Car,83523,250636,,,148G Car,6.56
149,Car,83834,250647,,,149G Car,6.69
,,83919,250649,,,149G Car,6.9
150,Car,83944,250653,,m,150G Car,4.5
151,Car,84046,250657,,,151G Car,6.43
152,Car,84121,237221,,,152G Car,5.32
153,Car,84152,237224,,,153G Car,5.8
154,Car,84416,250672,,,154G Car,6.4
155,Car,84631,256647,,,155G Car,6.5
156,Car,84809,237314,,,156G Car,6.46
157,Car,84810,250683,,l,157G Car,3.4
158,Car,84850,237321,,,158G Car,6.22
,,84797,250679,,,159G Car,7.8
159,Car,84910,250686,,,159G Car,6.9
160,Car,85123,250695,,\upsilon,160G Car,2.96
161,Car,85655,237418,,,161G Car,5.79
162,Car,85656,250721,,,162G Car,5.57
163,Car,86118,237480,,,163G Car,6.64
164,Car,86199,237497,,,164G Car,6.7
165,Car,86388,250750,,,165G Car,6.6
166,Car,86606,256672,,,166G Car,6.35
167,Car,86659,250761,,,167G Car,6.2
168,Car,87238,237621,,,168G Car,6.2
169,Car,87283,250782,,,169G Car,5.94
170,Car,87436,237640,,,170G Car,6.19
171,Car,87438,250789,,,171G Car,6.42
172,Car,87543,250795,,,172G Car,6.14
173,Car,88176,237722,,,173G Car,6.7
174,Car,88158,250826,,,174G Car,6.46
175,Car,88189,256683,,,175G Car,6.6
176,Car,88323,250836,,,176G Car,5.28
177,Car,88366,250840,,S,177G Car,5.6
178,Car,88473,250844,,,178G Car,5.81
179,Car,88647,237773,,,179G Car,6.4
180,Car,88661,237776,,,180G Car,5.72
,,88591,250853,,,181G Car,7.2
181,Car,88704,250858,,,181G Car,6.9
182,Car,88825,237799,,,182G Car,6.1
183,Car,88907,250875,,,183G Car,6.41
184,Car,88981,250880,,M,184G Car,5.16
185,Car,89080,250885,,\omega,185G Car,3.3
186,Car,89263,237853,,,186G Car,6.22
187,Car,89388,250905,,q,187G Car,3.4
188,Car,89715,250917,,,188G Car,5.67
189,Car,89805,250921,,,189G Car,6.2
190,Car,90074,237990,,,190G Car,6.4
191,Car,90264,250940,,L,191G Car,4.97
192,Car,90454,238046,,,192G Car,5.93
193,Car,90589,256710,,I,193G Car,4.0
194,Car,90630,256711,,,194G Car,6.19
195,Car,90772,238077,,,195G Car,4.66
196,Car,90853,238085,,s,196G Car,3.82
,,90661,250956,,,197G Car,7.08
197,Car,90966,250969,,,197G Car,6.45
,,90855,250967,,,197G Car,7.1
198,Car,90874,250966,,,198G Car,6.01
199,Car,91056,250979,,,199G Car,5.29
200,Car,91270,250992,,,200G Car,6.43
201,Car,91272,250989,,,201G Car,6.19
202,Car,91375,256722,,K,202G Car,4.74
203,Car,91465,251006,,p,203G Car,3.3
204,Car,91496,256723,,,204G Car,4.93
205,Car,91619,238182,,,205G Car,6.13
206,Car,91533,238168,,,206G Car,6.0
207,Car,91767,251014,,,207G Car,6.23
208,Car,91942,238222,,r,208G Car,4.45
209,Car,91969,238230,,,209G Car,6.51
210,Car,92063,238242,,t1,210G Car,5.08
211,Car,92207,238271,,,211G Car,5.46
212,Car,92287,238278,,,212G Car,5.91
213,Car,92397,238295,,t2,213G Car,4.87
214,Car,92399,238296,,,214G Car,6.48
215,Car,92436,238304,,,215G Car,5.92
216,Car,92536,251050,,,216G Car,6.36
217,Car,92664,251059,,,217G Car,5.52
218,Car,92665,256739,,,218G Car,6.8
219,Car,92682,256742,,,219G Car,6.07
220,Car,92740,238353,,,220G Car,6.42
221,Car,92938,251078,,,221G Car,4.82
222,Car,92964,238379,,,222G Car,5.38
,,93010,251085,,,222G Car,6.63
,,93010,251086,,,222G Car,6.2
223,Car,93030,251083,,\theta,223G Car,2.78
224,Car,93070,251090,,w,224G Car,4.57
225,Car,93129,238396,,,225G Car,7.3
226,Car,93131,238394,,,226G Car,6.49
227,Car,93206,238414,,QZ,227G Car,6.24
228,Car,93163,251095,,,228G Car,5.77
229,Car,93194,251096,,,229G Car,4.83
230,Car,93165,256747,,,230G Car,6.9
231,Car,93308,238429,,\eta,231G Car,6.21
232,Car,93344,256750,,,232G Car,6.27
233,Car,93359,256751,,,233G Car,6.46
234,Car,93372,256752,,,234G Car,6.28
235,Car,93502,251113,,,235G Car,6.25
236,Car,93540,251115,,,236G Car,5.34
237,Car,93549,251117,,,237G Car,5.26
238,Car,93607,251120,,,238G Car,4.85
,,93619,238476,,,238G Car,6.94
,,93662,238480,,,238G Car,6.35
239,Car,93695,238483,,,239G Car,6.47
240,Car,93737,238493,,,240G Car,6.0
241,Car,93649,251121,,,241G Car,6.4
242,Car,93739,251127,,,242G Car,6.6
243,Car,93943,238514,,,243G Car,5.91
,,94275,238540,,,244G Car,6.29
244,Car,94367,238557,,,244G Car,5.25
245,Car,94491,238570,,,245G Car,6.27
,,,,,,245G Car,
246,Car,94510,238574,,u,246G Car,3.78
247,Car,94683,251173,,,247G Car,5.93
248,Car,94650,256770,,,248G Car,5.99
249,Car,94776,251178,,T,249G Car,5.92
250,Car,95109,238635,,U,250G Car,6.11
251,Car,95122,251195,,,251G Car,6.6
252,Car,95208,256775,,,252G Car,6.13
253,Car,95324,251205,,,253G Car,6.16
254,Car,96088,238730,,,254G Car,6.17
,,96248,238743,,,254G Car,6.56
,,96446,238766,,,254G Car,6.68
255,Car,96451,256794,,,255G Car,6.9
256,Car,96544,238779,,,256G Car,6.02
257,Car,96566,251269,,z1,257G Car,4.61
258,Car,96568,251267,,,258G Car,6.4
,,96705,256799,,,259G Car,7.2
259,Car,96706,256800,,,259G Car,5.57
260,Car,96918,238813,,x,260G Car,3.9
261,Car,96919,251286,,z2,261G Car,5.14
262,Car,97472,256808,,,262G Car,6.35
263,Car,97534,251316,,y,263G Car,4.6
264,Car,97583,251320,,,264G Car,5.23
265,Car,97670,238877,,,265G Car,5.7
266,Car,98025,238914,,,266G Car,6.43
,,98278,238939,,,266G Car,6.7
,,98329,238946,,,266G Car,7.03
,,98340,238948,,,266G Car,7.14
267,Car,98292,251341,,,267G Car,6.06
268,Car,98560,251357,,,268G Car,5.99
1,Cen,96338,222560,,,1G Cen,6.9
2,Cen,96407,238763,,,2G Cen,6.3
3,Cen,96484,238775,,,3G Cen,6.32
4,Cen,96616,222581,,,4G Cen,5.15
5,Cen,96660,222583,,,5G Cen,6.5
6,Cen,96844,202125,,,6G Cen,7.1
7,Cen,97413,222635,,,7G Cen,6.4
8,Cen,97482,222640,,,8G Cen,6.8
9,Cen,97495,222639,,,9G Cen,5.36
10,Cen,97550,222643,,,10G Cen,6.11
11,Cen,97576,222647,,,11G Cen,5.8
12,Cen,97592,222649,,,12G Cen,7.0
13,Cen,97651,238878,,,13G Cen,5.76
14,Cen,97689,238882,,,14G Cen,6.82
15,Cen,97866,222671,,,15G Cen,6.21
16,Cen,97881,202243,,,16G Cen,7.0
,,97944,222676,,,17G Cen,7.1
17,Cen,98036,222684,,,17G Cen,7.1
18,Cen,98022,222682,,,18G Cen,6.8
19,Cen,98096,222687,,,19G Cen,6.31
20,Cen,98161,202283,,,20G Cen,6.25
21,Cen,98175,222694,,,21G Cen,7.0
22,Cen,98176,222695,,,22G Cen,6.8
23,Cen,98233,202291,,,23G Cen,6.68
24,Cen,98718,238986,,\pi,24G Cen,3.9
25,Cen,98892,222751,,,25G Cen,6.12
,,98937,202378,,,26G Cen,7.5
26,Cen,98993,202391,,,26G Cen,5.0
,,99062,202399,,,26G Cen,7.0
27,Cen,99022,239017,,,27G Cen,5.79
28,Cen,99171,222773,,,28G Cen,6.12
29,Cen,99322,202428,,,29G Cen,5.22
30,Cen,99333,202430,,,30G Cen,5.89
31,Cen,99453,251402,,,31G Cen,5.17
32,Cen,99574,239074,,,32G Cen,5.81
33,Cen,99556,251406,,,33G Cen,5.3
34,Cen,99803,222813,,,34G Cen,5.08
,,99883,251418,,,35G Cen,8.0
35,Cen,99953,251422,,,35G Cen,6.47
36,Cen,100198,251437,,,36G Cen,6.31
37,Cen,100261,239145,,\omicron1,37G Cen,5.13
38,Cen,100262,239146,,\omicron2,38G Cen,5.15
39,Cen,100378,222856,,,39G Cen,5.64
40,Cen,100395,202553,,,40G Cen,6.69
41,Cen,100493,222863,,,41G Cen,5.39
42,Cen,100673,239189,,A,42G Cen,4.62
43,Cen,100708,222883,,,43G Cen,5.5
44,Cen,100733,222887,,C1,44G Cen,5.71
45,Cen,100825,222895,,C2,45G Cen,5.25
46,Cen,100841,251472,,\lambda,46G Cen,3.1
47,Cen,,,,NGC3766,47G Cen,5.3
48,Cen,100894,202623,,,48G Cen,6.8
49,Cen,100911,202627,,,49G Cen,6.32
50,Cen,100929,251479,,,50G Cen,5.83
51,Cen,100954,202633,,,51G Cen,6.9
,,100965,202635,,,51G Cen,7.4
52,Cen,101021,251486,,,52G Cen,5.15
53,Cen,101067,222917,,C3,53G Cen,5.44
,,101131,251500,,,53G Cen,7.16
,,101205,251511,,,53G Cen,6.45
54,Cen,101189,251505,,,54G Cen,5.14
55,Cen,101406,202689,,,55G Cen,6.7
56,Cen,101410,239272,,,56G Cen,6.7
57,Cen,101541,239284,,,57G Cen,5.96
58,Cen,101570,251535,,,58G Cen,4.9
,,101566,222955,,,58G Cen,8.0
,,101614,222962,,,58G Cen,6.87
59,Cen,101615,222960,,,59G Cen,5.55
60,Cen,101883,202744,,,60G Cen,5.98
61,Cen,101947,251555,,,61G Cen,5.06
62,Cen,101995,251559,,,62G Cen,6.1
,,102076,222991,,,63G Cen,7.2
63,Cen,102150,222997,,,63G Cen,6.26
64,Cen,102232,223009,,,64G Cen,5.29
65,Cen,102350,251579,,,65G Cen,4.1
66,Cen,102365,223020,,,66G Cen,4.89
67,Cen,102397,202805,,,67G Cen,6.17
68,Cen,102461,239373,,,68G Cen,5.41
69,Cen,102776,251602,,j,69G Cen,4.32
70,Cen,102878,251605,,,70G Cen,5.7
71,Cen,102964,223062,,B,71G Cen,4.46
72,Cen,102981,223064,,,72G Cen,6.61
73,Cen,102997,251611,,,73G Cen,6.55
74,Cen,103101,239443,,,74G Cen,5.57
75,Cen,103257,202903,,,75G Cen,6.7
76,Cen,103400,239475,,,76G Cen,6.06
77,Cen,103437,202926,,,77G Cen,6.46
78,Cen,103493,239487,,,78G Cen,6.69
79,Cen,103516,251640,,,79G Cen,5.9
80,Cen,103637,202950,,,80G Cen,6.13
81,Cen,103746,223127,,,81G Cen,6.26
82,Cen,103856,223130,,,82G Cen,6.67
83,Cen,103975,223138,,,83G Cen,6.77
84,Cen,104080,223151,,,84G Cen,6.36
85,Cen,104081,239548,,,85G Cen,6.05
86,Cen,104138,223155,,,86G Cen,6.66
87,Cen,104664,223191,,,87G Cen,6.62
88,Cen,104731,223193,,,88G Cen,5.15
89,Cen,104747,203084,,,89G Cen,6.52
90,Cen,104839,239632,,,90G Cen,6.7
91,Cen,105173,203137,,,91G Cen,6.7
92,Cen,105382,239687,,,92G Cen,4.5
93,Cen,105416,223235,,E,93G Cen,5.34
94,Cen,105435,239689,,\delta,94G Cen,2.6
95,Cen,105509,223241,,,95G Cen,5.76
96,Cen,105521,223242,,,96G Cen,5.48
97,Cen,105776,203195,,,97G Cen,6.08
98,Cen,105852,223266,,,98G Cen,6.61
99,Cen,105919,223269,,,99G Cen,6.59
100,Cen,105920,239735,,,100G Cen,6.23
101,Cen,105937,239737,,\rho,101G Cen,4.0
102,Cen,106231,203250,,,102G Cen,5.76
103,Cen,106321,223297,,D,103G Cen,5.31
104,Cen,106572,223309,,,104G Cen,6.23
105,Cen,106869,223335,,,105G Cen,6.82
106,Cen,106922,203319,,,106G Cen,6.15
107,Cen,106970,239822,,,107G Cen,6.9
108,Cen,107079,239838,,F,108G Cen,5.0
109,Cen,107422,223366,,,109G Cen,6.83
110,Cen,107524,223379,,,110G Cen,6.5
111,Cen,107692,203408,,,111G Cen,6.7
112,Cen,107833,203421,,,112G Cen,6.39
113,Cen,107832,203420,,x1,113G Cen,5.32
114,Cen,107860,203424,,,114G Cen,5.79
,,107914,203431,,,114G Cen,6.9
115,Cen,107931,223411,,,115G Cen,6.7
116,Cen,107998,223417,,,116G Cen,6.25
117,Cen,108063,223426,,,117G Cen,6.11
118,Cen,108114,203450,,x2,118G Cen,5.73
119,Cen,108257,239948,,G,119G Cen,4.82
120,Cen,108309,223443,,,120G Cen,6.26
121,Cen,108483,223454,,\sigma,121G Cen,3.91
122,Cen,108541,203508,,u,122G Cen,5.44
123,Cen,108759,223471,,,123G Cen,6.02
124,Cen,109195,240050,,,124G Cen,6.6
125,Cen,109241,223511,,,125G Cen,6.7
126,Cen,109312,223516,,,126G Cen,6.38
127,Cen,109409,223527,,,127G Cen,5.77
128,Cen,109536,223542,,,128G Cen,5.16
129,Cen,109573,203621,,,129G Cen,5.8
130,Cen,109675,240089,,,130G Cen,6.6
131,Cen,109787,223560,,\tau,131G Cen,3.9
132,Cen,110073,203681,,l,132G Cen,4.64
133,Cen,110287,223601,,,133G Cen,5.84
134,Cen,110304,223603,,\gamma,134G Cen,2.2
135,Cen,110372,240165,,,135G Cen,6.6
136,Cen,110458,223614,,w,136G Cen,4.66
137,Cen,110575,203746,,,137G Cen,6.45
138,Cen,110653,203756,,,138G Cen,6.39
139,Cen,110924,240229,,,139G Cen,6.7
140,Cen,111032,203797,,,140G Cen,5.86
141,Cen,111519,223698,,,141G Cen,6.27
142,Cen,111588,240314,,,142G Cen,5.71
143,Cen,111597,203863,,p,143G Cen,4.91
144,Cen,111775,223720,,,144G Cen,6.33
145,Cen,111774,203881,,,145G Cen,5.98
,,111737,203877,,,146G Cen,7.3
146,Cen,111748,203879,,,146G Cen,6.9
147,Cen,111790,240338,,,147G Cen,6.24
148,Cen,111884,240347,,,148G Cen,5.93
149,Cen,111915,223731,,e,149G Cen,4.33
150,Cen,111968,203907,,n,150G Cen,4.3
151,Cen,112164,223753,,,151G Cen,5.89
,,111984,223737,,,152G Cen,7.3
152,Cen,112213,223760,,,152G Cen,5.47
153,Cen,112305,203947,,,153G Cen,6.9
154,Cen,112361,223774,,,154G Cen,6.75
155,Cen,112381,240405,,,155G Cen,6.51
156,Cen,112409,240407,,H,156G Cen,5.16
157,Cen,112565,223793,,,157G Cen,6.9
158,Cen,112563,203979,,,158G Cen,6.8
159,Cen,112657,203996,,,159G Cen,7.0
160,Cen,112865,204016,,,160G Cen,7.0
161,Cen,112934,204030,,,161G Cen,6.6
162,Cen,112935,204029,,,162G Cen,6.03
163,Cen,113005,204040,,,163G Cen,7.0
164,Cen,113104,204049,,,164G Cen,6.7
165,Cen,113314,223870,,\xi1,165G Cen,4.84
166,Cen,113457,252144,,,166G Cen,6.64
167,Cen,113523,223881,,,167G Cen,6.26
168,Cen,113537,223885,,,168G Cen,6.44
169,Cen,113602,240535,,,169G Cen,6.43
170,Cen,113686,240544,,,170G Cen,7.0
171,Cen,113703,223900,,f,171G Cen,4.71
172,Cen,113778,223905,,,172G Cen,5.59
173,Cen,113791,223909,,\xi2,173G Cen,4.27
174,Cen,113823,240566,,,174G Cen,5.99
175,Cen,113820,204128,,,175G Cen,6.7
176,Cen,113852,204132,,,176G Cen,5.65
177,Cen,113902,240573,,,177G Cen,5.71
178,Cen,114351,240623,,,178G Cen,6.7
179,Cen,114365,240627,,,179G Cen,6.06
180,Cen,114461,252187,,,180G Cen,6.34
181,Cen,114435,223960,,,181G Cen,5.79
182,Cen,114474,223966,,,182G Cen,5.25
183,Cen,114529,240645,,,183G Cen,4.6
184,Cen,114509,204212,,,184G Cen,6.6
185,Cen,114613,204227,,,185G Cen,4.85
186,Cen,114630,240653,,,186G Cen,6.21
187,Cen,114707,223980,,,187G Cen,6.22
188,Cen,114729,204237,,,188G Cen,6.69
189,Cen,114772,240655,,,189G Cen,5.89
190,Cen,114835,240663,,,190G Cen,5.89
191,Cen,114837,240666,,,191G Cen,4.92
,,114797,223985,,,192G Cen,9.1
192,Cen,114873,223989,,,192G Cen,6.16
193,Cen,114971,224000,,,193G Cen,5.89
194,Cen,115050,204282,,,194G Cen,6.19
195,Cen,115310,204312,,r,195G Cen,5.1
196,Cen,115331,224032,,,196G Cen,5.84
,,115470,224047,,,196G Cen,7.3
197,Cen,115415,224043,,,197G Cen,6.66
198,Cen,115529,240721,,,198G Cen,6.19
199,Cen,115527,224051,,,199G Cen,6.9
200,Cen,115778,240756,,,200G Cen,6.21
201,Cen,115773,224066,,,201G Cen,6.75
202,Cen,115823,240762,,,202G Cen,5.48
203,Cen,115842,240765,,,203G Cen,6.02
204,Cen,115892,204371,,\iota,204G Cen,2.7
205,Cen,115912,224080,,,205G Cen,5.77
206,Cen,115988,224083,,,206G Cen,6.7
207,Cen,116072,252283,,,207G Cen,6.18
208,Cen,116087,252284,,J,208G Cen,4.53
209,Cen,116084,240782,,,209G Cen,5.83
210,Cen,116226,224096,,,210G Cen,6.38
211,Cen,116197,224095,,,211G Cen,6.16
212,Cen,116337,224106,,,212G Cen,6.8
213,Cen,116278,204420,,,213G Cen,6.22
214,Cen,116243,252293,,m,214G Cen,4.5
215,Cen,116457,252304,,,215G Cen,5.31
216,Cen,116717,224138,,,216G Cen,6.7
217,Cen,116713,204465,,,217G Cen,5.09
218,Cen,116743,204469,,,218G Cen,6.8
219,Cen,,,,\omega,219G Cen,3.65
220,Cen,116836,224149,,,220G Cen,6.31
221,Cen,116835,224148,,,221G Cen,5.69
222,Cen,116862,224151,,,222G Cen,6.3
223,Cen,116873,204483,,,223G Cen,6.4
224,Cen,117150,240883,,K,224G Cen,5.06
225,Cen,117145,224175,,,225G Cen,6.62
226,Cen,117193,224179,,,226G Cen,6.9
227,Cen,117440,204545,,d,227G Cen,3.88
228,Cen,117483,224214,,,228G Cen,6.5
229,Cen,117597,204561,,,229G Cen,6.16
230,Cen,117807,224243,,,230G Cen,6.6
231,Cen,117851,204597,,,231G Cen,6.8
232,Cen,117919,224254,,,232G Cen,6.33
233,Cen,118010,204612,,,233G Cen,6.44
234,Cen,118084,204623,,,234G Cen,6.8
235,Cen,118261,252387,,,235G Cen,5.63
236,Cen,118338,224275,,,236G Cen,5.98
237,Cen,118319,204653,,,237G Cen,6.5
238,Cen,118384,241013,,,238G Cen,6.42
239,Cen,118354,224283,,,239G Cen,5.9
240,Cen,118450,241018,,,240G Cen,6.65
241,Cen,118434,204667,,,241G Cen,7.26
,,118465,204673,,,241G Cen,7.2
242,Cen,118520,241026,,,242G Cen,6.01
243,Cen,118666,252400,,,243G Cen,5.79
244,Cen,118648,204692,,,244G Cen,6.99
245,Cen,118716,241047,,\epsilon,245G Cen,2.3
246,Cen,118767,224317,,,246G Cen,6.0
247,Cen,118781,204708,,,247G Cen,6.27
248,Cen,118799,204712,,,248G Cen,5.6
249,Cen,118878,224322,,,249G Cen,6.7
250,Cen,118991,241076,,Q,250G Cen,5.01
251,Cen,118978,241080,,,251G Cen,5.4
,,,252413,,,251G Cen,8.1
,,,252421,,,251G Cen,6.8
,,119076,252422,,,251G Cen,6.87
,,119164,252426,,,251G Cen,7.19
252,Cen,119090,204739,,T,252G Cen,6.05
253,Cen,119159,241096,,,253G Cen,6.0
254,Cen,119193,241098,,,254G Cen,6.41
,,119191,204749,,,254G Cen,6.67
255,Cen,119103,224349,,,255G Cen,7.11
,,119221,224355,,,255G Cen,7.24
256,Cen,119250,224359,,,256G Cen,5.98
257,Cen,119283,241114,,,257G Cen,6.6
258,Cen,119361,224365,,,258G Cen,5.98
259,Cen,119419,241120,,,259G Cen,6.47
260,Cen,119415,204777,,,260G Cen,7.0
261,Cen,119646,252439,,,261G Cen,6.62
,,,,,,262G Cen,
,,119682,252441,,,262G Cen,9.7
,,,,,,262G Cen,
262,Cen,119699,252442,,,262G Cen,6.61
263,Cen,119727,241152,,,263G Cen,6.5
264,Cen,119796,252448,,,264G Cen,6.51
265,Cen,119756,204812,1,i,265G Cen,4.23
266,Cen,119834,241157,,M,266G Cen,4.65
267,Cen,119921,204835,,z,267G Cen,5.15
268,Cen,119938,241173,,,268G Cen,5.91
269,Cen,119971,241177,,,269G Cen,5.46
270,Cen,120207,204864,,,270G Cen,6.8
271,Cen,120237,204867,,,271G Cen,6.52
,,120272,224458,,,271G Cen,7.0
,,120287,224463,,,271G Cen,7.1
272,Cen,120307,224469,,\nu,272G Cen,3.4
273,Cen,120324,224471,,\mu,273G Cen,2.9
274,Cen,120323,204875,2,g,274G Cen,4.19
275,Cen,120457,204888,,,275G Cen,6.44
,,120483,204892,,,276G Cen,7.4
276,Cen,120534,204900,,,276G Cen,7.0
277,Cen,120642,241239,,N,277G Cen,5.25
278,Cen,120640,224489,,,278G Cen,5.77
279,Cen,120672,204911,,,279G Cen,6.35
280,Cen,120709,204916,3,k,280G Cen,4.56
281,Cen,120710,204917,3,k,281G Cen,6.06
282,Cen,120759,204922,,,282G Cen,6.12
283,Cen,120908,241262,,,283G Cen,5.89
284,Cen,120955,204944,4,f,284G Cen,4.73
285,Cen,120991,224514,,,285G Cen,6.1
286,Cen,120987,204955,,y,286G Cen,5.54
287,Cen,121056,204963,,,287G Cen,6.19
288,Cen,121190,241294,,,288G Cen,5.71
289,Cen,121263,224538,,\zeta,289G Cen,2.6
290,Cen,121336,241309,,,290G Cen,6.14
291,Cen,121384,241315,,,291G Cen,6.01
,,121240,241299,,,291G Cen,7.6
,,121402,241313,,,291G Cen,6.9
292,Cen,121397,204994,,,292G Cen,6.51
293,Cen,121416,224555,,,293G Cen,5.83
294,Cen,121474,252531,,,294G Cen,4.71
295,Cen,121483,224560,,,295G Cen,6.95
296,Cen,121743,224577,,\phi,296G Cen,3.8
297,Cen,121790,224585,,\upsilon1,297G Cen,3.9
298,Cen,121853,241352,,,298G Cen,5.91
299,Cen,121901,252552,,,299G Cen,6.49
300,Cen,122015,224606,,,300G Cen,6.7
301,Cen,122158,224618,,,301G Cen,6.8
302,Cen,122210,205096,,,302G Cen,6.13
303,Cen,122223,224621,,\upsilon2,303G Cen,4.3
304,Cen,122451,252582,,\beta,304G Cen,0.6
305,Cen,122438,241403,,,305G Cen,5.92
306,Cen,122510,205123,,,306G Cen,6.18
307,Cen,122532,224641,,,307G Cen,6.11
308,Cen,122666,224651,,,308G Cen,7.0
,,,,,,308G Cen,
309,Cen,122844,241430,,,309G Cen,6.18
,,122664,205138,,,309G Cen,8.6
,,122683,205139,,,309G Cen,7.2
310,Cen,122879,241439,,,310G Cen,6.42
,,122926,241443,,,310G Cen,7.7
311,Cen,122980,224673,,\chi,311G Cen,4.4
312,Cen,123004,224676,,,312G Cen,6.2
313,Cen,123151,252616,,,313G Cen,6.4
314,Cen,123139,205188,5,\theta,314G Cen,2.06
315,Cen,,,,NGC5460,315G Cen,5.6
316,Cen,123227,224702,,,316G Cen,6.5
317,Cen,123247,224703,,,317G Cen,6.49
318,Cen,123335,241478,,,318G Cen,6.3
319,Cen,123445,224721,,,319G Cen,6.17
320,Cen,123515,241491,,,320G Cen,6.0
,,,,,,320G Cen,
321,Cen,123569,241496,,,321G Cen,4.75
322,Cen,123746,205253,,,322G Cen,6.76
323,Cen,123888,205270,,,323G Cen,6.6
,,123990,205284,,,323G Cen,7.4
324,Cen,124147,241543,,,324G Cen,5.56
325,Cen,124195,241552,,,325G Cen,6.06
326,Cen,124176,224767,,,326G Cen,6.9
327,Cen,124314,252665,,,327G Cen,6.64
328,Cen,124367,241563,,,328G Cen,5.1
329,Cen,124454,241569,,,329G Cen,6.39
330,Cen,124433,224791,,,330G Cen,5.61
331,Cen,124601,241580,,R,331G Cen,6.39
332,Cen,124580,224798,,,332G Cen,6.31
333,Cen,124780,205371,,,333G Cen,6.57
334,Cen,125158,252703,,,334G Cen,5.23
335,Cen,125150,205412,,,335G Cen,6.54
336,Cen,125288,241641,,v,336G Cen,4.3
337,Cen,125283,205430,,,337G Cen,5.94
338,Cen,125473,205453,,\psi,338G Cen,4.0
,,125495,224849,,,339G Cen,8.0
339,Cen,125494,224851,,,339G Cen,7.4
340,Cen,125628,241673,,,340G Cen,4.92
341,Cen,125745,205485,,,341G Cen,5.56
,,125805,205495,,,342G Cen,6.8
342,Cen,125823,205497,,a,342G Cen,4.42
343,Cen,125866,224884,,,343G Cen,7.09
,,125950,224892,,,343G Cen,7.6
344,Cen,126135,224905,,,344G Cen,6.96
345,Cen,126089,205523,,,345G Cen,6.8
,,126313,205541,,,345G Cen,7.58
346,Cen,126194,205531,,,346G Cen,6.69
347,Cen,126386,224923,,,347G Cen,6.32
348,Cen,126475,205561,,,348G Cen,6.37
349,Cen,126610,241737,,,349G Cen,6.45
350,Cen,127152,224982,,,350G Cen,6.39
351,Cen,127193,205637,,,351G Cen,5.97
352,Cen,127624,205681,,,352G Cen,6.09
353,Cen,127672,205690,,,353G Cen,7.0
354,Cen,127724,241811,,,354G Cen,6.4
355,Cen,127716,225027,,,355G Cen,6.6
356,Cen,127972,225044,,\eta,356G Cen,2.31
357,Cen,127971,225046,,,357G Cen,5.87
358,Cen,128152,205744,,,358G Cen,6.13
359,Cen,128207,205751,,,359G Cen,5.74
360,Cen,128398,241873,,,360G Cen,6.6
361,Cen,128488,205786,,,361G Cen,6.02
362,Cen,128532,205789,,,362G Cen,6.78
363,Cen,128620,252838,,\alpha1,363G Cen,-0.01
364,Cen,128621,,,\alpha2,364G Cen,1.33
365,Cen,128713,241898,,,365G Cen,6.3
366,Cen,128819,225106,,,366G Cen,6.65
367,Cen,128974,205823,,,367G Cen,5.67
368,Cen,129116,205839,,b,368G Cen,4.0
369,Cen,129161,205841,,,369G Cen,6.37
370,Cen,129216,205846,,,370G Cen,6.65
371,Cen,129456,205871,,c1,371G Cen,4.05
372,Cen,129685,205899,,c2,372G Cen,4.92
373,Cen,130055,205937,,,373G Cen,5.94
374,Cen,130163,205948,,,374G Cen,6.92
375,Cen,130328,205966,,,375G Cen,6.04
376,Cen,131120,206037,,,376G Cen,5.03
377,Cen,131117,206035,,,377G Cen,6.29
378,Cen,131165,206048,,,378G Cen,6.6
379,Cen,131399,206071,,,379G Cen,7.04
380,Cen,131432,206079,,,380G Cen,5.82
381,Cen,131625,206099,,,381G Cen,5.32
382,Cen,131752,206110,,,382G Cen,6.36
383,Cen,131774,206112,,,383G Cen,6.06
384,Cen,132096,206154,,,384G Cen,6.15
385,Cen,132200,225344,,\kappa,385G Cen,3.1
386,Cen,132238,206167,,,386G Cen,6.47
387,Cen,132347,206173,,,387G Cen,6.8
388,Cen,132604,206208,,,388G Cen,5.89
389,Cen,132763,206223,,,389G Cen,6.22
1,Cet,224283,192252,,,1G Cet,6.31
2,Cet,224349,192264,,,2G Cet,6.5
3,Cet,224481,165972,1,,3G Cet,6.26
4,Cet,225045,166014,,,4G Cet,6.26
5,Cet,225069,166016,,,5G Cet,6.44
6,Cet,225132,147059,2,,6G Cet,4.6
7,Cet,225197,147064,,,7G Cet,5.78
8,Cet,225212,147066,3,,8G Cet,4.94
9,Cet,203,166053,,,9G Cet,6.18
10,Cet,256,147090,,,10G Cet,6.23
11,Cet,319,166066,,,11G Cet,5.94
12,Cet,360,128604,,,12G Cet,5.99
13,Cet,402,147103,,,13G Cet,6.06
14,Cet,645,147127,,,14G Cet,5.85
15,Cet,693,147133,6,,15G Cet,4.89
16,Cet,731,147136,,,16G Cet,6.8
17,Cet,780,147142,,,17G Cet,6.6
18,Cet,787,147144,,,18G Cet,5.25
19,Cet,877,166120,,,19G Cet,6.6
20,Cet,941,166132,,,20G Cet,7.0
21,Cet,1000,166138,,,21G Cet,6.91
22,Cet,1014,128655,,AD,22G Cet,5.12
23,Cet,1015,147167,,,23G Cet,6.9
24,Cet,1037,147170,,,24G Cet,6.64
25,Cet,1038,147169,7,AE,25G Cet,4.44
26,Cet,1051,147175,,,26G Cet,6.9
27,Cet,1064,128660,,,27G Cet,5.75
28,Cet,1256,166167,,,28G Cet,6.5
29,Cet,1343,147205,,,29G Cet,6.46
30,Cet,1388,147208,,,30G Cet,6.5
31,Cet,1431,166174,,,31G Cet,6.68
32,Cet,1461,128690,,,32G Cet,6.46
33,Cet,1522,128694,8,\iota,33G Cet,3.54
34,Cet,1539,128696,,,34G Cet,7.15
35,Cet,1667,166201,,,35G Cet,6.8
36,Cet,1760,166210,,T,36G Cet,5.12
37,Cet,1835,147237,9,,37G Cet,6.38
38,Cet,1879,147241,,,38G Cet,6.45
39,Cet,2268,147275,,,39G Cet,6.25
40,Cet,2273,128760,10,,40G Cet,6.19
41,Cet,2324,128766,,,41G Cet,7.1
42,Cet,2395,166285,,,42G Cet,6.8
43,Cet,2475,166296,,,43G Cet,6.44
44,Cet,2488,147292,,,44G Cet,6.9
45,Cet,2593,128784,,,45G Cet,7.0
46,Cet,2612,128787,,,46G Cet,7.0
47,Cet,2630,147307,,,47G Cet,6.14
48,Cet,2637,128791,12,,48G Cet,5.72
49,Cet,2696,166318,,,49G Cet,5.19
50,Cet,2760,147317,,,50G Cet,6.86
,,2761,147318,,,50G Cet,8.9
51,Cet,2830,128806,,,51G Cet,7.03
52,Cet,3125,128831,,,52G Cet,7.01
53,Cet,3126,128830,,,53G Cet,6.8
54,Cet,3196,128839,13,,54G Cet,5.2
55,Cet,3229,128843,14,,55G Cet,5.93
56,Cet,3296,128852,,,56G Cet,6.61
57,Cet,3325,147360,,,57G Cet,6.45
58,Cet,3326,166400,,,58G Cet,6.06
59,Cet,3443,166418,,,59G Cet,5.57
60,Cet,3512,128868,15,,60G Cet,6.68
61,Cet,3580,166438,,,61G Cet,6.74
62,Cet,3708,147387,,,62G Cet,6.8
63,Cet,3794,147395,,,63G Cet,6.49
64,Cet,3795,166475,,,64G Cet,6.14
65,Cet,3807,128891,,,65G Cet,5.91
66,Cet,3975,147408,,,66G Cet,6.9
67,Cet,4048,147415,,,67G Cet,6.54
68,Cet,4061,128916,,,68G Cet,7.4
69,Cet,4097,128917,,,69G Cet,7.5
,,4120,128920,,,69G Cet,9.5
70,Cet,4128,147420,16,\beta,70G Cet,2.04
71,Cet,4145,147422,,,71G Cet,6.02
72,Cet,4188,147423,17,\phi1,72G Cet,4.76
73,Cet,4247,166528,,,73G Cet,5.22
74,Cet,4301,128935,,,74G Cet,6.15
75,Cet,4307,147432,18,,75G Cet,6.15
76,Cet,4338,147436,,,76G Cet,6.47
77,Cet,4398,166555,,,77G Cet,5.5
78,Cet,4585,147451,,,78G Cet,5.7
79,Cet,4622,166585,,,79G Cet,5.57
80,Cet,4732,166602,,,80G Cet,5.9
81,Cet,4730,147464,,,81G Cet,5.59
,,4747,166607,,,83G Cet,7.17
82,Cet,4772,166608,,,82G Cet,6.3
83,Cet,4790,128974,,,83G Cet,6.7
84,Cet,4813,147470,19,\phi2,84G Cet,5.19
85,Cet,4915,128986,,,85G Cet,6.76
86,Cet,4939,128989,,,86G Cet,7.1
87,Cet,4965,128991,,,87G Cet,7.28
88,Cet,5098,166647,,,88G Cet,5.46
89,Cet,5112,129009,20,,89G Cet,4.77
90,Cet,5156,166651,,,90G Cet,6.45
91,Cet,5181,129015,,,91G Cet,6.6
92,Cet,5268,129019,21,,92G Cet,6.2
93,Cet,5384,129032,,,93G Cet,5.85
94,Cet,5437,147519,22,\phi3,94G Cet,5.31
95,Cet,5506,129044,,,95G Cet,7.0
96,Cet,5624,129050,,,96G Cet,6.51
97,Cet,5617,147537,,,97G Cet,6.9
,,5616,147538,,,97G Cet,7.59
,,5659,147543,,,97G Cet,7.79
98,Cet,5720,129056,,,98G Cet,6.57
99,Cet,5722,147546,23,\phi4,99G Cet,5.61
100,Cet,5919,129076,,,100G Cet,6.88
101,Cet,6037,147572,,,101G Cet,6.47
102,Cet,6203,129094,25,,102G Cet,5.43
103,Cet,6288,109643,26,,103G Cet,6.04
104,Cet,6482,147601,27,,104G Cet,6.12
105,Cet,6530,147606,28,,105G Cet,5.58
106,Cet,6559,166799,,,106G Cet,6.14
107,Cet,6651,129128,,,107G Cet,7.0
108,Cet,6668,166814,,,108G Cet,6.35
109,Cet,6706,147622,30,,109G Cet,5.82
110,Cet,6734,109694,29,,110G Cet,6.46
111,Cet,6805,147632,31,\eta,111G Cet,3.45
112,Cet,6976,129154,32,,112G Cet,6.4
113,Cet,7014,109715,33,,113G Cet,5.95
114,Cet,7147,129169,34,,114G Cet,5.94
115,Cet,7218,109727,35,,115G Cet,6.8
116,Cet,7268,129177,36,,116G Cet,6.6
117,Cet,7398,147682,,,117G Cet,6.8
118,Cet,7439,129193,37,,118G Cet,5.13
119,Cet,7476,129196,38,,119G Cet,5.7
120,Cet,7551,109764,,,120G Cet,6.7
121,Cet,7672,129204,39,,121G Cet,5.41
122,Cet,7727,129210,40,,122G Cet,6.52
123,Cet,7812,129217,41,,123G Cet,6.9
124,Cet,8036,129235,42,,124G Cet,5.87
125,Cet,8070,147742,,,125G Cet,6.6
126,Cet,8071,147741,,,126G Cet,6.7
127,Cet,8120,129239,,,127G Cet,6.23
128,Cet,8121,147746,,,128G Cet,6.15
129,Cet,8142,147750,,,129G Cet,7.0
130,Cet,8202,129246,,,130G Cet,6.95
131,Cet,8334,109834,,,131G Cet,6.2
132,Cet,8335,129262,43,,132G Cet,6.49
133,Cet,8350,147767,,,133G Cet,6.35
134,Cet,8487,167011,,,134G Cet,6.65
135,Cet,8511,129275,44,,135G Cet,6.21
136,Cet,8512,129274,45,\theta,136G Cet,3.6
137,Cet,8556,129277,,,137G Cet,5.91
138,Cet,8599,129280,,,138G Cet,6.15
139,Cet,8589,147793,,,139G Cet,6.14
140,Cet,8627,129283,,,140G Cet,6.74
141,Cet,8705,147803,46,,141G Cet,4.85
142,Cet,8713,129292,,,142G Cet,6.7
143,Cet,8728,129293,,,143G Cet,6.8
144,Cet,8779,129300,,,144G Cet,6.41
145,Cet,8829,147812,47,,145G Cet,5.66
146,Cet,8877,129311,,,146G Cet,7.3
147,Cet,8895,167056,,,147G Cet,6.8
148,Cet,8896,167055,,,148G Cet,6.5
149,Cet,8921,147819,,,149G Cet,6.12
150,Cet,8943,129315,,,150G Cet,6.9
151,Cet,8959,167062,,,151G Cet,6.7
152,Cet,8972,147824,,,152G Cet,6.9
153,Cet,9061,147831,,,153G Cet,6.6
154,Cet,9063,167078,,,154G Cet,7.02
155,Cet,9101,129325,,,155G Cet,7.3
156,Cet,9139,129331,,,156G Cet,6.74
157,Cet,9132,167086,48,,157G Cet,5.12
158,Cet,9261,129342,,,158G Cet,7.0
159,Cet,9315,147860,,,159G Cet,7.2
160,Cet,9359,129352,,,160G Cet,7.7
161,Cet,9411,167116,,,161G Cet,7.24
162,Cet,9336,147861,,,162G Cet,6.82
,,9337,147862,,,162G Cet,7.3
163,Cet,9484,129363,,,163G Cet,6.59
164,Cet,9540,167134,,,164G Cet,6.96
165,Cet,9562,129371,,,165G Cet,5.8
166,Cet,9690,129387,,,166G Cet,6.7
167,Cet,9672,147886,49,,167G Cet,5.62
168,Cet,9731,167153,,,168G Cet,6.4
169,Cet,9856,147901,50,,169G Cet,5.42
170,Cet,10009,129412,,,170G Cet,6.24
171,Cet,10024,129415,,,171G Cet,6.7
172,Cet,10148,167198,,,172G Cet,5.58
173,Cet,10315,129442,,,173G Cet,6.9
174,Cet,10453,147962,,,174G Cet,5.74
175,Cet,10550,129465,,,175G Cet,4.99
176,Cet,10658,129477,,,176G Cet,6.19
177,Cet,10700,147986,52,\tau,177G Cet,3.5
178,Cet,10725,129482,,,178G Cet,6.5
179,Cet,10824,129490,,,179G Cet,5.34
180,Cet,10920,148008,,,180G Cet,6.8
181,Cet,10998,167298,,,181G Cet,6.55
182,Cet,11171,148036,53,\chi,182G Cet,4.65
183,Cet,11226,129526,,,183G Cet,7.2
184,Cet,11247,148049,,,184G Cet,7.0
185,Cet,11353,148059,54,\zeta,185G Cet,3.73
186,Cet,11365,129539,,,186G Cet,6.5
187,Cet,11396,148069,,,187G Cet,6.5
188,Cet,11522,148078,,,188G Cet,5.79
189,Cet,11803,110235,,,189G Cet,6.01
190,Cet,11930,167416,56,,190G Cet,4.85
191,Cet,11964,148123,,,191G Cet,6.42
192,Cet,12020,129588,58,,192G Cet,6.6
193,Cet,12116,148139,,,193G Cet,6.6
194,Cet,12180,167451,,,194G Cet,6.8
195,Cet,12204,148144,,,195G Cet,7.0
196,Cet,12255,167466,57,,196G Cet,5.41
197,Cet,12274,167471,59,\upsilon,197G Cet,4.0
198,Cet,12292,129624,,AR,198G Cet,5.51
,,12328,129630,,,198G Cet,7.1
199,Cet,12538,129649,,,199G Cet,7.0
200,Cet,12561,167512,,,200G Cet,6.97
201,Cet,12573,129655,60,,201G Cet,5.43
202,Cet,12583,148170,,,202G Cet,5.86
203,Cet,12642,129665,,,203G Cet,5.62
204,Cet,12641,129667,61,,204G Cet,5.93
205,Cet,12702,148180,,,205G Cet,6.6
206,Cet,12901,148199,,,206G Cet,6.6
207,Cet,12923,129695,,,207G Cet,6.28
208,Cet,12998,129701,,,208G Cet,6.7
209,Cet,13004,148210,,,209G Cet,6.5
210,Cet,13043,129706,,,210G Cet,6.87
211,Cet,13141,148231,,,211G Cet,6.9
212,Cet,13155,129717,,,212G Cet,6.5
213,Cet,13215,148237,,,213G Cet,6.1
214,Cet,13285,110378,,,214G Cet,6.9
215,Cet,13421,110390,64,,215G Cet,5.6
216,Cet,13442,148257,,,216G Cet,6.73
217,Cet,13467,110395,,,217G Cet,6.7
218,Cet,13468,129739,63,,218G Cet,5.93
219,Cet,13456,148262,,,219G Cet,6.01
220,Cet,13523,148265,,,220G Cet,6.7
221,Cet,13546,110403,,,221G Cet,6.6
222,Cet,13511,148264,,,222G Cet,6.6
,,13568,148270,,,222G Cet,7.4
223,Cet,13611,110408,65,\xi1,223G Cet,4.34
224,Cet,13612,129752,66,,224G Cet,5.68
225,Cet,13683,110415,,,225G Cet,6.5
226,Cet,13692,167637,,,226G Cet,5.86
227,Cet,13763,129765,,,227G Cet,6.6
228,Cet,13885,110428,,,228G Cet,6.8
229,Cet,13936,129781,,,229G Cet,6.55
230,Cet,14044,148304,,,230G Cet,7.24
231,Cet,14129,129798,67,,231G Cet,5.51
232,Cet,14214,110456,,,232G Cet,5.58
233,Cet,14386,129825,68,\omicron,233G Cet,3.04
234,Cet,14417,129830,,,234G Cet,6.5
235,Cet,14628,167722,,,235G Cet,6.5
236,Cet,14652,110495,69,,236G Cet,5.28
237,Cet,14690,129858,70,,237G Cet,5.42
238,Cet,14691,148354,,,238G Cet,5.46
239,Cet,14728,148356,,,239G Cet,5.87
240,Cet,14830,148366,,,240G Cet,6.22
241,Cet,14840,129868,,,241G Cet,7.0
242,Cet,14938,129879,,,242G Cet,7.22
243,Cet,14940,148373,,,243G Cet,6.6
244,Cet,15005,129887,,,244G Cet,6.9
245,Cet,15004,129888,71,,245G Cet,6.33
246,Cet,15115,110532,,,246G Cet,6.76
247,Cet,15130,148385,72,\rho,247G Cet,4.89
248,Cet,15144,148386,,,248G Cet,5.83
249,Cet,15228,110537,,,249G Cet,6.49
250,Cet,15220,167795,,,250G Cet,5.88
251,Cet,15318,110543,73,\xi2,251G Cet,4.28
252,Cet,15328,110542,,,252G Cet,6.45
253,Cet,15432,148408,,,253G Cet,7.0
254,Cet,15453,110565,,,254G Cet,6.07
255,Cet,15515,167823,,,255G Cet,7.2
256,Cet,15633,110583,,,256G Cet,6.0
257,Cet,15588,167832,,,257G Cet,6.77
258,Cet,15652,167839,,,258G Cet,6.1
259,Cet,15694,110589,,,259G Cet,5.25
260,Cet,15779,129959,75,,260G Cet,5.35
261,Cet,15798,148445,76,\sigma,261G Cet,4.75
262,Cet,15995,148469,,,262G Cet,6.9
263,Cet,15996,167878,,,263G Cet,6.21
264,Cet,16060,110625,,,264G Cet,6.18
265,Cet,16074,129984,77,,265G Cet,5.75
266,Cet,16093,167885,,,266G Cet,7.0
267,Cet,16141,129992,79,,267G Cet,6.78
268,Cet,16160,110636,,,268G Cet,5.82
269,Cet,16152,129994,,,269G Cet,7.16
270,Cet,16161,110635,78,\nu,270G Cet,4.86
271,Cet,16212,130004,80,,271G Cet,5.53
272,Cet,16247,110640,,,272G Cet,5.81
273,Cet,16263,167903,,,273G Cet,7.1
274,Cet,16295,148499,,,274G Cet,6.9
275,Cet,16356,167918,,,275G Cet,7.0
276,Cet,16399,110653,,,276G Cet,6.4
277,Cet,16400,130026,81,,277G Cet,5.65
278,Cet,16446,167931,,,278G Cet,6.78
279,Cet,16467,110655,,,279G Cet,6.21
280,Cet,16526,167939,,,280G Cet,7.0
281,Cet,16548,130036,,,281G Cet,7.11
282,Cet,16569,148523,,,282G Cet,6.7
283,Cet,16582,110665,82,\delta,283G Cet,4.07
284,Cet,16620,148528,83,\epsilon,284G Cet,4.82
285,Cet,16647,110673,,,285G Cet,6.25
286,Cet,16673,130047,,,286G Cet,5.78
287,Cet,16723,148538,,,287G Cet,6.6
288,Cet,16765,130055,84,,288G Cet,5.71
289,Cet,16824,130061,,,289G Cet,6.05
290,Cet,16825,148550,,,290G Cet,5.98
291,Cet,16970,110707,86,\gamma,291G Cet,3.47
292,Cet,,,86,\gamma,292G Cet,6.2
293,Cet,17001,130079,,,293G Cet,6.6
294,Cet,17039,130083,,,294G Cet,6.6
295,Cet,17094,110723,87,\mu,295G Cet,4.2
296,Cet,17081,148575,89,\pi,296G Cet,4.25
297,Cet,17163,110730,,,297G Cet,6.03
298,Cet,17207,168021,,,298G Cet,7.2
299,Cet,17616,110775,,,299G Cet,6.79
300,Cet,17986,110817,,,300G Cet,6.7
301,Cet,18012,110816,,,301G Cet,6.74
302,Cet,18145,130181,,,302G Cet,6.52
303,Cet,18162,110833,,,303G Cet,6.7
304,Cet,18216,110843,,,304G Cet,6.59
305,Cet,18262,110851,,,305G Cet,6.0
306,Cet,18345,110865,,,306G Cet,6.11
307,Cet,18369,110867,,,307G Cet,6.62
308,Cet,18604,110889,91,\lambda,308G Cet,4.66
309,Cet,18832,110915,,,309G Cet,6.25
310,Cet,18884,110920,92,\alpha,310G Cet,2.53
311,Cet,18883,110921,93,,311G Cet,5.61
312,Cet,18995,110934,,,312G Cet,6.6
,,19019,110937,,,312G Cet,6.76
313,Cet,19121,110945,,,313G Cet,6.05
314,Cet,19525,111002,,,314G Cet,6.28
315,Cet,19926,111044,,,315G Cet,5.56
316,Cet,19994,130355,94,,316G Cet,5.06
317,Cet,20402,111096,,,317G Cet,7.0
,,20430,111104,,,317G Cet,7.39
,,20439,111105,,,317G Cet,7.76
318,Cet,20559,130408,95,,318G Cet,5.37
319,Cet,20630,111120,96,\kappa,319G Cet,4.83
320,Cet,20672,111127,,,320G Cet,7.3
321,Cet,20791,111142,97,,321G Cet,5.69
1,Cha,62689,256431,,,1G Cha,6.72
2,Cha,63670,256440,,,2G Cha,6.6
3,Cha,65836,258485,,,3G Cha,6.7
4,Cha,71243,256496,,\alpha,4G Cha,4.07
5,Cha,71701,256503,,\theta,5G Cha,4.35
6,Cha,72922,258496,,,6G Cha,5.69
7,Cha,75001,258500,,,7G Cha,6.7
8,Cha,75416,256543,,\eta,8G Cha,5.47
9,Cha,75747,256549,,RS,9G Cha,6.11
10,Cha,75893,256551,,,10G Cha,6.86
11,Cha,76236,256552,,,11G Cha,5.79
12,Cha,80194,256594,,,12G Cha,6.14
13,Cha,82554,258530,,\iota,13G Cha,5.36
14,Cha,83979,258538,,\zeta,14G Cha,5.1
15,Cha,84698,258543,,,15G Cha,6.6
16,Cha,85396,256658,,\nu,16G Cha,5.45
17,Cha,85643,256660,,,17G Cha,6.7
18,Cha,86320,256666,,,18G Cha,6.49
19,Cha,87971,258554,,\mu,19G Cha,5.52
20,Cha,88351,258561,,,20G Cha,6.6
21,Cha,90317,258569,,,21G Cha,6.6
22,Cha,92209,256730,,,22G Cha,6.3
23,Cha,92305,256731,,\gamma,23G Cha,4.11
24,Cha,93237,256745,,,24G Cha,5.97
25,Cha,93779,258592,,\delta1,25G Cha,5.47
26,Cha,93845,258593,,\delta2,26G Cha,4.4
27,Cha,94454,256765,,,27G Cha,6.6
28,Cha,94717,256768,,,28G Cha,6.33
29,Cha,95788,258599,,,29G Cha,6.71
30,Cha,98617,256823,,,30G Cha,6.36
31,Cha,99015,256832,,,31G Cha,6.44
32,Cha,101132,256857,,\pi,32G Cha,5.65
33,Cha,101782,258621,,,33G Cha,6.33
34,Cha,101917,256865,,,34G Cha,6.39
35,Cha,102065,258622,,,35G Cha,6.7
36,Cha,104036,256892,,,36G Cha,6.72
37,Cha,104174,256894,,\epsilon,37G Cha,4.91
,,104237,256895,,,37G Cha,6.5
38,Cha,104902,256899,,\kappa,38G Cha,5.04
39,Cha,106248,256915,,,39G Cha,6.35
40,Cha,106911,256924,,\beta,40G Cha,4.3
41,Cha,108913,256952,,,41G Cha,7.0
42,Cha,111111,258650,,,42G Cha,7.2
43,Cha,113694,257011,,,43G Cha,6.3
44,Cha,114533,257019,,,44G Cha,5.86
45,Cha,115088,257026,,,45G Cha,6.4
46,Cha,115116,257025,,,46G Cha,7.0
47,Cha,117076,257055,,,47G Cha,6.6
48,Cha,117360,257060,,S,48G Cha,6.48
49,Cha,118285,257069,,,49G Cha,6.34
50,Cha,120213,258683,,,50G Cha,5.95
1,Cir,120404,252481,,,1G Cir,5.75
2,Cir,120913,252511,,,2G Cir,5.71
3,Cir,121557,252534,,,3G Cir,6.2
4,Cir,121932,252554,,,4G Cir,5.97
5,Cir,123377,257119,,,5G Cir,6.05
6,Cir,123492,252636,,,6G Cir,6.08
7,Cir,124197,252661,,,7G Cir,6.71
8,Cir,124471,252678,,,8G Cir,5.75
9,Cir,125630,252725,,,9G Cir,6.76
10,Cir,125835,252735,,,10G Cir,5.61
11,Cir,125990,252737,,,11G Cir,6.38
12,Cir,126226,252746,,,12G Cir,6.5
13,Cir,126241,252745,,,13G Cir,5.85
14,Cir,126862,252767,,,14G Cir,5.83
15,Cir,128020,252824,,,15G Cir,6.04
16,Cir,128293,252835,,,16G Cir,6.76
17,Cir,128898,252853,,\alpha,17G Cir,3.19
18,Cir,128917,241912,,,18G Cir,6.22
,,129092,252860,,,19G Cir,6.41
19,Cir,129422,252869,,,19G Cir,5.35
20,Cir,129462,241966,,,20G Cir,6.11
21,Cir,129557,241971,,,21G Cir,6.1
,,129578,241972,,,21G Cir,7.51
22,Cir,129954,252894,,,22G Cir,5.9
23,Cir,130021,252900,,,23G Cir,6.5
24,Cir,130205,242025,,,24G Cir,6.63
,,130246,242030,,,24G Cir,8.4
25,Cir,130227,242026,,,25G Cir,6.23
26,Cir,130701,252928,,,26G Cir,5.87
27,Cir,130942,252948,,,27G Cir,6.6
28,Cir,131058,252951,,\zeta,28G Cir,6.09
29,Cir,131342,242111,,,29G Cir,5.2
30,Cir,131491,252964,,,30G Cir,6.38
31,Cir,131492,252965,,\theta,31G Cir,5.11
32,Cir,132209,252990,,,32G Cir,6.7
33,Cir,132905,253005,,\eta,33G Cir,5.17
34,Cir,133456,253024,,,34G Cir,6.17
35,Cir,133557,253025,,,35G Cir,6.51
36,Cir,133699,253028,,,36G Cir,6.8
37,Cir,133792,253034,,,37G Cir,6.28
38,Cir,134060,253043,,,38G Cir,6.3
39,Cir,134468,253059,,,39G Cir,6.32
40,Cir,134657,253064,,,40G Cir,6.36
41,Cir,135160,253082,,,41G Cir,5.73
42,Cir,135240,253084,,\delta,42G Cir,5.1
43,Cir,135291,253088,,\epsilon,43G Cir,4.86
44,Cir,135379,242384,,\beta,44G Cir,4.07
45,Cir,135591,253101,,,45G Cir,5.46
46,Cir,136359,253136,,,46G Cir,5.64
47,Cir,136415,242463,,\gamma,47G Cir,4.51
48,Cir,137583,242593,,,48G Cir,6.7
1,Col,33377,195581,,,1G Col,6.52
2,Col,33473,217198,,,2G Col,6.71
3,Col,33807,195631,,,3G Col,7.0
4,Col,33872,195639,,,4G Col,6.57
5,Col,33980,170194,,,5G Col,7.0
,,34088,195662,,,5G Col,7.4
,,34167,195669,,,6G Col,6.98
6,Col,34266,195683,,,6G Col,5.76
7,Col,34295,170235,,,7G Col,7.1
8,Col,34358,195689,,,8G Col,6.8
9,Col,34435,195694,,,9G Col,6.66
10,Col,34496,195705,,,10G Col,6.97
11,Col,34642,195721,,\omicron,11G Col,4.83
12,Col,34868,170311,,,12G Col,5.95
13,Col,35046,195763,,,13G Col,6.34
14,Col,35165,195770,,,14G Col,6.11
15,Col,35515,195807,,,15G Col,5.71
16,Col,35811,195848,,,16G Col,7.0
17,Col,36038,195868,,,17G Col,7.1
18,Col,36060,217340,,,18G Col,5.82
19,Col,36094,195875,,,19G Col,6.9
20,Col,36187,195887,,,20G Col,5.57
21,Col,36255,195898,,,21G Col,6.75
22,Col,36597,195924,,\epsilon,22G Col,3.87
23,Col,36648,217374,,,23G Col,6.9
24,Col,36848,195948,,,24G Col,5.48
25,Col,36874,195952,,,25G Col,5.78
26,Col,36888,195955,,,26G Col,7.0
27,Col,36965,170561,,,27G Col,6.53
28,Col,37192,195986,,,28G Col,5.78
29,Col,37224,195992,,,29G Col,6.8
30,Col,37286,170587,,,30G Col,6.27
31,Col,37377,196012,,,31G Col,6.8
32,Col,37430,170601,,\nu1,32G Col,6.16
33,Col,37484,170610,,,33G Col,7.1
34,Col,37495,170613,,\nu2,34G Col,5.31
35,Col,37530,170618,,,35G Col,6.53
36,Col,37549,196033,,,36G Col,6.6
37,Col,37717,217450,,,37G Col,5.82
38,Col,37795,196059,,\alpha,38G Col,2.6
39,Col,37811,196061,,,39G Col,5.45
40,Col,38056,196088,,,40G Col,6.36
41,Col,38138,196096,,,41G Col,6.19
42,Col,38170,196098,,,42G Col,5.29
43,Col,38385,196116,,,43G Col,6.25
44,Col,38536,196136,,,44G Col,6.8
45,Col,38666,196149,,\mu,45G Col,5.2
46,Col,38804,170836,,,46G Col,6.23
47,Col,38805,196159,,,47G Col,6.8
48,Col,38885,196171,,,48G Col,6.32
49,Col,39040,217543,,,49G Col,6.61
,,39086,196200,,,50G Col,7.5
50,Col,39148,196206,,,50G Col,6.8
51,Col,39241,196219,,,51G Col,6.4
52,Col,39294,196225,,,52G Col,6.7
53,Col,39425,196240,,\beta,53G Col,3.12
54,Col,39543,170945,,,54G Col,6.45
55,Col,39720,196266,,,55G Col,5.63
56,Col,39718,196270,,,56G Col,6.5
57,Col,39764,196276,,\lambda,57G Col,4.9
58,Col,39891,170993,,,58G Col,6.36
59,Col,39901,217599,,,59G Col,6.55
60,Col,40091,196309,,,60G Col,5.57
61,Col,40176,196316,,\xi,61G Col,4.97
62,Col,40195,196322,,,62G Col,6.6
63,Col,40248,196330,,\sigma,63G Col,5.5
64,Col,40359,196335,,,64G Col,6.44
65,Col,40494,196352,,\gamma,65G Col,4.36
66,Col,40808,217650,,\eta,66G Col,3.96
67,Col,41047,196413,,,67G Col,5.55
68,Col,41089,217668,,,68G Col,6.5
69,Col,41245,196432,,,69G Col,6.9
70,Col,41393,196443,,,70G Col,7.0
71,Col,41392,196445,,,71G Col,7.0
72,Col,41534,196459,,,72G Col,5.65
73,Col,41759,196483,,,73G Col,5.82
74,Col,41843,171231,,,74G Col,5.81
75,Col,41863,196490,,,75G Col,6.6
76,Col,42054,196503,,,76G Col,5.83
77,Col,42058,217719,,,77G Col,6.8
78,Col,42078,217720,,\pi1,78G Col,6.12
,,42138,196510,,,79G Col,7.3
79,Col,42167,196514,,\theta,79G Col,5.0
80,Col,42303,217730,,\pi2,80G Col,5.5
81,Col,42698,196559,,,81G Col,6.6
82,Col,42682,217753,,,82G Col,5.58
83,Col,43071,196585,,,83G Col,6.89
84,Col,43785,196643,,\kappa,84G Col,4.37
85,Col,43847,196646,,,85G Col,6.0
86,Col,43899,196653,,,86G Col,5.53
87,Col,43940,196659,,,87G Col,5.88
88,Col,44323,196686,,,88G Col,5.78
89,Col,44404,196693,,,89G Col,6.7
,,44403,196696,,,89G Col,8.1
90,Col,44506,196707,,,90G Col,5.5
91,Col,44762,196735,,\delta,91G Col,3.85
92,Col,44979,196761,,,92G Col,6.49
93,Col,45145,196774,,,93G Col,5.62
94,Col,45158,196776,,,94G Col,6.9
95,Col,45289,217907,,,95G Col,6.67
96,Col,45306,217910,,,96G Col,6.32
97,Col,45383,196805,,,97G Col,6.25
,,45424,196808,,,97G Col,7.1
98,Col,45680,196842,,,98G Col,6.48
99,Col,45983,217951,,,99G Col,6.31
100,Col,46288,217981,,,100G Col,6.68
101,Col,46349,196897,,,101G Col,5.84
102,Col,46365,217986,,,102G Col,6.2
103,Col,46431,196906,,,103G Col,6.34
104,Col,46568,196917,,,104G Col,5.24
105,Col,46727,196930,,,105G Col,6.44
106,Col,46815,196945,,,106G Col,5.42
107,Col,46973,196959,,,107G Col,6.7
108,Col,47144,196978,,,108G Col,5.59
,,47168,196982,,,109G Col,7.1
109,Col,47230,196987,,,109G Col,6.35
,,47283,196990,,,109G Col,7.2
110,Col,47463,197011,,,110G Col,6.04
111,Col,47475,218060,,,111G Col,6.34
112,Col,47500,197014,,,112G Col,5.71
1,CrA,165189,228708,,,1G CrA,5.02
2,CrA,166114,228778,,,2G CrA,5.85
3,CrA,166596,228815,,,3G CrA,5.47
4,CrA,167096,228854,,,4G CrA,5.46
5,CrA,167756,228895,,,5G CrA,6.3
6,CrA,168357,210017,,,6G CrA,6.45
7,CrA,168592,210048,,,7G CrA,5.1
8,CrA,168905,228982,,,8G CrA,5.2
9,CrA,169853,210197,,,9G CrA,5.64
10,CrA,169943,229056,,,10G CrA,6.36
11,CrA,170384,229080,,,11G CrA,6.04
12,CrA,170521,229094,,,12G CrA,5.72
13,CrA,170642,210277,,,13G CrA,5.17
14,CrA,170773,210286,,,14G CrA,6.22
15,CrA,170845,229111,,\theta,15G CrA,4.64
16,CrA,170867,210296,,\kappa1,16G CrA,6.32
17,CrA,170868,211295,,\kappa2,17G CrA,5.65
18,CrA,171967,229172,,,18G CrA,5.37
19,CrA,172777,210501,,\lambda,19G CrA,5.13
20,CrA,172991,210518,,,20G CrA,5.43
21,CrA,172993,210520,,,21G CrA,6.7
22,CrA,173182,229259,,,22G CrA,7.5
23,CrA,173183,229260,,,23G CrA,6.92
24,CrA,173540,229285,,\mu,24G CrA,5.24
25,CrA,173715,229299,,\eta1,25G CrA,5.49
26,CrA,173861,229307,,\eta2,26G CrA,5.61
27,CrA,174152,229318,,,27G CrA,6.43
28,CrA,174407,229334,,,28G CrA,6.5
29,CrA,175093,210716,,,29G CrA,6.5
30,CrA,175219,229383,,,30G CrA,5.36
31,CrA,175362,210734,,,31G CrA,5.38
32,CrA,175395,229397,,,32G CrA,6.4
33,CrA,175529,210754,,,33G CrA,6.31
34,CrA,175813,210781,,\epsilon,34G CrA,4.87
35,CrA,175855,210786,,,35G CrA,6.49
36,CrA,176269,210815,,,36G CrA,6.69
37,CrA,176270,210816,,,37G CrA,6.4
,,176386,210828,,,36G CrA,7.21
38,CrA,176425,229446,,,38G CrA,6.23
39,CrA,176638,229461,,\zeta,39G CrA,4.8
40,CrA,176723,210859,,,40G CrA,5.74
41,CrA,177474,210928,,\gamma,41G CrA,4.26
42,CrA,177565,210937,,,42G CrA,6.16
43,CrA,177873,229513,,\delta,43G CrA,4.59
44,CrA,178253,210990,,\alpha,44G CrA,4.11
45,CrA,178322,229531,,,45G CrA,5.88
46,CrA,178345,211005,,\beta,46G CrA,4.11
,,178558,211014,,,47G CrA,7.6
47,CrA,178628,211017,,,47G CrA,6.34
48,CrA,178937,211037,,,48G CrA,6.57
,,179029,211042,,,48G CrA,7.2
49,CrA,179433,229573,,,49G CrA,5.92
1,Crv,103753,157003,,,1G Crv,6.5
2,Crv,103774,157002,,,2G Crv,7.1
3,Crv,104307,180374,,,3G Crv,6.28
4,Crv,104337,157042,,,4G Crv,5.3
5,Crv,105205,157086,,,5G Crv,6.7
6,Crv,105241,180479,,,6G Crv,6.9
7,Crv,105292,157091,,,7G Crv,7.0
8,Crv,105328,180488,,,8G Crv,6.6
9,Crv,105452,180505,1,\alpha,9G Crv,4.0
10,Crv,105590,157111,,,10G Crv,6.56
11,Crv,105704,157120,,,11G Crv,6.6
12,Crv,105707,180531,2,\epsilon,12G Crv,3.0
13,Crv,105850,180546,3,,13G Crv,5.47
14,Crv,105913,157133,,,14G Crv,6.9
15,Crv,106485,180602,,,15G Crv,5.83
16,Crv,106582,180614,,,16G Crv,7.0
17,Crv,106612,180619,,,17G Crv,6.54
18,Crv,106625,157176,4,\gamma,18G Crv,2.59
19,Crv,106819,157184,,,19G Crv,6.07
20,Crv,106955,180662,,,20G Crv,6.8
21,Crv,107295,180695,,,21G Crv,5.97
22,Crv,107348,180700,5,\zeta,22G Crv,5.22
23,Crv,107418,157226,,,23G Crv,5.14
24,Crv,107642,157240,,,24G Crv,6.6
25,Crv,107815,180747,6,,25G Crv,5.68
26,Crv,107814,157253,,,26G Crv,6.45
27,Crv,108477,157299,,,27G Crv,6.35
28,Crv,108767,157323,7,\delta,28G Crv,2.95
29,Crv,108799,157326,,,29G Crv,6.35
30,Crv,108821,180850,,,30G Crv,5.63
31,Crv,109085,157345,8,\eta,31G Crv,4.31
32,Crv,109132,180879,,,32G Crv,6.4
33,Crv,109141,157350,,,33G Crv,5.74
34,Crv,109238,157359,,,34G Crv,6.26
35,Crv,109272,157361,,,35G Crv,5.58
36,Crv,109379,180915,9,\beta,36G Crv,2.65
37,Crv,109557,157382,,,37G Crv,6.6
38,Crv,109545,157379,,,38G Crv,6.7
,,109556,157384,,,48G Crv,8.7
39,Crv,109584,157385,,,39G Crv,6.6
40,Crv,109585,180937,,,40G Crv,6.2
41,Crv,109931,157415,,,41G Crv,6.0
42,Crv,110198,157440,,,42G Crv,7.0
43,Crv,110317,157447,,,43G Crv,6.08
44,Crv,110318,157448,,,44G Crv,6.0
45,Crv,110385,157451,,,45G Crv,6.03
46,Crv,110616,157470,,,46G Crv,7.0
47,Crv,110662,157473,,,47G Crv,6.7
48,Crv,110682,157476,,,48G Crv,7.0
49,Crv,110952,181086,,,49G Crv,7.0
50,Crv,111031,157502,,,50G Crv,6.87
51,Crv,111500,157535,,,51G Crv,6.9
,,,157579,,,52G Crv,9.3
52,Crv,112074,157580,,,52G Crv,6.8
53,Crv,112304,157599,,,53G Crv,6.2
1,Crt,94386,156302,,,1G Crt,6.38
2,Crt,94481,156310,,,2G Crt,5.66
3,Crt,95145,156365,,,3G Crt,6.9
4,Crt,95234,156372,,,4G Crt,5.89
5,Crt,95272,156375,7,\alpha,5G Crt,4.07
6,Crt,95314,156382,,,6G Crt,5.88
7,Crt,95441,156396,,,7G Crt,6.34
8,Crt,95808,156421,,,8G Crt,5.5
9,Crt,95870,156427,,,9G Crt,6.34
10,Crt,95939,156431,,,10G Crt,6.5
11,Crt,96220,156448,,,11G Crt,6.1
12,Crt,96400,156466,,,12G Crt,6.5
13,Crt,96838,156493,,,13G Crt,6.7
14,Crt,97037,138023,,,14G Crt,6.79
15,Crt,97277,179624,11,\beta,15G Crt,4.48
16,Crt,97411,156528,,\psi,16G Crt,6.13
17,Crt,97428,179638,,,17G Crt,6.4
18,Crt,97590,179661,,,18G Crt,7.3
19,Crt,97864,156564,,,19G Crt,6.89
20,Crt,97940,179701,,,20G Crt,7.2
21,Crt,98088,138106,,,21G Crt,6.14
22,Crt,98346,179760,,,22G Crt,6.7
23,Crt,98430,156605,12,\delta,23G Crt,3.56
24,Crt,98591,156618,,,24G Crt,6.6
25,Crt,98853,138166,,,25G Crt,6.8
26,Crt,98991,156646,13,\lambda,26G Crt,5.09
27,Crt,99167,156658,14,\epsilon,27G Crt,4.83
28,Crt,99211,156661,15,\gamma,28G Crt,4.08
29,Crt,99363,156672,,,29G Crt,6.55
30,Crt,99380,179872,,,30G Crt,6.7
31,Crt,99459,179887,,,31G Crt,6.7
32,Crt,99564,156685,16,\kappa,32G Crt,5.94
33,Crt,99922,179935,,,33G Crt,5.76
34,Crt,100219,179964,,,34G Crt,6.24
35,Crt,100343,138265,,,35G Crt,5.95
36,Crt,100418,156750,,,36G Crt,6.06
37,Crt,100537,156754,,,37G Crt,7.1
38,Crt,100889,138296,21,\theta,38G Crt,4.69
39,Crt,100949,180036,,,39G Crt,6.6
40,Crt,101259,180065,,,40G Crt,6.42
41,Crt,101198,156802,24,\iota,41G Crt,5.48
,,101321,156815,,,41G Crt,6.7
42,Crt,101369,156820,,,42G Crt,6.21
43,Crt,101370,156819,,,43G Crt,6.19
44,Crt,101696,180116,,,44G Crt,6.9
45,Crt,101695,180117,,,45G Crt,6.22
46,Crt,101897,156853,,,46G Crt,6.9
47,Crt,102036,180152,,,47G Crt,6.7
48,Crt,102070,156869,27,\zeta,48G Crt,4.73
49,Crt,102574,156896,,,49G Crt,6.26
50,Crt,102604,156901,,,50G Crt,6.8
51,Crt,102845,156926,,,51G Crt,6.13
52,Crt,103581,180301,,,52G Crt,6.7
53,Crt,103632,156988,30,\eta,53G Crt,5.17
1,Cru,103884,251659,,,1G Cru,5.6
2,Cru,103961,239533,,,2G Cru,5.44
3,Cru,104035,251664,,,3G Cru,5.61
4,Cru,104111,251670,,,4G Cru,6.37
5,Cru,104430,239589,,,5G Cru,6.16
6,Cru,104671,251705,,\theta1,6G Cru,4.3
7,Cru,104841,251717,,\theta2,7G Cru,4.7
8,Cru,104900,239644,,,8G Cru,6.2
9,Cru,104933,251723,,,9G Cru,5.96
10,Cru,105211,251742,,\eta,10G Cru,4.2
,,105401,251754,,,11G Cru,7.5
11,Cru,105437,251757,,,11G Cru,6.22
12,Cru,105785,239716,,,12G Cru,7.1
,,105857,239727,,,12G Cru,7.4
13,Cru,105841,251778,,,13G Cru,6.08
14,Cru,106000,251785,,,14G Cru,6.55
15,Cru,106068,251790,,,15G Cru,5.92
16,Cru,106086,239751,,,16G Cru,6.9
,,106110,239755,,,16G Cru,7.6
17,Cru,106343,251803,,,17G Cru,6.22
18,Cru,106490,239791,,\delta,18G Cru,2.8
19,Cru,106983,251841,,\zeta,19G Cru,4.0
20,Cru,107209,251848,,,20G Cru,6.81
21,Cru,107447,251861,,T,21G Cru,6.31
22,Cru,107446,251862,,\epsilon,22G Cru,3.59
23,Cru,107543,239880,,,23G Cru,5.92
24,Cru,107696,239901,,,24G Cru,5.4
25,Cru,108250,251903,,,25G Cru,4.86
26,Cru,108248,251904,,\alpha1,26G Cru,1.33
27,Cru,108249,,,\alpha2,27G Cru,1.73
28,Cru,108355,251911,,,28G Cru,6.0
29,Cru,108396,239960,,,29G Cru,5.5
30,Cru,108501,251920,,,30G Cru,6.04
,,108500,251919,,,31G Cru,6.82
31,Cru,108530,251924,,,31G Cru,6.22
,,108610,251928,,,31G Cru,6.92
32,Cru,108570,239977,,,32G Cru,6.13
33,Cru,108732,239999,,,33G Cru,5.8
34,Cru,108903,240019,,\gamma,34G Cru,1.63
35,Cru,108968,240027,,BG,35G Cru,5.48
36,Cru,109000,251946,,,36G Cru,5.96
37,Cru,109045,240037,,,37G Cru,6.56
,,109475,251961,,,38G Cru,6.61
38,Cru,109492,251962,,,38G Cru,6.22
39,Cru,110335,240161,,,39G Cru,4.93
40,Cru,110432,252002,,,40G Cru,5.24
41,Cru,110461,240176,,,41G Cru,6.07
42,Cru,110506,240179,,,42G Cru,6.0
43,Cru,110532,240183,,,43G Cru,6.4
44,Cru,110829,252016,,\iota,44G Cru,4.69
45,Cru,110956,240235,,,45G Cru,4.65
46,Cru,111123,240259,,\beta,46G Cru,1.2
47,Cru,111613,252054,,,47G Cru,5.69
48,Cru,111904,252069,,,48G Cru,5.8
49,Cru,111934,252070,,,49G Cru,6.91
,,,252073,,,49G Cru,7.66
,,,252075,,,49G Cru,8.0
50,Cru,111973,252077,,\kappa,50G Cru,5.9
,,111990,252080,,,50G Cru,6.84
51,Cru,112078,240368,,\lambda,51G Cru,4.6
52,Cru,112092,240366,,\mu1,52G Cru,4.03
53,Cru,112091,240367,,\mu2,53G Cru,5.17
54,Cru,112244,240385,,,54G Cru,5.32
1,Del,194262,125770,,,1G Del,7.2
2,Del,194305,125773,,,2G Del,6.6
3,Del,194453,125791,,,3G Del,6.6
4,Del,194526,125797,,,4G Del,6.33
5,Del,194579,125805,,,5G Del,6.6
6,Del,194953,125843,,,6G Del,6.21
7,Del,194937,125841,,,7G Del,6.25
8,Del,195274,106164,,,8G Del,6.7
9,Del,195909,125961,,,9G Del,6.41
10,Del,195922,125960,,,10G Del,6.55
11,Del,196025,125969,,,11G Del,6.99
12,Del,196182,125996,,,12G Del,6.5
13,Del,196755,126059,7,\kappa,13G Del,5.05
14,Del,196929,126088,,,14G Del,6.9
15,Del,197448,126141,,,15G Del,6.7
16,Del,197832,126187,,,16G Del,7.0
17,Del,198070,126221,,,17G Del,6.4
18,Del,198069,126222,13,,18G Del,5.58
19,Del,198167,126227,,,19G Del,6.6
20,Del,198391,126265,14,,20G Del,6.33
21,Del,198404,126267,,,21G Del,6.21
1,Dor,24863,233321,,,1G Dor,6.46
2,Dor,25470,233354,,,2G Dor,6.51
3,Dor,27290,233457,,\gamma,3G Dor,4.2
4,Dor,27604,233476,,,4G Dor,6.09
5,Dor,27647,233480,,,5G Dor,7.2
6,Dor,28255,233506,,,6G Dor,6.28
7,Dor,28349,233512,,,7G Dor,6.8
8,Dor,29305,233564,,\alpha,8G Dor,3.27
9,Dor,29712,249066,,R,9G Dor,5.4
10,Dor,29781,233601,,,10G Dor,6.6
11,Dor,30003,233622,,,11G Dor,6.53
,,29877,233609,,,11G Dor,7.2
12,Dor,30478,233664,,\kappa,12G Dor,5.27
13,Dor,30610,249095,,,13G Dor,6.46
14,Dor,30790,233682,,,14G Dor,6.8
15,Dor,30865,249108,,,15G Dor,7.2
16,Dor,31028,249114,,,16G Dor,6.9
17,Dor,31532,249125,,,17G Dor,6.8
18,Dor,31746,233733,,,18G Dor,6.11
19,Dor,31754,249138,,,19G Dor,6.41
,,32065,233757,,,19G Dor,6.7
,,32209,233766,,,19G Dor,7.4
,,32227,233767,,,19G Dor,6.86
20,Dor,33262,233822,,\zeta,20G Dor,4.72
21,Dor,33684,249198,,,21G Dor,5.2
22,Dor,34649,249225,,\theta,22G Dor,4.83
23,Dor,36189,233981,,\lambda,23G Dor,5.14
24,Dor,36584,249281,,,24G Dor,6.03
25,Dor,36689,249288,,,25G Dor,6.59
26,Dor,36705,249286,,,26G Dor,6.83
27,Dor,36876,249297,,,27G Dor,6.19
28,Dor,37297,249309,,,28G Dor,5.34
29,Dor,37350,249311,,\beta,29G Dor,3.4
30,Dor,37501,249314,,,30G Dor,6.32
31,Dor,37935,249322,,,31G Dor,6.3
32,Dor,38268,249329,,,32G Dor,6.3
33,Dor,39014,249346,,\delta,33G Dor,4.35
34,Dor,39844,249368,,\epsilon,34G Dor,5.1
35,Dor,39963,249376,,,35G Dor,6.36
36,Dor,40409,249390,,,36G Dor,4.66
37,Dor,40455,249391,,,37G Dor,6.61
38,Dor,42525,249448,,\eta1,38G Dor,5.7
39,Dor,43107,249461,,\nu,39G Dor,5.05
40,Dor,43455,249469,,\eta2,40G Dor,5.01
41,Dor,45669,249532,,\pi1,41G Dor,5.56
42,Dor,46116,249550,,\pi2,42G Dor,5.38
43,Dor,46730,249568,,,43G Dor,6.29
1,Equ,199223,126373,,,1G Equ,6.05
2,Equ,199560,126414,,,2G Equ,6.8
3,Equ,199583,126417,,,3G Equ,7.1
4,Equ,199766,126428,1,\epsilon,4G Equ,5.23
5,Equ,199942,126447,,,5G Equ,5.99
,,200256,126482,2,\lambda,5G Equ,6.6
6,Equ,200326,126488,,,6G Equ,6.6
,,200494,126501,,,7G Equ,7.46
,,200580,126509,,,7G Equ,7.33
7,Equ,200661,126519,,,7G Equ,6.42
8,Equ,200644,126518,3,,8G Equ,5.61
9,Equ,200790,126535,4,,9G Equ,5.9
10,Equ,200964,126546,,,10G Equ,6.6
11,Equ,201221,126562,,,11G Equ,6.7
12,Equ,201298,126566,,,12G Equ,6.15
13,Equ,201507,126587,,,13G Equ,6.45
14,Equ,201601,126593,5,\gamma,14G Equ,4.69
15,Equ,201616,126597,6,,15G Equ,6.07
16,Equ,201941,126618,,,16G Equ,7.0
,,201982,126622,,,16G Equ,7.8
17,Equ,202073,126625,,,17G Equ,7.25
18,Equ,202093,126627,,,18G Equ,7.15
19,Equ,202275,126643,7,\delta,19G Equ,4.49
20,Equ,202447,126662,8,\alpha,20G Equ,3.92
21,Equ,202699,126685,,,21G Equ,6.99
22,Equ,202884,126700,,,22G Equ,7.4
23,Equ,203067,126707,,,23G Equ,6.9
24,Equ,203291,126719,9,,24G Equ,5.82
25,Equ,203345,107061,,,25G Equ,6.75
26,Equ,203440,126735,,,26G Equ,6.8
,,203457,126739,,,26G Equ,7.6
27,Equ,203306,126723,,,27G Equ,7.0
,,203323,126724,,,27G Equ,7.36
28,Equ,203522,126744,,,28G Equ,6.56
,,203633,126754,,,28G Equ,7.0
29,Equ,203562,126749,10,\beta,29G Equ,5.16
30,Equ,203842,126774,,,30G Equ,6.3
1,Eri,9771,232465,,,1G Eri,6.8
2,Eri,10144,232481,,\alpha,2G Eri,0.5
,,10241,232483,,,2G Eri,6.84
3,Eri,10361,,,p,3G Eri,5.81
4,Eri,10360,232490,,p,4G Eri,5.96
5,Eri,10647,232501,,q1,5G Eri,5.52
6,Eri,10939,232520,,q2,6G Eri,5.06
7,Eri,11937,232573,,\chi,7G Eri,3.7
8,Eri,11956,232572,,,8G Eri,6.8
9,Eri,11965,232574,,,9G Eri,6.4
10,Eri,12042,232581,,,10G Eri,6.1
11,Eri,12431,232600,,,11G Eri,6.6
12,Eri,12894,232620,,,12G Eri,6.6
13,Eri,13445,232658,,,13G Eri,6.17
14,Eri,14228,232696,,\phi,14G Eri,3.6
15,Eri,14943,232736,,,15G Eri,5.92
16,Eri,15371,215906,,\kappa,16G Eri,4.2
17,Eri,15520,232779,,,17G Eri,7.1
18,Eri,16754,215996,,s,18G Eri,4.75
19,Eri,16815,215999,,\iota,19G Eri,4.11
20,Eri,17006,216013,,,20G Eri,6.06
21,Eri,17098,216019,,,21G Eri,6.36
22,Eri,17206,148584,1,\tau1,22G Eri,4.5
23,Eri,17224,168025,,,23G Eri,7.1
24,Eri,17325,216036,,,24G Eri,6.85
25,Eri,17324,216038,,,25G Eri,6.8
,,17350,168038,,,26G Eri,7.1
26,Eri,17390,168045,,,26G Eri,6.49
27,Eri,17438,168051,,,27G Eri,6.46
28,Eri,17699,130139,,,28G Eri,7.2
29,Eri,17715,216059,,,29G Eri,6.78
30,Eri,17824,168094,2,\tau2,30G Eri,4.75
31,Eri,17864,216065,,,31G Eri,6.36
32,Eri,17925,148647,,,32G Eri,6.0
33,Eri,17943,130160,,,33G Eri,6.32
34,Eri,18046,168120,,,34G Eri,6.7
35,Eri,18071,168121,,,35G Eri,5.95
36,Eri,18055,216081,,,36G Eri,6.6
37,Eri,18095,148660,,,37G Eri,6.92
38,Eri,18183,148663,,,38G Eri,7.2
39,Eri,18322,130197,3,\eta,39G Eri,3.89
40,Eri,18331,130199,,,40G Eri,5.17
41,Eri,18454,168183,4,,41G Eri,5.45
42,Eri,18511,148690,,,42G Eri,6.7
43,Eri,18543,130215,,,43G Eri,5.23
44,Eri,18535,168191,6,,44G Eri,5.84
45,Eri,18557,130216,,,45G Eri,6.14
46,Eri,18633,130228,5,,46G Eri,5.55
47,Eri,18634,130227,,,47G Eri,6.5
48,Eri,18622,216113,,\theta1,48G Eri,3.2
49,Eri,18623,216114,,\theta2,49G Eri,4.3
50,Eri,18690,148706,,,50G Eri,7.4
51,Eri,18760,130242,7,,51G Eri,6.11
52,Eri,18784,130243,8,\rho1,52G Eri,5.71
53,Eri,18885,148721,,,53G Eri,5.78
54,Eri,18894,130251,,,54G Eri,6.2
55,Eri,18953,130254,9,\rho2,55G Eri,5.32
56,Eri,18978,168249,11,\tau3,56G Eri,4.1
57,Eri,19107,130269,10,\rho3,57G Eri,5.3
58,Eri,19141,216150,,,58G Eri,5.82
59,Eri,19210,130277,,,59G Eri,6.5
60,Eri,19215,216156,,,60G Eri,6.6
61,Eri,19349,130284,,,61G Eri,5.27
62,Eri,19366,148771,,,62G Eri,6.7
63,Eri,19467,148780,,,63G Eri,7.0
64,Eri,19836,130328,,,64G Eri,6.05
65,Eri,19826,168354,,,65G Eri,6.37
66,Eri,19850,148816,,,66G Eri,6.5
67,Eri,19887,148821,,,67G Eri,6.26
68,Eri,20001,168376,,,68G Eri,6.9
69,Eri,20035,194149,,,69G Eri,7.0
70,Eri,20069,168384,,,70G Eri,6.9
71,Eri,20121,216209,,,71G Eri,5.93
72,Eri,20291,168410,,,72G Eri,7.0
73,Eri,20320,130387,13,\zeta,73G Eri,4.8
74,Eri,20319,130388,,,74G Eri,6.17
75,Eri,20356,130391,,,75G Eri,6.5
76,Eri,20355,130392,,,76G Eri,6.9
77,Eri,20395,130395,14,,77G Eri,6.14
78,Eri,20520,168441,,,78G Eri,6.7
79,Eri,20610,168452,15,,79G Eri,4.88
80,Eri,20631,148897,,,80G Eri,5.71
81,Eri,20720,168460,16,\tau4,81G Eri,3.66
82,Eri,20794,216263,,e,82G Eri,4.27
83,Eri,20894,168482,,,83G Eri,5.52
84,Eri,20911,168485,,,84G Eri,6.6
85,Eri,20965,168492,,,85G Eri,6.4
86,Eri,21019,130457,,,86G Eri,6.2
87,Eri,21066,148933,,,87G Eri,6.6
88,Eri,21160,148943,,,88G Eri,6.9
89,Eri,21473,216316,,,89G Eri,6.32
90,Eri,21513,148969,,,90G Eri,7.2
91,Eri,21530,148972,,,91G Eri,5.73
92,Eri,21626,216332,,,92G Eri,6.72
93,Eri,21665,130520,,,93G Eri,5.99
94,Eri,21688,148985,,,94G Eri,5.59
95,Eri,21737,168582,,,95G Eri,6.9
96,Eri,21779,148994,,,96G Eri,6.8
97,Eri,21790,130528,17,v,97G Eri,4.74
98,Eri,21760,168587,,,98G Eri,6.8
99,Eri,21882,216347,,,99G Eri,5.78
100,Eri,21899,216350,,,100G Eri,6.12
101,Eri,22049,130564,18,\epsilon,101G Eri,3.73
102,Eri,22111,149033,,,102G Eri,9.11
103,Eri,22203,168634,19,\tau5,103G Eri,4.3
104,Eri,22243,149047,,,104G Eri,6.25
105,Eri,22379,130598,,,105G Eri,6.6
106,Eri,22409,149057,,,106G Eri,5.5
107,Eri,22470,149063,20,,107G Eri,5.23
108,Eri,22619,149071,,,108G Eri,7.2
109,Eri,22675,130628,,,109G Eri,5.85
110,Eri,22663,216405,,y,110G Eri,4.58
111,Eri,22713,130634,21,,111G Eri,5.96
112,Eri,22798,130639,,,112G Eri,6.23
113,Eri,22799,149082,,,113G Eri,6.19
114,Eri,22905,149094,,,114G Eri,6.33
115,Eri,22920,130652,22,,115G Eri,5.53
,,22921,149095,,,116G Eri,6.9
116,Eri,22983,149100,,,116G Eri,6.8
117,Eri,23010,149107,,,117G Eri,6.49
,,,216430,,,118G Eri,7.85
118,Eri,22986,216431,,,118G Eri,6.8
119,Eri,23055,149114,,,119G Eri,6.59
,,23067,149116,,,120G Eri,7.4
120,Eri,23095,149120,,,120G Eri,7.0
121,Eri,23249,130686,23,\delta,121G Eri,3.51
122,Eri,23281,149132,,,122G Eri,5.6
123,Eri,23363,130698,24,,123G Eri,5.25
124,Eri,23319,194475,,h,124G Eri,4.59
125,Eri,23413,130704,25,,125G Eri,5.55
126,Eri,23508,216459,,,126G Eri,6.45
127,Eri,23614,149158,26,\pi,127G Eri,4.42
128,Eri,23754,168827,27,\tau6,128G Eri,4.2
129,Eri,23887,111433,,,129G Eri,5.91
130,Eri,23878,168836,28,\tau7,130G Eri,5.24
131,Eri,23992,130746,,,131G Eri,6.7
132,Eri,23978,168851,,,132G Eri,5.81
133,Eri,23958,194537,,,133G Eri,6.22
134,Eri,24098,130762,,,134G Eri,6.5
135,Eri,24071,194550,,f1,135G Eri,5.4
136,Eri,24072,194551,,f2,136G Eri,4.9
137,Eri,24150,194557,,,137G Eri,6.8
138,Eri,24160,194559,,g,138G Eri,4.17
139,Eri,24325,130780,,,139G Eri,6.7
140,Eri,24336,130784,,,140G Eri,7.0
141,Eri,24305,194570,,,141G Eri,6.86
142,Eri,24328,168888,,,142G Eri,6.6
143,Eri,24371,130785,29,,143G Eri,7.1
144,Eri,24388,130789,30,,144G Eri,5.48
145,Eri,24446,130796,,,145G Eri,6.57
146,Eri,24472,168913,,,146G Eri,7.3
147,Eri,24497,149229,,,147G Eri,6.22
148,Eri,24555,130806,32,w,148G Eri,4.79
149,Eri,24587,168925,33,\tau8,149G Eri,4.6
150,Eri,24616,168929,,,150G Eri,6.71
151,Eri,24626,194608,,i,151G Eri,5.1
152,Eri,24712,149251,,,152G Eri,6.0
153,Eri,24744,216546,,,153G Eri,5.71
154,Eri,24833,149268,,,154G Eri,6.6
155,Eri,24832,130833,,,155G Eri,6.2
156,Eri,24825,194625,,,156G Eri,6.9
157,Eri,24966,194639,,,157G Eri,6.8
158,Eri,25025,149283,34,\gamma,158G Eri,2.97
159,Eri,25069,130860,,,159G Eri,5.83
160,Eri,25165,149299,,,160G Eri,5.6
161,Eri,25267,169017,36,\tau9,161G Eri,4.66
162,Eri,25340,130878,35,,162G Eri,5.28
163,Eri,25371,194689,,,163G Eri,5.93
164,Eri,25457,130893,,,164G Eri,5.38
165,Eri,25535,194709,,,165G Eri,6.73
166,Eri,25631,169071,,,166G Eri,6.46
167,Eri,25661,169078,,,167G Eri,7.01
168,Eri,25700,149345,,,168G Eri,6.39
169,Eri,25723,149351,,,169G Eri,5.57
170,Eri,25786,194726,,,170G Eri,7.2
171,Eri,25803,169095,,,171G Eri,6.13
172,Eri,25910,130948,,,172G Eri,6.25
173,Eri,25944,169111,,,173G Eri,6.34
174,Eri,25945,169110,,,174G Eri,5.59
175,Eri,25983,194754,,,175G Eri,7.0
176,Eri,26024,149377,,,176G Eri,6.7
177,Eri,26040,149379,,,177G Eri,7.04
178,Eri,26068,130961,,,178G Eri,7.0
179,Eri,26066,130963,,,179G Eri,6.9
180,Eri,26242,194782,,,180G Eri,6.7
181,Eri,26326,149412,,,181G Eri,5.4
,,26294,130988,,,182G Eri,7.2
182,Eri,26337,130994,,,182G Eri,7.08
183,Eri,26409,131001,37,,183G Eri,5.44
184,Eri,26464,131005,,,184G Eri,5.7
185,Eri,26574,131019,38,\omicron1,185G Eri,4.04
186,Eri,26584,131020,,,186G Eri,6.5
187,Eri,26591,169206,,,187G Eri,5.8
188,Eri,26575,194810,,,188G Eri,6.44
189,Eri,26625,149446,,,189G Eri,6.5
190,Eri,26739,131041,,,190G Eri,6.44
191,Eri,26742,169229,,,191G Eri,6.7
192,Eri,26757,169231,,,192G Eri,6.6
193,Eri,26758,194831,,,193G Eri,7.1
,,26773,194832,,,193G Eri,7.9
194,Eri,26846,149478,39,A,194G Eri,4.86
195,Eri,26940,149487,,,195G Eri,7.3
196,Eri,26934,194852,,,196G Eri,7.0
197,Eri,26965,131063,40,\omicron2,197G Eri,4.41
198,Eri,26994,149491,,,198G Eri,6.73
,,26979,194858,,,198G Eri,7.0
,,27097,194872,,,198G Eri,7.1
199,Eri,27066,169273,,,199G Eri,6.7
200,Eri,27076,169274,,,200G Eri,6.8
201,Eri,27078,194870,,,201G Eri,6.8
202,Eri,27179,131092,,,202G Eri,5.94
203,Eri,27362,169317,,,203G Eri,6.0
204,Eri,27376,194902,41,\upsilon4,204G Eri,3.56
205,Eri,27411,169325,,,205G Eri,6.07
206,Eri,27436,131115,,,206G Eri,7.0
207,Eri,27490,194923,,,207G Eri,6.37
208,Eri,27528,149554,,,208G Eri,6.8
209,Eri,27536,131129,,,209G Eri,6.27
210,Eri,27563,131132,,d,210G Eri,5.85
211,Eri,27611,131140,,,211G Eri,5.86
212,Eri,27616,169354,,,212G Eri,5.38
213,Eri,27660,131143,,,213G Eri,6.44
214,Eri,27710,169368,,,214G Eri,5.96
,,,169369,,,214G Eri,8.6
215,Eri,27861,131176,42,\xi,215G Eri,5.17
216,Eri,27881,169391,,,216G Eri,5.83
217,Eri,27950,194972,,,217G Eri,7.0
218,Eri,27941,194971,,,218G Eri,6.39
219,Eri,28028,194984,43,\upsilon3,219G Eri,3.96
220,Eri,28143,194996,,,220G Eri,6.52
221,Eri,28264,149639,,,221G Eri,7.1
222,Eri,28312,169455,,,222G Eri,6.11
223,Eri,28313,195019,,,223G Eri,6.7
224,Eri,28386,149661,,,224G Eri,7.1
225,Eri,28396,169475,,,225G Eri,6.7
226,Eri,28428,195034,,,226G Eri,7.0
227,Eri,28479,149668,,,227G Eri,5.96
228,Eri,28497,149674,,,228G Eri,5.6
229,Eri,28625,149682,,,229G Eri,6.24
230,Eri,28708,169521,,,230G Eri,7.1
231,Eri,28749,131270,45,,231G Eri,4.91
232,Eri,28763,149702,,,232G Eri,6.21
233,Eri,28776,195085,,,233G Eri,5.96
234,Eri,28843,131279,,,234G Eri,5.75
235,Eri,28947,149722,,,235G Eri,6.6
236,Eri,28970,149725,,,236G Eri,6.06
237,Eri,28961,131298,,,237G Eri,6.7
238,Eri,28980,131301,,,238G Eri,6.7
239,Eri,29009,131309,46,,239G Eri,5.72
240,Eri,29063,131317,,,240G Eri,6.09
241,Eri,29064,131315,47,,241G Eri,5.11
242,Eri,29065,131316,,,242G Eri,5.26
243,Eri,29085,169570,50,\upsilon1,243G Eri,4.51
244,Eri,29134,169574,,,244G Eri,6.9
,,29172,131334,,,245G Eri,7.7
245,Eri,29173,131335,,,245G Eri,6.37
246,Eri,29163,169581,,,246G Eri,6.3
247,Eri,29184,169584,,,247G Eri,6.13
248,Eri,29227,131344,,,248G Eri,6.33
249,Eri,29239,169589,,,249G Eri,6.5
250,Eri,29248,131346,48,\nu,250G Eri,3.93
251,Eri,29291,195148,52,\upsilon2,251G Eri,3.82
252,Eri,29391,131358,51,c,252G Eri,5.21
253,Eri,29435,195163,,,253G Eri,6.3
254,Eri,29503,149781,53,l,254G Eri,3.85
255,Eri,29573,149789,,,255G Eri,5.01
256,Eri,29610,131392,,,256G Eri,6.1
257,Eri,29613,149797,,,257G Eri,5.46
258,Eri,29737,169650,,,258G Eri,5.58
259,Eri,29755,149818,54,,259G Eri,4.32
260,Eri,29851,149831,,,260G Eri,6.6
261,Eri,29870,131419,,,261G Eri,6.8
262,Eri,30020,131442,55,,262G Eri,6.82
,,30021,131443,55,,262G Eri,6.7
263,Eri,30076,131451,56,,263G Eri,5.9
264,Eri,30127,149856,,,264G Eri,5.53
265,Eri,30182,169712,,,265G Eri,6.8
266,Eri,30211,131468,57,\mu,266G Eri,4.0
267,Eri,30238,169727,,,267G Eri,5.72
268,Eri,30422,169752,,,268G Eri,6.19
269,Eri,30495,149888,58,,269G Eri,5.5
270,Eri,30562,131504,,,270G Eri,5.77
271,Eri,30606,149901,59,,271G Eri,5.75
272,Eri,30743,149916,,,272G Eri,6.26
,,30691,149910,,,273G Eri,7.8
,,30730,149913,,,273G Eri,8.4
,,30744,149915,,,273G Eri,8.8
273,Eri,30801,149923,,,273G Eri,6.7
274,Eri,30814,149924,60,,274G Eri,5.03
275,Eri,30983,169815,,,275G Eri,7.0
276,Eri,31109,131568,61,\omega,276G Eri,4.4
277,Eri,31225,169847,,,277G Eri,7.02
278,Eri,31414,149985,,,278G Eri,5.7
279,Eri,31444,149988,,,279G Eri,5.72
280,Eri,31512,131614,62,b,280G Eri,5.51
281,Eri,31726,150029,,,281G Eri,6.15
282,Eri,32008,150060,63,,282G Eri,5.38
283,Eri,32045,150064,64,S,283G Eri,4.79
284,Eri,32147,131688,,,284G Eri,6.22
285,Eri,32249,131700,65,\psi,285G Eri,4.81
286,Eri,32306,131711,,,286G Eri,6.6
287,Eri,32393,131715,,,287G Eri,5.85
288,Eri,32964,131777,66,,288G Eri,5.14
289,Eri,33069,131791,,,289G Eri,7.02
290,Eri,33111,131794,67,\beta,290G Eri,2.79
291,Eri,33224,131806,,,291G Eri,5.78
292,Eri,33256,131813,68,,292G Eri,5.1
293,Eri,33328,131824,69,\lambda,293G Eri,4.25
1,For,10863,167279,,,1G For,6.35
2,For,11050,193303,,,2G For,6.32
3,For,11183,193320,,,3G For,6.34
4,For,11262,193326,,,4G For,6.37
5,For,11379,193335,,,5G For,7.21
6,For,11643,193368,,,6G For,6.1
7,For,11785,167392,,,7G For,7.0
8,For,11943,193396,,,8G For,6.6
9,For,12135,193422,,,9G For,6.35
10,For,12206,167461,,,10G For,6.79
11,For,12369,167481,,,11G For,7.04
12,For,12438,193455,,\pi,12G For,5.35
13,For,12563,167511,,,13G For,6.41
14,For,12596,167516,,,14G For,6.4
15,For,12767,167532,,\nu,15G For,4.69
16,For,13168,167576,,,16G For,7.2
17,For,13278,193534,,,17G For,7.0
18,For,13305,167599,,,18G For,6.47
19,For,13709,193573,,\mu,19G For,5.29
20,For,13794,193583,,,20G For,7.0
21,For,14247,193622,,,21G For,6.7
22,For,14412,167697,,,22G For,6.34
23,For,14802,167736,,\kappa,23G For,5.19
24,For,14880,167744,,,24G For,6.9
25,For,14890,193679,,,25G For,6.53
26,For,14988,167757,,,26G For,6.44
27,For,15048,193690,,,27G For,7.0
,,15394,193720,,,28G For,7.5
28,For,15427,193723,,\phi,28G For,5.14
29,For,15471,193727,,,29G For,6.11
30,For,15634,167837,,,30G For,6.51
31,For,15875,193757,,,31G For,6.5
32,For,15889,193759,,,32G For,6.3
33,For,15975,193763,,\lambda1,33G For,5.9
34,For,16046,167882,,\omega,34G For,4.89
35,For,16307,193795,,\iota1,35G For,5.75
36,For,16417,193811,,\lambda2,36G For,5.78
37,For,16538,193829,,\iota2,37G For,5.83
38,For,16589,193834,,,38G For,6.49
39,For,16733,193846,,,39G For,6.52
40,For,16975,193873,,,40G For,5.96
41,For,17082,168005,,,41G For,7.6
42,For,17083,193880,,,42G For,6.8
43,For,17134,168012,,,43G For,6.83
44,For,17168,193888,,,44G For,6.22
45,For,17169,193887,,,45G For,7.2
46,For,17528,193916,,\eta1,46G For,6.51
47,For,17610,193924,,,47G For,6.8
48,For,17627,193926,,\upsilon,48G For,6.7
49,For,17652,193931,,\beta,49G For,4.46
50,For,17713,168081,,\gamma1,50G For,6.14
51,For,17729,168082,,\gamma2,51G For,5.36
52,For,17793,193940,,\eta2,52G For,5.91
53,For,17829,193944,,\eta3,53G For,5.47
54,For,17926,193951,,,54G For,6.4
55,For,18149,193965,,\psi,55G For,5.92
56,For,18227,193975,,,56G For,6.9
57,For,18252,193981,,,57G For,7.0
58,For,18290,168150,,,58G For,6.7
59,For,18377,193987,,,59G For,7.1
,,18455,168181,,,59G For,7.35
60,For,18446,193998,,,60G For,6.5
61,For,18466,194002,,,61G For,6.29
62,For,18546,194007,,,62G For,6.41
,,18636,194015,,,62G For,7.7
63,For,18650,168202,,,63G For,6.14
64,For,18660,194018,,,64G For,6.7
65,For,18692,168209,,\zeta,65G For,5.71
66,For,18735,194023,,,66G For,6.32
67,For,18864,194035,,,67G For,7.2
68,For,18907,168238,,\epsilon,68G For,5.85
69,For,19545,168321,,,69G For,6.19
70,For,19659,194109,,,70G For,7.1
71,For,19904,194134,,,71G For,7.0
,,20029,194148,,,71G For,7.1
72,For,20010,168373,,\alpha,72G For,3.85
73,For,20071,194153,,,73G For,7.0
74,For,20142,168390,,,74G For,7.1
75,For,20144,194163,,,75G For,6.27
76,For,20176,168397,,,76G For,6.16
77,For,20232,194172,,,77G For,6.9
78,For,20293,168406,,,78G For,6.25
79,For,20301,194176,,,79G For,6.86
80,For,20423,194197,,,80G For,6.64
81,For,20484,194202,,,81G For,7.0
82,For,20606,168449,,,82G For,5.93
83,For,20729,168462,,,83G For,5.61
84,For,20749,194229,,,84G For,7.0
85,For,20852,168474,,,85G For,6.8
86,For,20853,168475,,,86G For,6.39
87,For,20980,168493,,,87G For,6.35
88,For,21149,194268,,,88G For,6.5
89,For,21423,194289,,\chi1,89G For,6.4
90,For,21430,168544,,,90G For,5.93
91,For,21574,194312,,\chi2,91G For,5.71
92,For,21635,194318,,\chi3,92G For,6.5
93,For,21852,194339,,,93G For,7.3
94,For,21997,168612,,,94G For,6.39
95,For,22052,168617,,,95G For,7.3
96,For,22262,194375,,,96G For,6.2
97,For,22333,168648,,,97G For,6.5
98,For,22322,194379,,,98G For,6.4
99,For,22347,194380,,,99G For,7.0
100,For,22594,194399,,,100G For,6.9
101,For,22789,168701,,\tau,101G For,6.01
102,For,23148,168751,,,102G For,6.7
103,For,23227,194467,,\delta,103G For,5.0
104,For,23616,168809,,,104G For,6.9
105,For,23738,168820,,\sigma,105G For,5.9
106,For,23856,194531,,,106G For,6.55
107,For,23869,168835,,,107G For,6.9
108,For,23920,168841,,,108G For,6.8
109,For,23940,194535,,\rho,109G For,5.54
110,For,24070,168858,,,110G For,6.9
1,Gru,204635,213058,,,1G Gru,7.7
2,Gru,204783,230726,,\xi,2G Gru,5.29
3,Gru,204960,230737,,,3G Gru,5.57
4,Gru,205048,230739,,,4G Gru,7.0
5,Gru,205096,230741,,,5G Gru,6.32
6,Gru,205186,213103,,,6G Gru,6.8
7,Gru,205591,230762,,,7G Gru,7.2
8,Gru,205913,230776,,,8G Gru,6.8
9,Gru,205933,230778,,,9G Gru,6.8
10,Gru,206395,230807,,,10G Gru,6.66
11,Gru,206642,213248,,,11G Gru,6.3
12,Gru,206709,213255,,,12G Gru,7.5
13,Gru,207129,230846,,,13G Gru,5.58
14,Gru,207193,230848,,,14G Gru,6.9
15,Gru,207376,230854,,,15G Gru,7.1
16,Gru,207400,230858,,,16G Gru,6.6
17,Gru,207895,213364,,,17G Gru,7.0
18,Gru,207971,213374,,\gamma,18G Gru,3.01
19,Gru,208215,230903,,,19G Gru,6.52
20,Gru,208321,213414,,,20G Gru,5.46
,,208434,213428,,,21G Gru,7.1
21,Gru,208435,213427,,,21G Gru,6.2
,,208487,213432,,,21G Gru,7.4
22,Gru,208627,230921,,,22G Gru,6.55
23,Gru,208625,230920,,,23G Gru,6.76
24,Gru,208737,213452,,,24G Gru,5.5
25,Gru,208992,213472,,,25G Gru,6.6
26,Gru,209661,230977,,,26G Gru,6.93
27,Gru,209688,213543,,\lambda,27G Gru,4.46
28,Gru,209952,230992,,\alpha,28G Gru,1.7
29,Gru,210204,231005,,,29G Gru,6.43
30,Gru,210441,231019,,,30G Gru,6.6
31,Gru,210622,231028,,,31G Gru,6.6
32,Gru,210918,231045,,,32G Gru,6.26
33,Gru,211052,231052,,,33G Gru,7.1
34,Gru,211053,231053,,,34G Gru,6.1
35,Gru,211088,231055,,\mu1,35G Gru,4.79
36,Gru,211202,231063,,\mu2,36G Gru,5.1
37,Gru,211415,247400,,,37G Gru,5.33
38,Gru,212087,231105,,\pi1,38G Gru,6.62
39,Gru,212132,231111,,\pi2,39G Gru,5.62
,,212180,231116,,,39G Gru,6.92
,,212308,231120,,,40G Gru,7.4
,,212328,231121,,,40G Gru,7.7
40,Gru,212386,231123,,,40G Gru,6.7
,,212895,213843,,,41G Gru,7.5
41,Gru,212953,213850,,\nu,41G Gru,5.47
42,Gru,213009,231154,,\delta1,42G Gru,3.97
43,Gru,213080,231161,,\delta2,43G Gru,4.11
44,Gru,213155,231168,,,44G Gru,6.92
45,Gru,213240,231175,,,45G Gru,6.8
46,Gru,213658,231192,,,46G Gru,6.79
47,Gru,213882,247502,,,47G Gru,6.7
48,Gru,214066,231213,,,48G Gru,6.7
49,Gru,214094,231214,,,49G Gru,6.76
50,Gru,214085,231211,,\sigma1,50G Gru,6.28
51,Gru,214150,231217,,\sigma2,51G Gru,5.86
52,Gru,214291,231223,,,52G Gru,6.7
53,Gru,214441,247531,,,53G Gru,6.65
54,Gru,214466,213983,,,54G Gru,7.0
55,Gru,214465,213982,,,55G Gru,6.7
56,Gru,214953,231257,,,56G Gru,6.02
57,Gru,214952,231258,,\beta,57G Gru,2.1
58,Gru,214987,231260,,,58G Gru,6.07
59,Gru,215104,231265,,\rho,59G Gru,4.85
60,Gru,215317,231272,,,60G Gru,7.1
61,Gru,215369,247570,,\eta,61G Gru,4.85
62,Gru,215405,231278,,,62G Gru,5.51
63,Gru,215424,247572,,,63G Gru,6.6
64,Gru,215456,231285,,,64G Gru,6.64
65,Gru,215504,231287,,,65G Gru,6.48
66,Gru,215545,231290,,,66G Gru,6.56
67,Gru,215724,214087,,,67G Gru,6.71
68,Gru,215789,247593,,\epsilon,68G Gru,3.49
,,215985,247605,,,68G Gru,7.0
,,216056,247614,,,68G Gru,8.0
69,Gru,216149,214134,,,69G Gru,5.42
70,Gru,216435,231343,,\tau1,70G Gru,6.03
71,Gru,216656,231353,,\tau2,71G Gru,6.67
72,Gru,216655,231354,,,72G Gru,7.03
73,Gru,216666,214182,,,73G Gru,6.4
74,Gru,216742,231360,,,74G Gru,6.8
75,Gru,216823,231364,,\tau3,75G Gru,5.7
76,Gru,217307,231387,,,76G Gru,7.0
77,Gru,217364,247680,,,77G Gru,4.12
78,Gru,217403,247683,,,78G Gru,5.68
79,Gru,217642,214261,,,79G Gru,6.47
80,Gru,217670,231409,,,80G Gru,6.6
81,Gru,217807,231415,,,81G Gru,6.7
82,Gru,217842,231419,,,82G Gru,5.79
83,Gru,217902,247711,,\kappa,83G Gru,5.37
84,Gru,218227,231444,,\theta,84G Gru,4.3
85,Gru,218242,214313,,\upsilon,85G Gru,5.61
86,Gru,218255,231445,,,86G Gru,6.33
87,Gru,218269,247739,,,87G Gru,6.24
88,Gru,218630,231464,,,88G Gru,5.81
89,Gru,218655,231465,,,89G Gru,5.83
90,Gru,218670,231468,,\iota,90G Gru,3.9
91,Gru,219023,231493,,,91G Gru,6.8
92,Gru,219263,231512,,,92G Gru,5.77
93,Gru,219458,247809,,,93G Gru,7.1
94,Gru,219507,231532,,,94G Gru,5.92
95,Gru,219531,231533,,,95G Gru,6.47
96,Gru,219665,231538,,,96G Gru,7.2
97,Gru,219693,231539,,\phi,97G Gru,5.53
98,Gru,219761,231542,,,98G Gru,6.59
99,Gru,219860,214451,,,99G Gru,7.1
100,Gru,219914,231553,,,100G Gru,6.7
,,,247837,,,101G Gru,8.9
101,Gru,220003,247838,,,101G Gru,6.05
102,Gru,220330,247851,,,102G Gru,6.6
103,Gru,220353,231583,,,103G Gru,7.1
,,220391,247853,,,104G Gru,7.12
104,Gru,220392,247854,,,104G Gru,6.15
105,Gru,220401,231587,,,105G Gru,6.1
106,Gru,220440,247858,,,106G Gru,5.75
107,Gru,220729,247874,,\omicron,107G Gru,5.52
1,Her,145892,121431,9,,1G Her,5.48
2,Her,146084,121443,,,2G Her,6.31
3,Her,146169,121451,12,,3G Her,6.8
4,Her,147869,121568,21,o,4G Her,5.85
5,Her,148148,121588,,,5G Her,6.8
6,Her,148297,121602,,,6G Her,6.7
7,Her,148979,121665,,,7G Her,6.98
8,Her,149059,121671,,,8G Her,6.7
9,Her,149121,121676,28,n,9G Her,5.64
10,Her,149433,121703,,,10G Her,6.8
11,Her,149908,121738,,,11G Her,6.6
,,150379,121774,36,,12G Her,6.93
12,Her,150378,121776,37,m,12G Her,5.77
13,Her,150525,121788,38,,13G Her,6.98
14,Her,151090,121831,41,,14G Her,6.58
15,Her,151217,121843,43,i,15G Her,5.15
16,Her,151525,121865,45,l,16G Her,5.24
17,Her,151956,121895,47,k,17G Her,5.49
1,Hor,14641,232717,,,1G Hor,5.81
2,Hor,15051,232745,,,2G Hor,7.8
3,Hor,15233,248555,,\lambda,3G Hor,5.35
4,Hor,15379,248556,,TZ,4G Hor,6.41
5,Hor,15646,248567,,,5G Hor,6.37
6,Hor,15793,232795,,TV,6G Hor,6.7
7,Hor,16170,232818,,,7G Hor,6.25
8,Hor,16226,248595,,,8G Hor,6.79
9,Hor,16241,248598,,,9G Hor,6.8
10,Hor,16346,232825,,,10G Hor,7.0
11,Hor,16555,232835,,\eta,11G Hor,5.31
,,16699,232841,,,12G Hor,7.0
12,Hor,16743,232847,,,12G Hor,6.7
13,Hor,16852,232851,,,13G Hor,7.7
,,16853,232852,,,13G Hor,7.7
14,Hor,16920,232857,,\zeta,14G Hor,5.21
15,Hor,16891,248616,,,15G Hor,6.55
16,Hor,16939,248618,,,16G Hor,7.1
17,Hor,17051,232864,,\iota,17G Hor,5.4
18,Hor,17254,232871,,,18G Hor,6.16
19,Hor,17326,248632,,,19G Hor,6.26
20,Hor,17504,248642,,\gamma,20G Hor,5.74
21,Hor,17848,248656,,\nu,21G Hor,5.26
22,Hor,18120,248667,,,22G Hor,6.6
23,Hor,18185,248673,,,23G Hor,6.03
24,Hor,18265,232933,,,24G Hor,6.21
25,Hor,18292,248676,,,25G Hor,6.4
26,Hor,18325,232937,,,26G Hor,6.7
27,Hor,18423,248681,,,27G Hor,6.56
28,Hor,18448,248682,,,28G Hor,6.7
29,Hor,18637,232950,,,29G Hor,6.7
30,Hor,18795,232958,,,30G Hor,6.8
31,Hor,18829,232961,,,31G Hor,6.7
32,Hor,18866,248701,,\beta,32G Hor,4.98
33,Hor,19319,232981,,\mu,33G Hor,5.11
34,Hor,19948,216197,,,34G Hor,6.12
35,Hor,19939,248744,,,35G Hor,6.9
36,Hor,20037,233023,,,36G Hor,6.7
37,Hor,20060,248748,,,37G Hor,6.65
38,Hor,20234,233037,,,38G Hor,5.74
39,Hor,20407,216230,,,39G Hor,6.77
40,Hor,20640,216246,,,40G Hor,5.85
41,Hor,21011,216278,,,41G Hor,6.39
42,Hor,21319,216302,,,42G Hor,7.1
43,Hor,21360,233106,,,43G Hor,6.6
44,Hor,21981,216357,,TU,44G Hor,5.99
45,Hor,22231,233152,,,45G Hor,5.68
46,Hor,22541,216398,,,46G Hor,7.1
47,Hor,23274,216445,,,47G Hor,7.0
48,Hor,23308,216449,,,48G Hor,6.49
,,23368,233231,,,49G Hor,7.2
49,Hor,23456,233238,,,49G Hor,6.97
50,Hor,23670,216469,,,50G Hor,6.49
51,Hor,23719,216470,,,51G Hor,5.73
52,Hor,24023,233270,,,52G Hor,6.5
53,Hor,24291,216513,,,53G Hor,6.94
54,Hor,24500,216527,,,54G Hor,6.71
55,Hor,24706,216540,,,55G Hor,5.93
56,Hor,24805,216548,,,56G Hor,6.91
57,Hor,25301,216590,,,57G Hor,6.84
58,Hor,25771,216618,,,58G Hor,7.0
59,Hor,25860,216625,,,59G Hor,6.63
60,Hor,26262,216655,,,60G Hor,6.59
61,Hor,26246,216651,,,61G Hor,7.0
62,Hor,26413,216667,,,62G Hor,6.59
63,Hor,26612,216682,,\delta,63G Hor,4.9
64,Hor,26820,216694,,,64G Hor,6.71
65,Hor,26927,216705,,,65G Hor,6.37
66,Hor,26967,216710,,\alpha,66G Hor,3.86
67,Hor,27019,216711,,,67G Hor,6.77
68,Hor,27588,216749,,,68G Hor,5.34
1,Hya,68312,135611,,,1G Hya,5.36
2,Hya,68504,116481,,,2G Hya,7.2
,,68287,135610,,,2G Hya,7.7
,,68426,135622,,,2G Hya,7.9
,,,,,,2G Hya,
,,68527,,,,2G Hya,9.28
,,68585,135635,,,2G Hya,9.1
,,68646,135639,,,2G Hya,9.0
,,68669,135644,,,2G Hya,8.6
,,68685,,,,2G Hya,8.6
,,,,,,2G Hya,
,,68779,135653,,,2G Hya,9.0
,,,135654,,,2G Hya,9.0
,,68879,135668,,,2G Hya,8.4
3,Hya,68667,135643,,,3G Hya,6.4
4,Hya,69480,116582,,,4G Hya,6.53
,,69437,135715,,,4G Hya,7.5
,,69460,135717,,,4G Hya,7.0
,,69351,135709,,,5G Hya,7.1
5,Hya,69502,135724,,,5G Hya,6.6
,,69523,116587,,,5G Hya,7.4
,,69632,116597,,,5G Hya,7.0
,,69608,116592,,,6G Hya,7.6
,,69633,116593,,,6G Hya,7.6
6,Hya,70013,116630,,,6G Hya,6.05
7,Hya,69997,154105,,,7G Hya,6.32
8,Hya,70110,135783,,,8G Hya,6.2
69,Hya,75422,136316,,,69G Hya,6.8
9,Hya,70148,135787,,,9G Hya,6.13
10,Hya,70340,135804,,,10G Hya,6.5
11,Hya,70438,154152,,,11G Hya,6.9
12,Hya,70499,154158,,,12G Hya,6.7
13,Hya,70574,135832,,,13G Hya,6.15
14,Hya,70652,135840,,,14G Hya,5.96
15,Hya,70958,135877,1,,15G Hya,5.6
16,Hya,70937,135882,,,16G Hya,6.0
17,Hya,71095,116747,,,17G Hya,5.73
18,Hya,71136,116751,,,18G Hya,6.6
19,Hya,71155,135896,,C,19G Hya,3.9
20,Hya,71172,135897,,,20G Hya,7.6
21,Hya,71252,135908,,,21G Hya,6.9
22,Hya,71253,154247,,,22G Hya,6.6
23,Hya,71297,135916,2,,23G Hya,5.59
24,Hya,71433,135931,,,24G Hya,6.59
25,Hya,71663,135958,,,25G Hya,6.39
26,Hya,71665,135956,,,26G Hya,6.43
27,Hya,71766,135965,,,27G Hya,6.0
28,Hya,71830,135971,,,28G Hya,6.8
29,Hya,72462,154373,,,29G Hya,6.38
30,Hya,72474,154374,,,30G Hya,6.7
31,Hya,72506,136026,,,31G Hya,6.6
32,Hya,72561,116890,,,32G Hya,5.87
33,Hya,72660,136044,,,33G Hya,5.81
34,Hya,72908,116920,,,34G Hya,6.33
35,Hya,72968,136076,3,,35G Hya,5.72
36,Hya,73262,116965,4,\delta,36G Hya,4.16
37,Hya,73281,136103,,,37G Hya,6.19
38,Hya,73350,136111,,,38G Hya,6.73
39,Hya,73451,136117,,,39G Hya,6.51
40,Hya,73332,154464,,,40G Hya,6.6
41,Hya,73431,154475,,,41G Hya,6.65
42,Hya,73471,116988,5,\sigma,42G Hya,4.44
43,Hya,73687,154504,,,43G Hya,6.6
44,Hya,73840,154515,6,,44G Hya,4.98
45,Hya,73844,154514,,AK,45G Hya,6.6
46,Hya,73997,136176,,,46G Hya,6.63
47,Hya,74137,154552,9,,47G Hya,4.88
48,Hya,74190,154558,,,48G Hya,6.47
49,Hya,74280,117050,7,\eta,49G Hya,4.3
50,Hya,74393,117069,,,50G Hya,6.39
51,Hya,74395,136221,,F,51G Hya,4.62
52,Hya,74591,117088,10,,52G Hya,6.1
53,Hya,74686,117093,,,53G Hya,6.8
54,Hya,74685,117095,,,54G Hya,6.4
55,Hya,74688,136243,,,55G Hya,6.41
56,Hya,74794,136254,,,56G Hya,5.7
57,Hya,74831,117102,,,57G Hya,6.9
58,Hya,74860,154615,,,58G Hya,6.25
59,Hya,74874,117112,11,\epsilon,59G Hya,3.38
60,Hya,74918,154622,12,D,60G Hya,4.32
61,Hya,74988,136276,,,61G Hya,5.29
62,Hya,74991,154628,,,62G Hya,6.5
63,Hya,75098,154636,,,63G Hya,6.6
64,Hya,75137,117146,13,\rho,64G Hya,4.36
65,Hya,75140,136287,,,65G Hya,6.09
66,Hya,75217,136294,,,66G Hya,6.42
67,Hya,75333,136308,14,,67G Hya,5.31
68,Hya,75357,117170,,,68G Hya,6.9
70,Hya,75737,136345,15,,70G Hya,5.54
71,Hya,75811,117214,,,71G Hya,6.33
72,Hya,75881,154701,,,72G Hya,6.8
73,Hya,75916,154704,,,73G Hya,6.13
74,Hya,76027,154714,,,74G Hya,6.5
75,Hya,76151,136389,,,75G Hya,6.0
76,Hya,76243,154732,,,76G Hya,6.8
77,Hya,76294,117264,16,\zeta,77G Hya,3.11
78,Hya,76352,154743,,,78G Hya,6.8
79,Hya,76370,136409,17,,79G Hya,6.7
80,Hya,76376,154745,,,80G Hya,5.75
,,76377,154746,,,80G Hya,7.1
81,Hya,76494,117287,,,81G Hya,6.14
82,Hya,76478,154760,,,82G Hya,6.6
83,Hya,76583,117292,,,83G Hya,6.8
84,Hya,76579,154773,,,84G Hya,5.96
85,Hya,76635,154781,,,85G Hya,6.6
86,Hya,76757,117311,,,86G Hya,6.59
87,Hya,76735,136450,,,87G Hya,6.6
88,Hya,76932,154804,,,88G Hya,5.86
,,76962,154808,,,88G Hya,6.9
89,Hya,77084,154815,,,89G Hya,6.18
,,77196,136489,,,89G Hya,7.2
,,77231,136494,,,89G Hya,7.3
90,Hya,77250,117351,,,90G Hya,6.07
91,Hya,77296,136502,,,91G Hya,6.7
92,Hya,77353,136511,,,92G Hya,5.67
93,Hya,77640,136542,,,93G Hya,6.83
94,Hya,77735,154871,,,94G Hya,6.8
95,Hya,77996,117420,18,\omega,95G Hya,4.97
96,Hya,78196,117432,,,96G Hya,6.17
97,Hya,78255,117434,,,97G Hya,6.5
98,Hya,78302,154918,,,98G Hya,6.7
99,Hya,78556,136604,19,,99G Hya,5.6
100,Hya,78614,154944,,,100G Hya,6.5
101,Hya,78668,154953,,,101G Hya,5.77
102,Hya,78702,154950,,,102G Hya,5.73
103,Hya,78732,136622,20,,103G Hya,5.46
,,78891,154967,,,103G Hya,6.97
,,78954,154974,,,103G Hya,8.6
104,Hya,79066,117487,,,104G Hya,6.3
105,Hya,79108,117492,,,105G Hya,6.15
,,79097,136651,,,106G Hya,7.61
106,Hya,79193,136662,21,,106G Hya,6.11
107,Hya,79181,154989,,,107G Hya,5.73
108,Hya,79469,117527,22,\theta,108G Hya,3.88
109,Hya,79481,155021,,,109G Hya,6.6
110,Hya,79566,136687,,,110G Hya,7.0
111,Hya,79752,155032,,,111G Hya,6.31
112,Hya,79910,136725,23,,112G Hya,5.24
113,Hya,79914,155048,,,113G Hya,6.81
114,Hya,79931,136728,24,,114G Hya,5.49
115,Hya,79873,117553,,,115G Hya,6.5
116,Hya,80046,117569,,,116G Hya,6.9
117,Hya,79994,155056,,,117G Hya,6.5
118,Hya,80050,155060,,,118G Hya,5.84
,,80370,155083,,,118G Hya,8.7
,,80369,155084,,,118G Hya,6.9
119,Hya,80425,117590,,,119G Hya,6.64
120,Hya,80447,155090,,,120G Hya,6.6
178,Hya,85444,155542,39,\upsilon1,178G Hya,4.12
121,Hya,80479,155091,,,121G Hya,5.78
122,Hya,80499,155096,26,,122G Hya,4.79
,,80537,117603,,,123G Hya,7.6
123,Hya,80567,117605,,,123G Hya,6.5
,,80550,136767,,,124G Hya,6.95
124,Hya,80586,136768,27,P,124G Hya,4.8
125,Hya,80678,117611,,,125G Hya,7.0
126,Hya,80719,155114,,,126G Hya,6.31
127,Hya,80796,136784,,,127G Hya,7.1
,,,136786,,,127G Hya,8.1
128,Hya,80970,155130,,,128G Hya,6.6
129,Hya,81009,136799,,,129G Hya,6.53
130,Hya,81029,117641,,,130G Hya,7.31
131,Hya,81067,117648,,,131G Hya,6.8
132,Hya,81212,117661,,,132G Hya,6.8
133,Hya,81342,136821,,,133G Hya,6.88
134,Hya,81420,136832,28,,134G Hya,5.59
135,Hya,81524,136840,,,135G Hya,6.7
136,Hya,81567,136844,,,136G Hya,6.01
137,Hya,81670,117704,,,137G Hya,6.7
138,Hya,81712,155193,,,138G Hya,6.8
139,Hya,81728,136861,29,,139G Hya,6.54
140,Hya,81797,136871,30,\alpha,140G Hya,1.98
141,Hya,81799,177469,,G,141G Hya,4.69
142,Hya,81809,136872,,,142G Hya,5.4
,,81874,136878,,,143G Hya,7.1
143,Hya,81902,136883,,,143G Hya,6.8
144,Hya,81980,136894,,,144G Hya,6.27
145,Hya,81997,136895,31,\tau1,145G Hya,4.6
146,Hya,82043,136899,,,146G Hya,6.1
147,Hya,82074,136900,,,147G Hya,6.26
148,Hya,82077,177521,,,148G Hya,5.66
149,Hya,82180,177541,,,149G Hya,6.24
150,Hya,82232,155246,,,150G Hya,5.85
151,Hya,82355,117747,,,151G Hya,6.9
152,Hya,82446,136932,32,\tau2,152G Hya,4.6
153,Hya,82428,155257,,,153G Hya,6.14
154,Hya,82477,155262,,,154G Hya,6.13
155,Hya,82543,117757,,,155G Hya,6.11
156,Hya,82573,155273,,,156G Hya,5.74
157,Hya,82638,136945,,,157G Hya,6.12
158,Hya,82660,155281,,,158G Hya,5.94
159,Hya,82674,136951,,,159G Hya,6.24
160,Hya,82734,177642,,,160G Hya,5.01
161,Hya,82724,177647,,,161G Hya,6.8
162,Hya,82747,177649,,,162G Hya,5.91
163,Hya,82870,136964,33,,163G Hya,5.56
164,Hya,82943,155312,,,164G Hya,6.7
165,Hya,83104,155323,,,165G Hya,6.31
166,Hya,83352,137007,,,166G Hya,6.5
167,Hya,83373,137011,34,,167G Hya,6.41
168,Hya,83425,117821,,H,168G Hya,4.68
169,Hya,83572,155370,,,169G Hya,6.9
170,Hya,83618,137035,35,\iota,170G Hya,3.91
171,Hya,83650,155377,37,,171G Hya,6.31
172,Hya,83731,155387,,,172G Hya,6.37
173,Hya,83754,155388,38,\kappa,173G Hya,5.04
174,Hya,83953,177840,,I,174G Hya,4.77
175,Hya,84117,177866,,,175G Hya,4.94
176,Hya,84257,177893,,,176G Hya,6.6
177,Hya,85129,155515,,,177G Hya,6.9
179,Hya,85519,155553,,,179G Hya,6.08
180,Hya,85883,155582,,,180G Hya,7.0
181,Hya,85859,178158,,,181G Hya,4.88
182,Hya,85905,178164,,,182G Hya,6.23
183,Hya,85951,155588,,,183G Hya,4.94
184,Hya,85949,155592,,,184G Hya,6.6
185,Hya,86266,178214,,,185G Hya,6.28
186,Hya,86371,155622,,,186G Hya,6.6
187,Hya,86463,178247,,,187G Hya,6.6
188,Hya,86612,178271,,,188G Hya,6.21
189,Hya,86626,178276,,,189G Hya,6.8
190,Hya,87130,178336,,,190G Hya,6.9
191,Hya,87318,178357,,,191G Hya,6.72
192,Hya,87344,155704,,,192G Hya,5.86
193,Hya,87427,178367,,,193G Hya,5.68
194,Hya,87504,155713,40,\upsilon2,194G Hya,4.6
195,Hya,87808,155739,,,195G Hya,5.6
196,Hya,87810,178431,,,196G Hya,6.7
197,Hya,88025,155763,,,197G Hya,6.27
,,88084,155769,,,197G Hya,7.4
198,Hya,88109,155771,,,198G Hya,7.1
199,Hya,88182,155777,,,199G Hya,6.24
200,Hya,88215,155780,,,200G Hya,5.31
201,Hya,88284,155785,41,\lambda,201G Hya,3.61
202,Hya,88300,155786,,,202G Hya,7.1
203,Hya,88419,155800,,,203G Hya,6.9
204,Hya,88595,155820,,,204G Hya,6.46
205,Hya,88699,178544,,,205G Hya,6.23
206,Hya,88806,178558,,,206G Hya,6.34
207,Hya,89132,155862,,,207G Hya,6.6
208,Hya,89169,178610,,,208G Hya,6.57
209,Hya,89455,155894,,,209G Hya,6.0
210,Hya,89747,155920,,,210G Hya,6.5
211,Hya,89746,155922,,,211G Hya,6.6
212,Hya,89796,178717,,,212G Hya,6.8
213,Hya,89816,178721,,,213G Hya,6.48
214,Hya,89828,178723,,,214G Hya,6.51
215,Hya,89884,155931,,,215G Hya,7.13
216,Hya,89897,155934,,,216G Hya,6.8
217,Hya,89911,155935,,,217G Hya,6.13
218,Hya,90027,178755,,,218G Hya,6.8
219,Hya,90045,155947,,,219G Hya,6.5
220,Hya,90366,178801,,,220G Hya,6.7
221,Hya,90432,155980,42,\mu,221G Hya,3.81
222,Hya,90606,155994,,,222G Hya,7.1
223,Hya,90776,156005,,,223G Hya,6.8
224,Hya,90957,178888,,,224G Hya,5.58
225,Hya,91120,156029,,,225G Hya,5.6
226,Hya,91135,178917,,,226G Hya,6.52
227,Hya,91280,178938,,,227G Hya,6.05
228,Hya,91398,178957,,,228G Hya,7.0
229,Hya,91434,156057,,,229G Hya,6.8
230,Hya,91550,178979,44,,230G Hya,5.08
231,Hya,91706,178993,,,231G Hya,6.1
232,Hya,91728,156084,,,232G Hya,6.78
233,Hya,91790,156087,,,233G Hya,6.49
234,Hya,91880,156093,,\phi2,234G Hya,6.03
235,Hya,91881,179014,,,235G Hya,6.29
236,Hya,91889,156095,,,236G Hya,5.7
237,Hya,91955,179025,,,237G Hya,6.7
238,Hya,91964,179027,,,238G Hya,6.65
239,Hya,91992,156105,,,239G Hya,6.52
240,Hya,92055,156110,,U,240G Hya,4.82
241,Hya,92036,179041,,,241G Hya,4.89
242,Hya,92214,156122,,\phi,242G Hya,4.91
243,Hya,92245,156124,,,243G Hya,6.04
244,Hya,92719,156167,,,244G Hya,6.8
245,Hya,92770,156170,,,245G Hya,6.24
246,Hya,92844,179147,,,246G Hya,6.8
247,Hya,92934,201672,,,247G Hya,6.6
248,Hya,93064,179180,,,248G Hya,6.7
249,Hya,93397,156221,,b1,249G Hya,5.44
250,Hya,93410,179217,,,250G Hya,6.71
251,Hya,93526,156235,,,251G Hya,6.67
,,93525,156237,,,251G Hya,6.8
,,93524,156238,,,251G Hya,7.0
252,Hya,93657,201766,,,252G Hya,5.88
253,Hya,93731,179248,,,253G Hya,6.9
254,Hya,93813,156256,,\nu,254G Hya,3.11
255,Hya,94046,156271,,b2,255G Hya,6.6
256,Hya,94340,179301,,,256G Hya,7.08
257,Hya,94388,156301,,b3,257G Hya,5.24
258,Hya,94619,179334,,,258G Hya,6.44
259,Hya,95221,201976,,,259G Hya,5.71
260,Hya,95456,201998,,,260G Hya,6.07
261,Hya,95698,179456,,,261G Hya,6.23
262,Hya,95793,179469,,,262G Hya,6.7
263,Hya,95857,202039,,,263G Hya,6.46
264,Hya,96202,179514,,\chi1,264G Hya,4.94
265,Hya,96314,179522,,\chi2,265G Hya,5.71
266,Hya,96441,179542,,,266G Hya,6.77
267,Hya,96504,202096,,,267G Hya,6.5
268,Hya,96557,202100,,,268G Hya,6.59
269,Hya,96700,179558,,,269G Hya,6.54
270,Hya,96723,179568,,,270G Hya,6.49
271,Hya,96819,179577,,,271G Hya,5.44
272,Hya,97023,202149,,,272G Hya,5.79
273,Hya,97022,179604,,,273G Hya,6.8
274,Hya,97344,179628,,,274G Hya,6.4
275,Hya,97393,202197,,,275G Hya,6.47
276,Hya,97840,202240,,,276G Hya,6.99
277,Hya,98048,202266,,,277G Hya,6.8
278,Hya,98220,202288,,,278G Hya,6.85
279,Hya,98221,202289,,,279G Hya,6.44
,,98456,179768,,,279G Hya,7.9
,,98516,179776,,,279G Hya,7.7
,,98579,179783,,,279G Hya,6.7
280,Hya,99625,179904,,,280G Hya,6.7
281,Hya,99712,202478,,,281G Hya,6.45
282,Hya,99923,179934,,,282G Hya,6.67
283,Hya,100012,179943,,,283G Hya,6.7
284,Hya,100286,179967,,N,284G Hya,5.8
285,Hya,100287,179968,,N,285G Hya,5.68
286,Hya,100307,179969,,,286G Hya,6.16
287,Hya,100393,202554,,,287G Hya,5.04
288,Hya,100407,202558,,\xi,288G Hya,3.54
289,Hya,100623,202583,,,289G Hya,5.98
290,Hya,100721,202599,,,290G Hya,6.9
291,Hya,100893,202622,,,291G Hya,5.74
292,Hya,100953,202634,,,292G Hya,6.29
293,Hya,101431,202695,,\omicron,293G Hya,4.7
294,Hya,101563,180098,,,294G Hya,6.44
295,Hya,101666,202717,,,295G Hya,5.22
296,Hya,101959,180141,,,296G Hya,6.98
297,Hya,102438,202811,,,297G Hya,6.48
298,Hya,102620,180208,,,298G Hya,5.11
299,Hya,102888,180232,,,299G Hya,6.48
300,Hya,103026,202883,,,300G Hya,5.85
301,Hya,103192,202901,,\beta,301G Hya,4.28
302,Hya,103266,202910,,,302G Hya,6.19
303,Hya,103462,180288,,,303G Hya,5.3
304,Hya,103596,180307,,,304G Hya,5.93
,,103742,202965,,,304G Hya,7.64
,,103743,202966,,,304G Hya,7.81
305,Hya,103789,202971,,,305G Hya,6.21
306,Hya,103868,180329,,,306G Hya,7.0
307,Hya,103933,202991,,,307G Hya,7.1
308,Hya,104039,180349,,,308G Hya,6.43
309,Hya,104103,180356,,,309G Hya,6.9
310,Hya,104471,203046,,,310G Hya,6.91
311,Hya,105078,203119,,,311G Hya,6.23
312,Hya,105113,203123,,,312G Hya,6.6
313,Hya,105330,203150,,,313G Hya,6.7
314,Hya,105434,203162,,,314G Hya,6.7
315,Hya,105686,203183,,,315G Hya,6.17
316,Hya,106198,203245,,,316G Hya,6.5
317,Hya,106257,203252,,,317G Hya,6.33
318,Hya,106500,180604,,,318G Hya,6.4
319,Hya,107246,180689,,,319G Hya,6.6
320,Hya,107869,203427,,,320G Hya,6.36
321,Hya,108095,180783,,,321G Hya,7.0
322,Hya,108110,180786,,,322G Hya,6.09
323,Hya,108323,203477,,,323G Hya,5.55
324,Hya,108991,203557,,,324G Hya,6.8
325,Hya,109074,203567,,,325G Hya,6.48
,,109134,203574,,,325G Hya,7.6
326,Hya,109160,180884,,,326G Hya,6.6
327,Hya,109352,203596,,,327G Hya,7.0
328,Hya,109799,180965,,,328G Hya,5.45
329,Hya,109960,203666,,,329G Hya,5.89
330,Hya,110666,181063,,,330G Hya,5.48
331,Hya,110848,181075,,,331G Hya,6.8
,,111214,181104,,,332G Hya,6.7
332,Hya,111226,181105,,,332G Hya,6.44
333,Hya,111295,181114,,,333G Hya,5.66
334,Hya,111786,181169,,,334G Hya,6.15
335,Hya,112241,181231,,,335G Hya,6.7
336,Hya,112374,181244,,,336G Hya,6.61
337,Hya,112519,181265,,,337G Hya,6.31
338,Hya,112603,181274,,,338G Hya,6.8
339,Hya,113203,181334,,,339G Hya,6.7
340,Hya,113204,181335,,,340G Hya,6.9
,,113481,181365,,,340G Hya,6.8
,,113612,181375,,,340G Hya,7.69
341,Hya,114149,181410,45,\psi,341G Hya,4.95
342,Hya,114576,181446,,,342G Hya,6.5
343,Hya,114993,181476,,,343G Hya,6.6
344,Hya,115577,181536,,,344G Hya,6.79
345,Hya,115659,181543,46,\gamma,345G Hya,3.0
346,Hya,117033,181674,,,346G Hya,6.7
347,Hya,117287,181695,,R,347G Hya,4.97
348,Hya,117558,181723,,,348G Hya,6.47
349,Hya,117718,181735,,,349G Hya,6.44
350,Hya,117716,181737,,,350G Hya,5.7
351,Hya,118349,181790,,,351G Hya,5.78
352,Hya,118412,181797,,,352G Hya,7.13
353,Hya,118600,181821,,,353G Hya,6.9
354,Hya,118646,181825,,,354G Hya,5.83
355,Hya,119086,181863,,,355G Hya,6.59
356,Hya,119623,181921,,,356G Hya,6.21
357,Hya,119752,181931,,,357G Hya,5.81
358,Hya,120285,181981,,W,358G Hya,7.0
359,Hya,120455,181999,,,359G Hya,6.18
360,Hya,120690,182026,,,360G Hya,6.45
361,Hya,121156,182065,,,361G Hya,6.04
362,Hya,121524,182102,,,362G Hya,6.7
,,121579,182105,,,362G Hya,7.81
363,Hya,121699,182123,,,363G Hya,6.14
364,Hya,121758,182126,,,364G Hya,6.4
365,Hya,121847,182134,47,,365G Hya,5.15
366,Hya,122066,182152,48,,366G Hya,5.77
367,Hya,122430,182182,,,367G Hya,5.48
368,Hya,123123,182244,49,\pi,368G Hya,3.27
369,Hya,124162,182343,,,369G Hya,6.34
370,Hya,124206,182349,50,,370G Hya,5.08
371,Hya,124281,182354,,,371G Hya,6.24
372,Hya,124576,182374,,,372G Hya,6.1
373,Hya,125279,182435,,,373G Hya,6.4
374,Hya,125276,182433,,,374G Hya,5.87
375,Hya,125932,182483,51,k,375G Hya,4.77
376,Hya,126057,182498,,,376G Hya,6.9
377,Hya,126334,182527,,,377G Hya,6.9
378,Hya,126400,182535,,,378G Hya,6.48
379,Hya,126769,182570,52,l,379G Hya,4.97
380,Hya,128787,182739,,,380G Hya,6.99
381,Hya,128928,182752,,,381G Hya,6.9
382,Hya,129926,182855,54,m1,382G Hya,4.94
383,Hya,129926,182856,54,m2,383G Hya,7.2
384,Hya,130158,182875,55,,384G Hya,5.63
385,Hya,130259,182882,56,,385G Hya,5.24
386,Hya,130274,182883,57,,386G Hya,5.77
387,Hya,130694,182911,58,E,387G Hya,4.42
388,Hya,131338,182971,,,388G Hya,7.4
389,Hya,131415,182982,,,389G Hya,6.6
390,Hya,131885,183025,,,390G Hya,6.9
391,Hya,131919,183030,,,391G Hya,6.29
392,Hya,132219,183058,59,,392G Hya,5.65
393,Hya,132851,183099,60,,393G Hya,5.85
1,Hyi,1221,255650,,,1G Hyi,6.49
2,Hyi,1237,258219,,,2G Hyi,6.7
3,Hyi,1324,255652,,,3G Hyi,6.77
4,Hyi,1801,255663,,,4G Hyi,5.97
5,Hyi,2151,255670,,\beta,5G Hyi,2.8
6,Hyi,3528,255687,,,6G Hyi,6.7
7,Hyi,4438,255701,,,7G Hyi,6.6
8,Hyi,4815,255710,,\lambda,8G Hyi,5.07
9,Hyi,8810,248381,,,9G Hyi,5.93
,,9405,,,,10G Hyi,8.0
10,Hyi,9477,248394,,,10G Hyi,7.24
11,Hyi,9798,248401,,,11G Hyi,7.0
12,Hyi,9896,232470,,,12G Hyi,6.01
13,Hyi,10052,232477,,,13G Hyi,6.18
14,Hyi,10042,255794,,,14G Hyi,6.11
15,Hyi,10615,248421,,,15G Hyi,5.71
16,Hyi,10840,248427,,,16G Hyi,6.9
17,Hyi,10859,255806,,\tau1,17G Hyi,6.33
18,Hyi,11604,258280,,\tau2,18G Hyi,6.06
19,Hyi,11733,248455,,\eta1,19G Hyi,6.7
20,Hyi,11944,248461,,,20G Hyi,6.8
,,11944,248462,,,20G Hyi,7.0
21,Hyi,11977,248460,,\eta2,21G Hyi,4.69
22,Hyi,11995,248464,,,22G Hyi,6.06
23,Hyi,12270,248472,,,23G Hyi,6.37
24,Hyi,12311,248474,,\alpha,24G Hyi,2.9
25,Hyi,12363,255835,,\sigma,25G Hyi,6.15
26,Hyi,12477,248476,,,26G Hyi,6.1
27,Hyi,12680,248482,,,27G Hyi,6.9
,,12603,255838,,,28G Hyi,7.7
28,Hyi,12951,255839,,,28G Hyi,6.8
29,Hyi,12851,255842,,,29G Hyi,6.9
30,Hyi,12853,255841,,,30G Hyi,6.8
31,Hyi,13263,248497,,,31G Hyi,6.7
32,Hyi,13928,255857,,,32G Hyi,6.7
33,Hyi,13950,255859,,,33G Hyi,7.2
34,Hyi,13951,255858,,,34G Hyi,6.9
35,Hyi,14141,248518,,\pi1,35G Hyi,5.55
36,Hyi,14287,248521,,\pi2,36G Hyi,5.69
37,Hyi,14401,255864,,,37G Hyi,6.5
38,Hyi,15008,248545,,\delta,38G Hyi,4.1
39,Hyi,15248,255880,,\kappa,39G Hyi,6.01
,,15841,255890,,,40G Hyi,7.1
,,16148,255895,,,40G Hyi,8.0
40,Hyi,16493,255904,,,40G Hyi,6.8
,,16382,255899,,,41G Hyi,7.9
41,Hyi,16427,255901,,,41G Hyi,6.8
42,Hyi,16522,255898,,\mu,42G Hyi,5.28
43,Hyi,16940,255910,,,43G Hyi,6.7
44,Hyi,16978,248621,,\epsilon,44G Hyi,4.11
45,Hyi,17072,248626,,,45G Hyi,6.6
46,Hyi,17374,248634,,,46G Hyi,6.6
47,Hyi,17566,248644,,\zeta,47G Hyi,4.84
48,Hyi,17653,255919,,,48G Hyi,6.7
49,Hyi,18121,248663,,,49G Hyi,6.3
50,Hyi,18293,255929,,\nu,50G Hyi,4.75
51,Hyi,19400,255945,,\theta,51G Hyi,5.53
52,Hyi,19755,255951,,,52G Hyi,6.8
,,19718,255952,,,52G Hyi,7.8
,,19890,255957,,,52G Hyi,7.0
53,Hyi,19940,248742,,,53G Hyi,6.15
54,Hyi,20335,255963,,,54G Hyi,6.9
55,Hyi,20313,255962,,,55G Hyi,5.7
56,Hyi,21024,255973,,\iota,56G Hyi,5.5
57,Hyi,21223,248785,,,57G Hyi,7.1
58,Hyi,21563,248797,,,58G Hyi,6.13
59,Hyi,21722,248804,,,59G Hyi,5.95
60,Hyi,21940,255988,,,60G Hyi,6.81
,,24062,256022,,,60G Hyi,7.4
,,24085,256023,,,60G Hyi,7.5
61,Hyi,24188,256025,,,61G Hyi,6.5
62,Hyi,24512,256029,,\gamma,62G Hyi,3.24
63,Hyi,25938,256053,,,63G Hyi,6.6
64,Hyi,27346,256073,,,64G Hyi,7.1
1,Ind,196171,230300,,\alpha,1G Ind,3.11
2,Ind,197157,246709,,\eta,2G Ind,4.51
,,197322,246715,,,2G Ind,7.0
,,197341,246717,,,2G Ind,7.0
3,Ind,197544,246725,,,3G Ind,6.6
4,Ind,198048,230391,,\zeta,4G Ind,4.89
5,Ind,198308,246762,,\iota,5G Ind,5.05
6,Ind,198700,246784,,\beta,6G Ind,3.65
7,Ind,198766,246786,,,7G Ind,6.24
8,Ind,199623,246820,,,8G Ind,5.76
9,Ind,200249,246846,,,9G Ind,6.5
10,Ind,200248,230501,,,10G Ind,7.0
11,Ind,200334,230507,,,11G Ind,7.05
12,Ind,200365,246854,,\mu,12G Ind,5.16
13,Ind,200798,246880,,,13G Ind,6.8
14,Ind,200856,230536,,,14G Ind,6.67
15,Ind,200887,230535,,,15G Ind,6.6
16,Ind,200918,230538,,,16G Ind,7.1
17,Ind,201172,246893,,,17G Ind,7.0
18,Ind,201789,230581,,,18G Ind,6.9
19,Ind,201933,246924,,,19G Ind,6.9
20,Ind,201931,230585,,,20G Ind,6.9
21,Ind,202027,246927,,,21G Ind,6.5
22,Ind,202026,230591,,,22G Ind,6.9
23,Ind,202103,246929,,,23G Ind,5.75
24,Ind,202501,230614,,,24G Ind,6.54
25,Ind,202730,246965,,\theta,25G Ind,4.4
26,Ind,202729,230628,,,26G Ind,7.0
27,Ind,202874,230635,,T,27G Ind,6.0
28,Ind,203010,246983,,,28G Ind,6.38
29,Ind,203021,246985,,,29G Ind,6.6
,,203125,246995,,,29G Ind,7.2
30,Ind,203257,230656,,,30G Ind,7.0
31,Ind,203497,247014,,,31G Ind,7.2
32,Ind,203548,230665,,,32G Ind,6.32
33,Ind,203725,230676,,,33G Ind,7.1
34,Ind,203760,247031,,\gamma,34G Ind,6.12
35,Ind,204228,247043,,,35G Ind,6.39
36,Ind,204385,255011,,,36G Ind,7.2
37,Ind,204873,247080,,,37G Ind,6.41
38,Ind,205123,247093,,,38G Ind,6.4
39,Ind,205348,255038,,,39G Ind,6.77
40,Ind,205417,255040,,,40G Ind,6.21
41,Ind,205877,247128,,,41G Ind,6.19
42,Ind,205935,247132,,,42G Ind,6.33
43,Ind,206399,257955,,,43G Ind,6.03
,,206504,257956,,,43G Ind,8.7
44,Ind,206397,255061,,,44G Ind,7.2
,,206381,247148,,,45G Ind,7.3
45,Ind,206429,247151,,,45G Ind,6.5
46,Ind,206428,247153,,,46G Ind,6.87
47,Ind,206502,247155,,,47G Ind,7.0
48,Ind,206653,255067,,,48G Ind,7.19
49,Ind,206691,255068,,,49G Ind,7.0
50,Ind,206690,230822,,,50G Ind,6.45
51,Ind,207015,255076,,,51G Ind,7.1
52,Ind,207158,247190,,,52G Ind,6.6
53,Ind,207241,255087,,\omicron,53G Ind,5.53
54,Ind,207229,255080,,,54G Ind,5.62
55,Ind,207870,257979,,,55G Ind,6.7
56,Ind,207896,257980,,,56G Ind,6.6
57,Ind,207964,255101,,,57G Ind,5.9
,,208217,255107,,,57G Ind,7.21
58,Ind,208149,247230,,\pi,58G Ind,6.18
59,Ind,208184,247229,,,59G Ind,6.5
60,Ind,208450,247244,,\delta,60G Ind,4.4
61,Ind,208496,247247,,\kappa1,61G Ind,6.19
62,Ind,208796,247262,,,62G Ind,6.02
63,Ind,208998,247274,,,63G Ind,7.13
64,Ind,209100,247287,,\epsilon,64G Ind,4.69
65,Ind,209529,247303,,\kappa2,65G Ind,5.62
66,Ind,209635,258000,,,66G Ind,6.7
67,Ind,209653,255146,,,67G Ind,7.0
68,Ind,209840,258002,,,68G Ind,6.9
69,Ind,210563,255175,,,69G Ind,6.9
70,Ind,211998,258033,,\nu,70G Ind,5.29
71,Ind,212211,258034,,,71G Ind,5.78
72,Ind,212728,255227,,,72G Ind,5.57
73,Ind,213222,255241,,,73G Ind,7.1
,,213591,258051,,,74G Ind,8.0
74,Ind,213742,258053,,,74G Ind,6.6
75,Ind,214343,255272,,,75G Ind,7.0
76,Ind,214539,255281,,,76G Ind,7.27
77,Ind,215505,255315,,,77G Ind,6.9
78,Ind,215729,258070,,,78G Ind,6.35
79,Ind,216437,258084,,\rho,79G Ind,6.05
80,Ind,217831,255395,,,80G Ind,5.52
81,Ind,218288,258106,,,81G Ind,6.15
82,Ind,218497,255418,,,82G Ind,6.6
83,Ind,218558,255420,,,83G Ind,6.47
84,Ind,219644,255455,,,84G Ind,6.13
1,Leo,81028,117646,,,1G Leo,6.85
2,Leo,81858,117717,2,\omega,2G Leo,5.41
3,Leo,81873,117718,3,,3G Leo,5.71
4,Leo,83240,117807,10,,4G Leo,5.0
5,Leo,84542,117898,,,5G Leo,5.79
6,Leo,84701,117908,,,6G Leo,6.7
7,Leo,86002,117997,,,7G Leo,6.6
8,Leo,86080,118001,,,8G Leo,5.85
9,Leo,86369,118023,,,9G Leo,6.04
10,Leo,86663,118044,29,\pi,10G Leo,4.7
11,Leo,89848,118260,,,11G Leo,6.9
12,Leo,89962,118269,43,,12G Leo,6.07
13,Leo,90254,118286,44,DE,13G Leo,5.61
14,Leo,91316,118355,47,\rho,14G Leo,3.85
15,Leo,91612,118376,48,,15G Leo,5.08
16,Leo,91636,118380,49,TX,16G Leo,5.67
17,Leo,93244,118483,,,17G Leo,6.37
18,Leo,94180,118550,,,18G Leo,6.38
19,Leo,94237,118555,,,19G Leo,6.31
20,Leo,94363,137863,,,20G Leo,6.12
21,Leo,94402,137871,,p1,21G Leo,5.45
22,Leo,94672,118574,55,,22G Leo,5.91
23,Leo,94705,118576,56,VY,23G Leo,5.81
24,Leo,94738,118577,57,,24G Leo,6.8
25,Leo,94864,137904,,,25G Leo,6.87
26,Leo,95345,118610,58,d,26G Leo,4.85
27,Leo,95382,118615,59,c,27G Leo,4.99
28,Leo,95578,137947,61,p2,28G Leo,4.74
29,Leo,95695,137952,,,29G Leo,6.8
30,Leo,95771,137963,,,30G Leo,6.1
31,Leo,95849,118634,62,p3,31G Leo,5.95
32,Leo,95981,137974,,,32G Leo,6.8
33,Leo,96097,118648,63,\chi,33G Leo,4.63
34,Leo,96436,118668,65,p4,34G Leo,5.52
35,Leo,96694,138001,,,35G Leo,6.8
36,Leo,96855,138015,66,,36G Leo,6.8
37,Leo,97585,118731,69,p5,37G Leo,5.42
38,Leo,97606,118734,,,38G Leo,6.8
39,Leo,97605,118735,,,39G Leo,5.79
40,Leo,97716,138079,,,40G Leo,6.7
41,Leo,97991,138096,,,41G Leo,7.41
42,Leo,98046,138101,,,42G Leo,6.8
43,Leo,98058,138102,74,\phi,43G Leo,4.5
44,Leo,98118,118764,75,,44G Leo,5.18
45,Leo,98366,118778,76,,45G Leo,5.91
,,98427,138130,,,45G Leo,7.09
46,Leo,98664,118804,77,\sigma,46G Leo,4.06
47,Leo,98697,118806,,,47G Leo,6.57
48,Leo,98747,118813,,,48G Leo,6.7
49,Leo,98947,118823,,,49G Leo,7.0
50,Leo,98960,118825,,,50G Leo,6.05
51,Leo,99055,118831,79,,51G Leo,5.39
52,Leo,99126,138184,,,52G Leo,7.04
53,Leo,99210,138190,,,53G Leo,6.7
54,Leo,99305,118847,82,,54G Leo,6.7
55,Leo,99329,118851,80,,55G Leo,6.37
56,Leo,99393,118859,,,56G Leo,6.7
57,Leo,99491,118864,83,,57G Leo,6.49
58,Leo,99648,118875,84,\tau,58G Leo,4.95
59,Leo,99651,138216,,,59G Leo,6.25
60,Leo,99665,138220,,,60G Leo,7.1
61,Leo,99904,118892,,,61G Leo,6.72
62,Leo,99998,138238,87,e,62G Leo,4.77
63,Leo,100238,138251,,,63G Leo,6.76
64,Leo,100456,118923,,,64G Leo,6.7
65,Leo,100563,118929,89,,65G Leo,5.7
66,Leo,100565,138275,,,66G Leo,6.7
67,Leo,100659,138284,,,67G Leo,6.5
68,Leo,100872,118946,,,68G Leo,7.0
69,Leo,100920,138298,91,\upsilon,69G Leo,4.3
70,Leo,100974,118952,,,70G Leo,7.0
1,Lep,31517,169889,,,1G Lep,6.7
2,Lep,31810,150038,,,2G Lep,6.6
3,Lep,31925,150052,,,3G Lep,5.67
4,Lep,31996,150058,,R,4G Lep,7.71
5,Lep,32309,169981,,,5G Lep,4.9
6,Lep,32436,169997,,,6G Lep,5.02
7,Lep,32503,170010,1,,7G Lep,5.75
8,Lep,32612,150109,,,8G Lep,6.4
9,Lep,32613,150113,,,9G Lep,6.8
10,Lep,32667,170029,,,10G Lep,5.59
11,Lep,32789,170040,,,11G Lep,7.2
12,Lep,32887,170051,2,\epsilon,12G Lep,3.19
13,Lep,32890,170050,,,13G Lep,5.73
14,Lep,32996,150149,,,14G Lep,6.05
15,Lep,33095,150156,,,15G Lep,6.44
16,Lep,33093,150159,,,16G Lep,5.97
17,Lep,33162,150166,,,17G Lep,6.6
18,Lep,33081,150154,,,18G Lep,7.2
,,33163,150165,,,18G Lep,7.3
19,Lep,33238,150170,,,19G Lep,6.6
,,33550,150194,,,20G Lep,7.0
20,Lep,33664,150206,,RX,20G Lep,5.68
21,Lep,33802,150223,3,\iota,21G Lep,4.44
22,Lep,33667,170151,,,22G Lep,6.41
23,Lep,33904,150237,5,\mu,23G Lep,3.31
24,Lep,33949,150239,4,\kappa,24G Lep,4.36
25,Lep,34045,150255,,,25G Lep,6.21
26,Lep,34198,170230,,,26G Lep,7.0
27,Lep,34318,150286,,,27G Lep,6.5
28,Lep,34310,170238,,,28G Lep,5.04
29,Lep,34324,170243,,,29G Lep,6.9
30,Lep,34447,150295,,,30G Lep,6.56
31,Lep,34513,150300,,,31G Lep,6.8
32,Lep,34527,150303,,,32G Lep,6.8
33,Lep,34538,150304,,,33G Lep,5.5
34,Lep,34721,150326,,,34G Lep,5.96
35,Lep,34798,150335,,,35G Lep,6.39
35,Lep,34797,150336,,,35G Lep,6.54
36,Lep,34816,150340,6,\lambda,36G Lep,4.3
37,Lep,34863,150345,7,\nu,37G Lep,5.3
38,Lep,34968,170327,,,38G Lep,4.71
39,Lep,35104,150375,,,39G Lep,6.56
40,Lep,35137,150379,,,40G Lep,6.9
41,Lep,35162,170351,,,41G Lep,5.06
42,Lep,35163,170352,,,42G Lep,6.7
43,Lep,35337,150396,8,,43G Lep,5.25
44,Lep,35386,170375,,,44G Lep,6.49
45,Lep,35505,150416,,,45G Lep,5.65
46,Lep,35591,150427,,,46G Lep,6.7
47,Lep,35736,150442,,,47G Lep,5.91
48,Lep,35850,150461,,,48G Lep,6.35
49,Lep,35991,170445,,,49G Lep,6.07
50,Lep,35994,170440,,,50G Lep,7.2
51,Lep,36079,170457,9,\beta,51G Lep,2.84
52,Lep,36274,170482,,,52G Lep,7.7
53,Lep,36473,170506,10,,53G Lep,5.55
54,Lep,36673,150547,11,\alpha,54G Lep,2.58
55,Lep,37104,150588,,,55G Lep,6.7
56,Lep,37306,150617,,,56G Lep,6.1
57,Lep,37643,150652,,,57G Lep,6.38
58,Lep,37847,170678,,,58G Lep,6.9
59,Lep,37971,150703,,,59G Lep,6.2
60,Lep,38054,150716,,,60G Lep,6.15
61,Lep,38090,170715,12,,61G Lep,5.89
62,Lep,38206,150739,,,62G Lep,5.73
63,Lep,38382,170756,,,63G Lep,6.34
,,38392,170757,,,64G Lep,6.15
64,Lep,38393,170759,13,\gamma,64G Lep,3.6
65,Lep,38426,170770,,,65G Lep,6.8
66,Lep,38678,150801,14,\zeta,66G Lep,3.6
67,Lep,38713,150806,,,67G Lep,6.16
68,Lep,38931,150830,,,68G Lep,6.8
69,Lep,39070,150845,,,69G Lep,5.49
70,Lep,39190,170892,,,70G Lep,5.85
71,Lep,39364,170926,15,\delta,71G Lep,3.81
72,Lep,39385,170931,,,72G Lep,6.17
,,39441,150884,,,72G Lep,7.2
,,39515,150895,,,72G Lep,8.3
73,Lep,39789,150925,,,73G Lep,6.68
74,Lep,39853,150932,,,74G Lep,5.61
75,Lep,39945,171001,,,75G Lep,6.8
76,Lep,40136,150957,16,\eta,76G Lep,3.7
77,Lep,40138,171031,,,77G Lep,7.1
78,Lep,40151,171034,,,78G Lep,5.96
79,Lep,40235,171045,,,79G Lep,6.36
80,Lep,40379,150972,,,80G Lep,6.9
,,40605,150994,,,81G Lep,7.3
81,Lep,40745,151011,,,81G Lep,6.22
82,Lep,40972,171138,,,82G Lep,6.05
83,Lep,41125,151052,,,83G Lep,6.2
84,Lep,41312,171180,,,84G Lep,5.01
85,Lep,41511,151093,17,,85G Lep,4.93
86,Lep,41695,151110,18,\theta,86G Lep,4.67
87,Lep,41698,171222,,S,87G Lep,6.62
88,Lep,41814,151126,,,88G Lep,6.66
89,Lep,41841,171236,,,89G Lep,5.47
90,Lep,41897,171248,,,90G Lep,7.1
91,Lep,41933,171251,,,91G Lep,5.78
92,Lep,42042,151142,19,,92G Lep,5.31
93,Lep,42116,151154,,,93G Lep,6.8
94,Lep,42301,171293,,,94G Lep,5.5
95,Lep,42327,151173,,,95G Lep,6.37
96,Lep,42341,151178,,,96G Lep,5.56
97,Lep,42443,171317,,,97G Lep,5.71
98,Lep,42459,151187,,,98G Lep,6.7
99,Lep,42486,171318,,,99G Lep,6.27
100,Lep,42621,171339,,,100G Lep,5.72
101,Lep,42659,151199,,,101G Lep,6.7
102,Lep,42729,171356,,,102G Lep,6.09
103,Lep,42747,151208,,,103G Lep,6.7
1,Lib,126035,158528,2,,1G Lib,6.21
,,126068,158531,,,1G Lib,9.5
,,126083,158532,,,1G Lib,8.2
,,126101,158534,,,1G Lib,8.0
2,Lib,126131,158539,,,2G Lib,6.71
3,Lib,126218,182517,,,3G Lib,5.32
4,Lib,126251,158550,,,4G Lib,6.49
,,126366,158556,,,5G Lib,6.98
5,Lib,126367,158558,,,5G Lib,6.61
6,Lib,126363,158554,,,6G Lib,6.5
7,Lib,126766,158577,,,7G Lib,6.65
8,Lib,126896,139953,,,8G Lib,6.7
9,Lib,127964,182676,,,9G Lib,6.5
10,Lib,128429,158677,,,10G Lib,6.2
11,Lib,128752,158696,,,11G Lib,6.73
,,129293,158742,,,11G Lib,7.0
,,129340,158746,,,11G Lib,8.4
12,Lib,129433,182795,4,,12G Lib,5.73
13,Lib,129566,140094,,,13G Lib,6.6
14,Lib,129784,140109,,,14G Lib,6.8
15,Lib,129944,182857,,,15G Lib,5.81
16,Lib,129978,158788,5,,16G Lib,6.33
17,Lib,129980,182858,,,17G Lib,6.4
18,Lib,130157,182873,,,18G Lib,6.06
19,Lib,130325,158808,,,19G Lib,6.35
20,Lib,130412,158813,,,20G Lib,6.9
21,Lib,130529,182898,,,21G Lib,5.68
22,Lib,130559,158821,7,\mu,22G Lib,5.6
23,Lib,130557,140152,,,23G Lib,6.14
24,Lib,130620,140159,,,24G Lib,7.08
25,Lib,130819,158836,8,\alpha1,25G Lib,5.15
26,Lib,130841,158840,9,\alpha2,26G Lib,2.75
27,Lib,130952,140176,11,,27G Lib,4.94
28,Lib,130989,158855,,,28G Lib,6.5
29,Lib,131027,158860,10,,29G Lib,6.7
30,Lib,131430,182983,12,,30G Lib,5.3
31,Lib,131530,158887,13,\xi1,31G Lib,5.8
32,Lib,131918,158915,15,\xi2,32G Lib,5.46
,,131976,183039,,,33G Lib,8.1
33,Lib,131977,183040,,,33G Lib,5.74
34,Lib,132052,140240,16,,34G Lib,4.5
35,Lib,132150,158931,,,35G Lib,6.7
,,132230,158935,17,,36G Lib,6.6
36,Lib,132345,158946,18,,36G Lib,5.87
37,Lib,132375,140256,,,37G Lib,6.09
38,Lib,132742,140270,19,\delta,38G Lib,4.92
39,Lib,132833,140276,,,39G Lib,5.52
40,Lib,132883,140278,,,40G Lib,6.69
41,Lib,132935,140280,,,41G Lib,6.8
42,Lib,132953,140281,,,42G Lib,6.4
43,Lib,133008,140283,,,43G Lib,6.61
44,Lib,133112,140286,,,44G Lib,6.61
45,Lib,133216,183139,20,\sigma,45G Lib,3.29
46,Lib,133529,183163,,,46G Lib,6.66
47,Lib,133670,183176,,,47G Lib,6.17
,,133627,183170,,,47G Lib,6.8
,,133843,183193,,,47G Lib,7.3
48,Lib,133774,159028,21,\nu,48G Lib,5.2
49,Lib,133800,159030,22,,49G Lib,6.39
50,Lib,134329,183231,,,50G Lib,6.7
51,Lib,134373,183237,,,51G Lib,5.76
52,Lib,134759,159090,24,\iota,52G Lib,4.54
53,Lib,134758,159089,,,53G Lib,6.7
54,Lib,134812,159094,,,54G Lib,7.0
55,Lib,134946,183269,,,55G Lib,6.47
56,Lib,134987,183275,23,,56G Lib,6.45
57,Lib,134967,159105,25,,57G Lib,6.08
58,Lib,135027,159107,,,58G Lib,6.5
59,Lib,135051,183285,,,59G Lib,5.84
60,Lib,135208,159118,,,60G Lib,6.74
61,Lib,135230,159122,26,,61G Lib,6.18
62,Lib,135390,183316,,,62G Lib,6.8
63,Lib,135367,140408,,,63G Lib,6.28
64,Lib,135534,183328,,,64G Lib,5.5
65,Lib,135742,140430,27,\beta,65G Lib,2.61
66,Lib,136246,183389,,,66G Lib,7.1
67,Lib,136295,183392,,,67G Lib,7.2
68,Lib,136366,159187,28,,68G Lib,6.17
69,Lib,136380,140471,,,69G Lib,6.6
70,Lib,136407,159191,29,\omicron,70G Lib,6.32
71,Lib,136479,140474,,,71G Lib,5.54
72,Lib,136646,183417,,,72G Lib,6.6
73,Lib,136703,183423,,,73G Lib,6.52
74,Lib,136801,159212,30,,74G Lib,6.47
75,Lib,136956,159227,,,75G Lib,5.72
76,Lib,137052,159234,31,\epsilon,76G Lib,4.94
,,137666,140545,,,76G Lib,7.6
77,Lib,137744,159280,32,,77G Lib,5.64
78,Lib,137763,140550,,,78G Lib,6.98
79,Lib,137798,183506,,,79G Lib,7.5
80,Lib,137949,159292,33,,80G Lib,6.69
81,Lib,138105,183533,,,81G Lib,6.22
82,Lib,138137,159307,34,,82G Lib,5.82
83,Lib,138268,159317,,,83G Lib,6.22
84,Lib,138413,159330,,,84G Lib,5.52
85,Lib,138425,159327,,,85G Lib,6.67
86,Lib,138488,183567,,,86G Lib,6.97
87,Lib,138485,159335,35,\zeta,87G Lib,5.5
88,Lib,138688,183580,36,,88G Lib,5.15
89,Lib,138716,140609,37,,89G Lib,4.61
90,Lib,138764,140614,,,90G Lib,5.17
91,Lib,138763,140613,,,91G Lib,6.51
92,Lib,138905,159370,38,\gamma,92G Lib,3.91
93,Lib,139063,183619,39,\upsilon,93G Lib,3.58
94,Lib,139160,183631,,,94G Lib,6.19
95,Lib,139202,183632,,,95G Lib,7.0
96,Lib,139254,183637,,,96G Lib,5.78
97,Lib,139290,183641,,,97G Lib,6.32
98,Lib,139365,183649,40,\tau,98G Lib,3.66
99,Lib,139329,183646,,,99G Lib,5.84
100,Lib,139364,159402,,,100G Lib,6.8
,,139327,159398,,,100G Lib,7.3
,,139408,159406,,,100G Lib,6.8
101,Lib,139446,159411,41,,101G Lib,5.38
102,Lib,139460,140671,,,102G Lib,6.5
103,Lib,139461,140672,,,103G Lib,6.48
104,Lib,139518,183665,,,104G Lib,6.34
105,Lib,139663,183686,42,,105G Lib,4.96
106,Lib,139997,159442,43,\kappa,106G Lib,4.74
107,Lib,140269,159458,,,107G Lib,6.57
108,Lib,140301,159461,,,108G Lib,6.31
109,Lib,140417,159466,44,\eta,109G Lib,5.41
110,Lib,140722,183772,,,110G Lib,6.51
111,Lib,140986,140751,,,111G Lib,6.24
112,Lib,141378,140775,,,112G Lib,5.52
113,Lib,141853,159544,,,113G Lib,6.19
114,Lib,142096,183895,45,\lambda,114G Lib,5.03
115,Lib,142198,159563,46,\theta,115G Lib,4.15
116,Lib,142378,159572,47,,116G Lib,5.94
117,Lib,142640,159584,,,117G Lib,6.39
118,Lib,142703,159587,,,118G Lib,6.13
119,Lib,142983,159607,48,,119G Lib,4.88
120,Lib,143259,140882,,,120G Lib,6.7
121,Lib,143333,159625,49,,121G Lib,5.47
122,Lib,143459,140897,50,,122G Lib,5.55
1,Lup,125238,224833,,\iota,1G Lup,3.55
2,Lup,125383,224838,,,2G Lup,5.56
3,Lup,125442,224843,,,3G Lup,4.77
4,Lup,125721,224870,,,4G Lup,6.09
5,Lup,125810,241686,,,5G Lup,6.02
6,Lup,125809,224881,,,6G Lup,6.5
7,Lup,125869,241691,,,7G Lup,6.0
8,Lup,126093,224903,,,8G Lup,6.6
9,Lup,126341,224919,,\tau1,9G Lup,4.56
10,Lup,126354,224920,,\tau2,10G Lup,4.4
11,Lup,126504,224929,,,11G Lup,5.83
,,126561,224936,,,11G Lup,7.23
,,126575,224939,,,11G Lup,7.7
12,Lup,126759,224950,,,12G Lup,6.4
13,Lup,126983,224972,,,13G Lup,5.38
14,Lup,126981,224969,,,14G Lup,5.5
15,Lup,127381,241781,,\sigma,15G Lup,4.4
16,Lup,127486,241792,,,16G Lup,5.87
17,Lup,127501,241793,,,17G Lup,5.87
,,127629,225022,,,18G Lup,7.3
,,127864,225039,,,18G Lup,6.89
18,Lup,128068,225054,,,18G Lup,5.55
19,Lup,128266,225062,,a,19G Lup,5.41
20,Lup,128345,225071,,\rho,20G Lup,4.0
21,Lup,128344,225073,,,21G Lup,6.63
22,Lup,128415,225078,,,22G Lup,6.5
23,Lup,128555,225088,,,23G Lup,6.7
24,Lup,128582,225089,,,24G Lup,6.07
25,Lup,128617,225091,,,25G Lup,6.39
26,Lup,128775,225104,,,26G Lup,6.62
27,Lup,129056,225128,,\alpha,27G Lup,2.3
28,Lup,129281,225145,,,28G Lup,6.92
29,Lup,129858,225178,,,29G Lup,5.73
30,Lup,129893,241992,,b,30G Lup,5.21
31,Lup,129932,241995,,,31G Lup,6.07
32,Lup,130073,225183,,,32G Lup,6.3
33,Lup,130572,242061,,,33G Lup,6.7
34,Lup,130697,225234,,,34G Lup,6.85
35,Lup,130807,225248,,\omicron,35G Lup,4.32
36,Lup,131562,242120,,c,36G Lup,5.4
37,Lup,131657,225306,,,37G Lup,5.59
38,Lup,131637,225304,,,38G Lup,6.77
39,Lup,131705,242128,,,39G Lup,6.64
40,Lup,131923,225328,,,40G Lup,6.35
41,Lup,132058,225335,,\beta,41G Lup,2.7
42,Lup,132101,242146,,,42G Lup,6.8
43,Lup,132242,225351,,,43G Lup,6.1
,,132285,225354,,,43G Lup,7.3
,,132302,225357,,,43G Lup,7.15
44,Lup,132301,225355,,,44G Lup,6.58
45,Lup,132955,206239,,,45G Lup,5.45
46,Lup,133077,206247,,,46G Lup,6.8
47,Lup,133242,225426,,\pi,47G Lup,4.7
48,Lup,133220,225422,,,48G Lup,6.41
49,Lup,133340,225435,,,49G Lup,5.15
50,Lup,133399,225439,,,50G Lup,6.5
51,Lup,133518,242229,,,51G Lup,6.36
52,Lup,133469,206284,,,52G Lup,6.5
53,Lup,133550,206292,,,53G Lup,6.27
54,Lup,133631,225456,,,54G Lup,5.77
55,Lup,133652,206300,,,55G Lup,5.96
56,Lup,133880,225474,,,56G Lup,5.79
57,Lup,133955,225483,,\lambda,57G Lup,4.05
58,Lup,133937,225479,,,58G Lup,5.8
,,133973,225485,,,58G Lup,8.6
59,Lup,134270,242287,,,59G Lup,5.43
60,Lup,134255,206352,,,60G Lup,5.98
,,134331,225508,,,60G Lup,7.01
,,134330,225510,,,60G Lup,7.6
,,134443,225516,,,60G Lup,7.39
61,Lup,134444,225517,,,61G Lup,6.44
62,Lup,134481,225525,,\kappa1,62G Lup,3.87
63,Lup,134482,225526,,\kappa2,63G Lup,5.69
64,Lup,134505,242304,,\zeta,64G Lup,3.41
65,Lup,134597,225533,,,65G Lup,6.33
66,Lup,134687,225539,,e,66G Lup,4.82
67,Lup,134837,206418,,,67G Lup,6.1
68,Lup,135174,225582,,,68G Lup,6.67
69,Lup,135153,206445,1,i,69G Lup,4.91
70,Lup,135235,225590,,,70G Lup,5.96
,,135310,225601,,,70G Lup,7.1
71,Lup,135348,225602,,,71G Lup,6.04
72,Lup,135346,225600,,,72G Lup,5.16
73,Lup,135430,225613,,,73G Lup,6.5
74,Lup,135468,225614,,,74G Lup,6.5
75,Lup,135734,225638,,\mu,75G Lup,4.27
76,Lup,135748,225639,,,76G Lup,7.2
77,Lup,135730,225631,,,77G Lup,6.29
78,Lup,135758,183346,2,f,78G Lup,4.34
79,Lup,135876,225647,,,79G Lup,5.59
80,Lup,135896,206509,,,80G Lup,6.18
81,Lup,136014,206523,,,81G Lup,6.2
82,Lup,136300,225692,,,82G Lup,6.69
83,Lup,136298,225691,,\delta,83G Lup,3.2
84,Lup,136334,225695,,,84G Lup,6.19
85,Lup,136352,225697,,\nu2,85G Lup,5.65
86,Lup,136351,225703,,\nu1,86G Lup,5.0
87,Lup,136347,206543,,,87G Lup,6.48
88,Lup,136422,206552,,\phi1,88G Lup,3.56
89,Lup,136486,225711,,,89G Lup,6.75
90,Lup,136482,206559,,,90G Lup,6.65
91,Lup,136504,225712,,\epsilon,91G Lup,3.4
92,Lup,136664,206580,,\phi2,92G Lup,4.54
93,Lup,136947,242504,,,93G Lup,6.71
94,Lup,136933,206597,,\upsilon,94G Lup,5.37
95,Lup,136961,206599,,,95G Lup,6.75
96,Lup,137015,206607,,,96G Lup,7.03
97,Lup,137058,206616,,k,97G Lup,4.6
98,Lup,137261,206647,,,98G Lup,6.8
99,Lup,137340,206652,,,99G Lup,7.3
100,Lup,137432,206660,,,100G Lup,5.45
101,Lup,137465,242569,,,101G Lup,6.1
102,Lup,137709,225825,,,102G Lup,5.24
103,Lup,137728,206688,,,103G Lup,7.2
104,Lup,137785,206695,,,104G Lup,6.5
105,Lup,137919,225846,,,105G Lup,6.4
106,Lup,138138,206720,,,106G Lup,6.85
107,Lup,138204,206736,,,107G Lup,6.25
108,Lup,138221,206734,,,108G Lup,6.46
109,Lup,138395,225898,,,109G Lup,6.5
110,Lup,138505,206763,,,110G Lup,5.82
111,Lup,138564,206769,,,111G Lup,6.38
112,Lup,138575,206768,,,112G Lup,7.0
113,Lup,138690,225938,,\gamma,113G Lup,2.78
114,Lup,138769,225950,,d,114G Lup,4.54
115,Lup,138816,225957,,,115G Lup,5.43
116,Lup,138923,206795,,,116G Lup,6.24
117,Lup,139127,226004,,\omega,117G Lup,4.33
,,139233,206826,,,118G Lup,6.6
118,Lup,139271,206827,,,118G Lup,6.04
119,Lup,139521,206843,3,\psi1,119G Lup,4.67
120,Lup,139599,226059,,,120G Lup,6.23
,,139598,226058,,,121G Lup,7.6
121,Lup,139664,226064,,g,121G Lup,4.64
122,Lup,139613,206858,,,122G Lup,6.34
123,Lup,139677,206867,,,123G Lup,6.4
124,Lup,139980,206887,,h,124G Lup,5.24
125,Lup,140008,206889,4,\psi2,125G Lup,4.75
126,Lup,140285,226132,,,126G Lup,5.94
127,Lup,140329,206919,,,127G Lup,6.6
128,Lup,140784,206962,,,128G Lup,5.61
129,Lup,140817,206968,,,129G Lup,6.83
,,140840,206969,,,129G Lup,7.4
130,Lup,140861,226206,,,130G Lup,6.42
131,Lup,140901,206976,,,131G Lup,6.01
132,Lup,141556,207040,5,\chi,132G Lup,3.95
133,Lup,141832,183873,,,133G Lup,6.4
134,Lup,142407,207119,,,134G Lup,6.21
135,Lup,142448,207128,,,135G Lup,6.03
136,Lup,142429,207123,,,136G Lup,7.7
137,Lup,142542,207134,,,137G Lup,6.29
138,Lup,142629,207144,,\xi1,138G Lup,5.11
139,Lup,142630,207145,,\xi2,139G Lup,5.61
140,Lup,142643,207146,,,140G Lup,6.9
141,Lup,142691,207152,,,141G Lup,5.8
142,Lup,142851,207168,,,142G Lup,7.1
143,Lup,142889,207178,,,143G Lup,6.31
144,Lup,143009,226425,,,144G Lup,4.99
145,Lup,143051,207195,,,145G Lup,7.0
146,Lup,143118,207208,,\eta,146G Lup,3.41
147,Lup,143149,207205,,,147G Lup,6.9
148,Lup,143147,207206,,,148G Lup,6.6
149,Lup,143248,226442,,,149G Lup,6.21
150,Lup,143404,207234,,,150G Lup,6.33
151,Lup,143699,207276,,,151G Lup,4.89
152,Lup,143790,207282,,,152G Lup,6.01
153,Lup,143902,207292,,,153G Lup,6.1
154,Lup,143928,207297,,,154G Lup,5.9
,,143927,207300,,,154G Lup,7.3
155,Lup,143939,207299,,,155G Lup,7.1
156,Lup,144115,207315,,,156G Lup,7.0
157,Lup,144294,207332,,\theta,157G Lup,4.2
158,Lup,144415,207341,,,158G Lup,5.73
159,Lup,144591,207362,,,159G Lup,6.9
1,Men,22676,255998,,,1G Men,5.7
2,Men,23358,256006,,,2G Men,6.89
3,Men,23474,256005,,,3G Men,6.29
4,Men,23549,256007,,,4G Men,6.9
5,Men,26595,256059,,,5G Men,6.6
6,Men,28525,258372,,\delta,6G Men,5.69
7,Men,28566,256083,,,7G Men,7.0
8,Men,29116,258378,,\nu,8G Men,5.79
,,29138,258373,,,9G Men,7.22
9,Men,29245,258377,,,9G Men,7.0
10,Men,29751,256106,,,10G Men,6.82
11,Men,29769,256107,,,11G Men,7.01
12,Men,29598,258379,,,12G Men,6.77
13,Men,30479,256116,,,13G Men,6.05
14,Men,30612,256122,,\mu,14G Men,5.53
15,Men,31975,256139,,,15G Men,6.28
16,Men,32440,256145,,\eta,16G Men,5.47
17,Men,33285,256154,,\beta,17G Men,5.31
18,Men,33244,256152,,,18G Men,6.9
19,Men,33519,256153,,,19G Men,6.29
20,Men,33875,256160,,,20G Men,6.24
21,Men,34172,258395,,\xi,21G Men,5.85
22,Men,35184,256172,,,22G Men,6.5
23,Men,35798,258405,,,23G Men,6.51
24,Men,35877,258401,,,24G Men,6.8
25,Men,37763,256201,,\gamma,25G Men,5.17
26,Men,37993,256208,,WX,26G Men,5.78
27,Men,38283,256213,,,27G Men,6.8
28,Men,38602,256214,,\iota,28G Men,6.05
29,Men,39091,258421,,\pi,29G Men,5.67
30,Men,39810,256239,,\lambda,30G Men,6.53
31,Men,39780,258418,,TZ,31G Men,6.2
32,Men,40953,256248,,\kappa,32G Men,5.46
33,Men,43834,256274,,\alpha,33G Men,5.09
34,Men,44148,256277,,,34G Men,6.85
35,Men,44447,256285,,,35G Men,6.61
36,Men,44533,256286,,,36G Men,6.7
37,Men,44327,258434,,,37G Men,7.2
,,44828,258437,,,37G Men,7.3
,,45040,258438,,,37G Men,7.7
38,Men,47332,256308,,,38G Men,7.0
39,Men,48584,256317,,,39G Men,6.7
40,Men,50506,258451,,\zeta,40G Men,5.61
41,Men,51320,256339,,,41G Men,6.9
42,Men,54239,256355,,\theta,42G Men,5.45
43,Men,60816,256415,,\epsilon,43G Men,5.53
44,Men,62093,256426,,,44G Men,7.2
1,Mic,194747,212155,,,1G Mic,6.6
2,Mic,194783,212160,,,2G Mic,6.1
3,Mic,195206,189374,,,3G Mic,6.36
4,Mic,195521,230268,,,4G Mic,6.9
5,Mic,195500,189413,,,5G Mic,7.1
6,Mic,195569,230276,,\nu,6G Mic,5.11
7,Mic,195704,189430,,,7G Mic,6.9
8,Mic,195781,230282,,,8G Mic,7.5
9,Mic,195814,212246,,,9G Mic,6.45
,,195844,212253,,,9G Mic,8.9
10,Mic,195843,212249,,,10G Mic,6.43
11,Mic,195902,230289,,,11G Mic,6.5
12,Mic,196277,230302,,,12G Mic,6.8
13,Mic,196737,212333,,,13G Mic,5.47
14,Mic,196748,230321,,,14G Mic,6.5
15,Mic,196829,230323,,,15G Mic,6.31
16,Mic,196838,189564,,,16G Mic,6.6
17,Mic,196917,212345,,,17G Mic,5.76
18,Mic,196952,230330,,,18G Mic,7.0
19,Mic,197093,212369,,,19G Mic,6.29
20,Mic,197214,189606,,,20G Mic,6.95
21,Mic,197482,212401,,,21G Mic,6.8
22,Mic,197541,212410,,,22G Mic,6.6
23,Mic,197630,212416,,,23G Mic,5.5
24,Mic,197649,212417,,,24G Mic,6.49
25,Mic,197900,230375,,,25G Mic,6.47
26,Mic,197937,230379,,\iota,26G Mic,5.11
27,Mic,198232,212472,,\alpha,27G Mic,4.9
28,Mic,198357,212488,,,28G Mic,5.52
29,Mic,198356,212487,,,29G Mic,6.36
30,Mic,198501,189777,,,30G Mic,6.87
31,Mic,198502,189778,,,31G Mic,7.0
32,Mic,198529,212499,,\beta,32G Mic,6.07
33,Mic,198716,212522,,,33G Mic,5.35
34,Mic,198751,212521,,,34G Mic,6.35
35,Mic,198853,189815,,,35G Mic,6.41
36,Mic,199288,230458,,,36G Mic,6.52
37,Mic,199684,212608,,,37G Mic,6.11
,,199845,212623,,,37G Mic,6.6
,,199810,212617,,,37G Mic,6.6
38,Mic,199917,189930,,,38G Mic,7.2
,,199929,189933,,,38G Mic,8.4
39,Mic,199951,212636,,\gamma,39G Mic,4.67
40,Mic,199952,212638,,,40G Mic,6.9
41,Mic,200011,230492,,,41G Mic,6.64
42,Mic,200026,230494,,,42G Mic,6.9
43,Mic,200073,212653,,,43G Mic,5.94
44,Mic,200163,212666,,\zeta,44G Mic,5.3
45,Mic,200199,189963,,,45G Mic,6.8
46,Mic,200245,189966,,,46G Mic,6.25
47,Mic,200702,230523,,\eta,47G Mic,5.53
,,200733,230526,,,47G Mic,8.1
48,Mic,200718,212709,,\delta,48G Mic,5.68
49,Mic,200763,212716,,,49G Mic,5.18
50,Mic,201108,212743,,,50G Mic,6.9
51,Mic,201245,230552,,,51G Mic,6.51
52,Mic,201242,212753,,,52G Mic,6.5
53,Mic,201317,230555,,,53G Mic,6.57
54,Mic,201390,190079,,,54G Mic,6.5
55,Mic,201647,230575,,,55G Mic,5.83
56,Mic,201772,212793,,,56G Mic,5.26
57,Mic,201852,212800,,,57G Mic,5.96
58,Mic,201901,190129,,,58G Mic,5.4
59,Mic,202135,230596,,,59G Mic,6.21
60,Mic,202287,212843,,,60G Mic,6.12
61,Mic,202628,230622,,,61G Mic,6.75
62,Mic,202627,212874,,\epsilon,62G Mic,4.7
63,Mic,202774,212895,,,63G Mic,6.9
64,Mic,202773,190220,,,64G Mic,6.4
65,Mic,203006,230644,,\theta1,65G Mic,4.82
66,Mic,203242,190261,,,66G Mic,6.6
67,Mic,203585,230667,,\theta2,67G Mic,5.77
68,Mic,203949,212998,,,68G Mic,5.62
69,Mic,204018,230692,,,69G Mic,5.51
1,Mon,40535,132714,1,,1G Mon,6.12
2,Mon,40536,132715,2,,2G Mon,5.03
3,Mon,40967,151037,3,,3G Mon,4.94
4,Mon,41335,132793,,,4G Mon,5.21
5,Mon,41547,151098,,,5G Mon,5.87
6,Mon,41692,132841,,,6G Mon,5.39
7,Mon,41794,132848,,,7G Mon,6.6
8,Mon,42132,132884,,,8G Mon,6.6
9,Mon,42133,132883,,,9G Mon,6.7
10,Mon,42205,132888,,,10G Mon,6.8
11,Mon,42278,132900,,,11G Mon,6.2
12,Mon,42536,132924,,,12G Mon,6.15
13,Mon,42657,132941,,,13G Mon,6.18
14,Mon,42690,132944,,,14G Mon,5.05
15,Mon,43157,133003,,,15G Mon,5.83
16,Mon,43232,133012,5,\gamma,16G Mon,3.98
17,Mon,43319,133027,,,17G Mon,5.99
18,Mon,43362,133029,,,18G Mon,6.1
19,Mon,43993,133091,,,19G Mon,5.36
20,Mon,44037,133098,,,20G Mon,6.22
21,Mon,44112,133114,7,,21G Mon,5.27
22,Mon,44602,113790,,,22G Mon,6.85
23,Mon,44700,113801,,,23G Mon,6.4
24,Mon,44701,133189,,,24G Mon,6.57
25,Mon,44769,113810,8,\epsilon,25G Mon,4.44
26,Mon,44783,113817,,,26G Mon,6.27
27,Mon,44756,133199,,,27G Mon,6.67
,,44841,133206,,,27G Mon,7.3
28,Mon,44990,113845,,T,28G Mon,5.98
29,Mon,45050,113855,,,29G Mon,6.66
30,Mon,45067,133229,,,30G Mon,5.9
31,Mon,45137,113868,,,31G Mon,6.51
32,Mon,45139,133234,,,32G Mon,6.7
33,Mon,45168,133238,,,33G Mon,6.35
34,Mon,45215,133248,,,34G Mon,6.5
35,Mon,45239,133246,,,35G Mon,6.4
36,Mon,45320,133260,,,36G Mon,5.87
37,Mon,45357,113896,,,37G Mon,6.71
38,Mon,45321,133257,,,38G Mon,6.15
,,45398,133265,,,38G Mon,6.84
39,Mon,45418,133267,9,,39G Mon,6.5
40,Mon,45380,133263,,,40G Mon,6.27
41,Mon,45415,113906,,,41G Mon,5.55
42,Mon,45416,113905,,,42G Mon,5.2
43,Mon,45433,133269,,,43G Mon,5.55
44,Mon,45563,113929,,,44G Mon,6.48
45,Mon,45546,133290,10,,45G Mon,5.07
,,,133298,,,45G Mon,8.4
,,45654,133307,,,45G Mon,6.86
,,45674,133312,,,45G Mon,6.54
46,Mon,45689,113938,,,46G Mon,6.7
47,Mon,45724,113940,,,47G Mon,6.16
48,Mon,45725,133316,11,\beta,48G Mon,4.6
49,Mon,45827,113957,,,49G Mon,6.57
50,Mon,45976,151573,,,50G Mon,5.93
51,Mon,,,,NGC2244,51G Mon,4.8
,,46223,114017,,,52G Mon,7.1
52,Mon,46241,114023,12,,52G Mon,5.84
53,Mon,46229,133369,,,53G Mon,5.43
54,Mon,46300,114034,13,,54G Mon,4.5
55,Mon,46304,133382,,,55G Mon,5.6
56,Mon,46487,133404,,,56G Mon,5.09
57,Mon,46642,114085,14,,57G Mon,6.45
58,Mon,46769,114097,,,58G Mon,5.8
59,Mon,47054,133469,,,59G Mon,5.57
60,Mon,47129,114146,,,60G Mon,6.05
61,Mon,47220,114154,,,61G Mon,6.17
62,Mon,47240,114162,,,62G Mon,6.16
63,Mon,47420,133511,,,63G Mon,6.14
64,Mon,47432,114191,,,64G Mon,6.22
,,47382,114183,,,64G Mon,7.14
,,47431,114194,,,64G Mon,6.57
65,Mon,47756,114244,,,65G Mon,6.51
,,47984,114277,,,65G Mon,6.97
66,Mon,48099,114293,,,66G Mon,6.35
67,Mon,47964,114269,,,67G Mon,5.8
68,Mon,48217,133585,,,68G Mon,5.19
69,Mon,48348,114312,,,69G Mon,6.19
70,Mon,48332,133603,,,70G Mon,6.65
71,Mon,48434,114324,,,71G Mon,5.86
72,Mon,48922,133645,,,72G Mon,6.7
73,Mon,48977,114388,16,,73G Mon,5.92
74,Mon,49161,114410,17,,74G Mon,4.77
75,Mon,49147,151911,,,75G Mon,5.66
76,Mon,49293,114428,18,,76G Mon,4.47
,,49294,114426,,,76G Mon,7.0
,,292296,114433,,,76G Mon,7.93
,,49385,114435,,,76G Mon,7.89
77,Mon,49331,133679,,,77G Mon,5.07
78,Mon,49434,133687,,,78G Mon,5.75
79,Mon,49567,114465,,,79G Mon,6.15
80,Mon,49643,133718,,,80G Mon,5.77
81,Mon,49739,114487,,,81G Mon,6.7
82,Mon,49933,133760,,,82G Mon,5.77
83,Mon,49976,133761,,,83G Mon,6.29
84,Mon,,,,NGC2301,84G Mon,6.0
85,Mon,50062,114525,,,85G Mon,6.38
86,Mon,50277,114556,,,86G Mon,5.8
87,Mon,50281,133805,,,87G Mon,6.57
88,Mon,50282,133807,,,88G Mon,6.3
,,50557,114580,,,88G Mon,7.1
,,50581,114586,,,88G Mon,7.4
89,Mon,50700,133855,,,89G Mon,6.41
90,Mon,50747,133870,,,90G Mon,5.4
91,Mon,50820,133881,,,91G Mon,6.16
92,Mon,50890,133890,,,92G Mon,6.04
93,Mon,50931,114626,,,93G Mon,6.29
94,Mon,51424,133937,,,94G Mon,6.34
95,Mon,51693,114713,,,95G Mon,6.3
96,Mon,51726,152175,,,96G Mon,6.7
97,Mon,51814,114722,,,97G Mon,5.97
98,Mon,51892,114731,,,98G Mon,6.34
99,Mon,52206,114762,,,99G Mon,6.6
100,Mon,52265,134031,,,100G Mon,6.3
101,Mon,52312,134036,,,101G Mon,5.96
102,Mon,52382,134041,,,102G Mon,6.49
103,Mon,52479,114798,,,103G Mon,6.64
104,Mon,52559,114801,,,104G Mon,6.56
105,Mon,52611,134073,,,105G Mon,6.17
106,Mon,52666,134076,,,106G Mon,5.2
107,Mon,52913,114835,,,107G Mon,6.0
108,Mon,52918,134106,19,,108G Mon,4.99
,,52938,134103,,,108G Mon,7.85
,,52965,134105,,,108G Mon,8.8
,,,,,,108G Mon,
109,Mon,53205,114867,,,109G Mon,6.57
110,Mon,53208,134133,,,110G Mon,5.62
111,Mon,53240,152308,,,111G Mon,6.46
112,Mon,53510,114899,,,112G Mon,5.78
113,Mon,53755,152363,,,113G Mon,6.49
114,Mon,54662,152470,,,114G Mon,6.21
115,Mon,54810,134282,20,,115G Mon,4.92
116,Mon,54990,134306,,,116G Mon,6.5
117,Mon,55057,134316,21,,117G Mon,5.45
118,Mon,55185,134330,22,\delta,118G Mon,4.15
119,Mon,55775,134391,,,119G Mon,5.75
120,Mon,55832,134395,,,120G Mon,5.9
121,Mon,55879,152598,,,121G Mon,6.0
122,Mon,56207,152621,,,122G Mon,5.95
123,Mon,56614,134474,,,123G Mon,6.29
124,Mon,57517,134563,,,124G Mon,6.5
125,Mon,57539,134570,,,125G Mon,6.46
126,Mon,57708,134585,,,126G Mon,6.3
127,Mon,57682,134580,,,127G Mon,6.4
128,Mon,57733,134587,,,128G Mon,6.7
129,Mon,57749,134588,,,129G Mon,5.8
130,Mon,58526,134654,,,130G Mon,6.0
131,Mon,58580,134658,,,131G Mon,6.79
132,Mon,58666,134665,,,132G Mon,6.9
133,Mon,59211,134724,,,133G Mon,6.62
134,Mon,59311,134740,,,134G Mon,5.59
135,Mon,59380,134742,,,135G Mon,5.9
136,Mon,59381,152941,,,136G Mon,5.75
137,Mon,59669,134774,,,137G Mon,6.24
138,Mon,59690,134776,,,138G Mon,7.1
139,Mon,59693,134775,,U,139G Mon,5.66
140,Mon,59726,134781,,,140G Mon,6.5
141,Mon,59730,152986,,,141G Mon,6.57
142,Mon,59984,134806,,,142G Mon,5.9
143,Mon,60086,134820,,,143G Mon,6.8
144,Mon,60853,134883,,,144G Mon,6.27
145,Mon,61064,134899,25,,145G Mon,5.1
146,Mon,61202,134918,,,146G Mon,6.7
147,Mon,61606,134954,,,147G Mon,7.2
148,Mon,61749,134969,,,148G Mon,6.0
149,Mon,61935,134986,26,\alpha,149G Mon,3.93
,,62367,135030,,,150G Mon,7.14
150,Mon,62386,135034,,,150G Mon,6.8
151,Mon,62699,135062,,,151G Mon,6.8
152,Mon,62834,135074,,,152G Mon,7.0
153,Mon,62902,135079,,,153G Mon,5.49
154,Mon,63752,135158,,,154G Mon,5.61
155,Mon,63894,153479,,,155G Mon,6.16
156,Mon,64235,135205,,,156G Mon,5.76
157,Mon,65695,135345,27,,157G Mon,4.93
158,Mon,65875,135368,,,158G Mon,6.51
159,Mon,65953,135380,28,,159G Mon,4.68
160,Mon,65938,135379,,,160G Mon,6.5
161,Mon,66242,135406,,,161G Mon,6.33
,,66351,135416,,,161G Mon,6.7
162,Mon,66950,135488,,,162G Mon,6.41
163,Mon,67159,135505,,,163G Mon,6.23
164,Mon,67594,135551,29,\zeta,164G Mon,4.34
165,Mon,67725,153887,,,165G Mon,6.33
1,Mus,98671,256827,,,1G Mus,6.6
2,Mus,98672,256826,,,2G Mus,6.28
3,Mus,98695,256828,,,3G Mus,6.41
4,Mus,99104,251383,,,4G Mus,5.11
5,Mus,99264,256834,,,5G Mus,5.59
6,Mus,99872,256843,,,6G Mus,6.09
7,Mus,100382,251451,,,7G Mus,5.9
8,Mus,100546,251457,,,8G Mus,6.8
9,Mus,100901,256853,,,9G Mus,6.53
10,Mus,101088,251489,,,10G Mus,6.7
11,Mus,101162,251501,,,11G Mus,5.96
12,Mus,101379,251522,,,12G Mus,5.17
13,Mus,101805,256864,,,13G Mus,6.46
14,Mus,101966,251556,,,14G Mus,7.1
15,Mus,102249,251575,,\lambda,15G Mus,3.64
16,Mus,102584,251597,,\mu,16G Mus,4.72
17,Mus,102839,251604,,,17G Mus,4.97
18,Mus,103079,251617,,,18G Mus,4.9
,,103270,251625,,,18G Mus,7.33
,,103338,251628,,,18G Mus,7.49
19,Mus,103482,251637,,,19G Mus,6.7
20,Mus,104015,256891,,,20G Mus,7.0
21,Mus,104481,256896,,,21G Mus,6.86
,,104479,251688,,,22G Mus,7.1
22,Mus,104600,251699,,,22G Mus,5.89
23,Mus,104570,256897,,,23G Mus,6.42
24,Mus,104752,256898,,,24G Mus,6.44
25,Mus,104878,251720,,,25G Mus,5.35
26,Mus,105071,251734,,,26G Mus,6.33
27,Mus,105151,251738,,,27G Mus,5.93
28,Mus,105138,251737,,,28G Mus,6.23
29,Mus,105340,256905,,,29G Mus,5.18
30,Mus,106111,251791,,S,30G Mus,6.17
31,Mus,106344,251802,,,31G Mus,7.14
32,Mus,106362,251804,,,32G Mus,7.46
33,Mus,106676,256919,,,33G Mus,6.22
34,Mus,106797,251826,,,34G Mus,6.07
35,Mus,106849,251830,,\epsilon,35G Mus,4.11
36,Mus,107301,251854,,,36G Mus,6.2
37,Mus,107547,256934,,,37G Mus,6.77
38,Mus,107566,251866,,\zeta2,38G Mus,5.16
39,Mus,107567,251868,,\zeta1,39G Mus,5.74
40,Mus,107773,251877,,,40G Mus,6.39
,,107964,251886,,,40G Mus,7.4
41,Mus,107947,256939,,,41G Mus,6.61
42,Mus,108054,251893,,,42G Mus,6.3
,,108735,256947,,,43G Mus,7.07
,,108791,256950,,,43G Mus,6.93
43,Mus,108970,256954,,,43G Mus,5.88
44,Mus,109026,256955,,\gamma,44G Mus,3.9
45,Mus,109668,251974,,\alpha,45G Mus,2.7
46,Mus,109857,256967,,,46G Mus,6.49
47,Mus,109867,251980,,,47G Mus,6.25
48,Mus,110020,251987,,,48G Mus,6.26
49,Mus,110311,251996,,R,49G Mus,6.33
50,Mus,110716,252012,,,50G Mus,6.17
51,Mus,110879,252019,,\beta,51G Mus,3.0
52,Mus,111315,256983,,,52G Mus,5.55
53,Mus,112219,256992,,,53G Mus,5.93
54,Mus,112985,257000,,\delta,54G Mus,3.62
55,Mus,113120,257003,,,55G Mus,6.03
56,Mus,113904,252162,,\theta,56G Mus,5.69
57,Mus,114371,252185,,,57G Mus,5.92
58,Mus,114570,252196,,,58G Mus,5.91
59,Mus,114911,252224,,\eta,59G Mus,4.8
60,Mus,114912,252225,,,60G Mus,6.37
61,Mus,115149,252236,,,61G Mus,6.06
62,Mus,115211,252240,,,62G Mus,4.87
63,Mus,115286,252245,,,63G Mus,6.9
64,Mus,115439,257028,,,64G Mus,6.04
65,Mus,115967,257033,,,65G Mus,6.05
66,Mus,116244,257041,,\iota1,66G Mus,5.05
67,Mus,116458,257042,,,67G Mus,5.66
68,Mus,116579,257047,,\iota2,68G Mus,6.63
69,Mus,116890,252321,,,69G Mus,6.2
70,Mus,117025,252329,,,70G Mus,6.11
71,Mus,117432,252345,,,71G Mus,6.8
72,Mus,117651,252361,,,72G Mus,6.37
73,Mus,118344,257070,,,73G Mus,6.1
74,Mus,118667,257078,,,74G Mus,6.8
75,Mus,119700,257089,,,75G Mus,7.0
1,Nor,137753,242614,,,1G Nor,6.7
2,Nor,139129,242793,,,2G Nor,5.44
3,Nor,139211,242803,,,3G Nor,5.95
4,Nor,139915,253269,,,4G Nor,6.48
5,Nor,139871,226089,,,5G Nor,6.04
6,Nor,140130,242892,,,6G Nor,6.82
7,Nor,140274,242915,,,7G Nor,6.6
8,Nor,140619,226174,,,8G Nor,6.9
9,Nor,140826,253302,,,9G Nor,6.65
10,Nor,140842,242990,,,10G Nor,6.6
11,Nor,140979,243001,,,11G Nor,6.07
12,Nor,141168,243022,,,12G Nor,5.78
13,Nor,141194,226254,,,13G Nor,5.86
14,Nor,141318,243044,,,14G Nor,5.73
15,Nor,141296,226263,,,15G Nor,6.12
16,Nor,141544,226295,,,16G Nor,6.01
17,Nor,141724,243078,,,17G Nor,6.6
18,Nor,142049,253349,,,18G Nor,5.77
,,142080,243110,,,18G Nor,6.7
19,Nor,142255,226362,,,19G Nor,7.1
20,Nor,142254,226361,,,20G Nor,6.68
21,Nor,142256,226363,,,21G Nor,7.1
22,Nor,142304,226369,,,22G Nor,6.9
23,Nor,142529,226392,,,23G Nor,6.31
24,Nor,142808,226408,,,24G Nor,6.9
25,Nor,142919,243219,,,25G Nor,6.1
26,Nor,143101,243246,,,26G Nor,6.13
27,Nor,143321,243262,,,27G Nor,6.37
28,Nor,143474,243279,,\iota1,28G Nor,4.63
29,Nor,143548,243283,,,29G Nor,6.4
30,Nor,143546,226466,,\eta,30G Nor,4.65
31,Nor,143658,243296,,,31G Nor,6.48
32,Nor,144183,243339,,,32G Nor,6.16
33,Nor,144197,226500,,\delta,33G Nor,4.72
34,Nor,144263,243345,,,34G Nor,6.8
35,Nor,144316,226514,,,35G Nor,6.8
36,Nor,144480,243368,,\iota2,36G Nor,5.57
37,Nor,145361,243449,,\zeta,37G Nor,5.81
38,Nor,,,,NGC6067,38G Nor,5.6
39,Nor,145384,243448,,,39G Nor,5.83
40,Nor,145397,243454,,\kappa,40G Nor,4.94
41,Nor,145782,243509,,,41G Nor,5.63
42,Nor,145842,226600,,\theta,42G Nor,5.14
43,Nor,145921,226603,,,43G Nor,6.14
44,Nor,146003,243526,,,44G Nor,5.44
45,Nor,146145,243544,,,45G Nor,6.33
46,Nor,146143,226619,,\gamma1,46G Nor,5.0
47,Nor,146323,243586,,S,47G Nor,6.49
48,Nor,146690,243654,,,48G Nor,5.77
49,Nor,146686,243643,,\gamma2,49G Nor,4.02
50,Nor,146667,226650,,\lambda,50G Nor,5.45
51,Nor,147001,226678,,,51G Nor,6.52
52,Nor,147152,226693,,,52G Nor,5.33
53,Nor,147225,226696,,,53G Nor,5.88
54,Nor,147614,226730,,,54G Nor,6.33
55,Nor,147977,243836,,,55G Nor,5.69
56,Nor,147970,226772,,,56G Nor,7.5
57,Nor,147971,226773,,\epsilon,57G Nor,4.47
58,Nor,148218,243874,,,58G Nor,6.06
59,Nor,148379,226813,,,59G Nor,5.35
,,148852,243945,,,59G Nor,6.7
60,Nor,149038,226900,,\mu,60G Nor,4.94
61,Nor,149404,226953,,,61G Nor,5.47
62,Nor,149711,226989,,,62G Nor,5.83
,,151113,227214,,,63G Nor,7.49
63,Nor,151173,227225,,,63G Nor,7.3
64,Nor,152161,227359,,,64G Nor,5.96
1,Oct,636,258215,,\gamma3,1G Oct,5.28
2,Oct,1032,258217,,,2G Oct,5.77
3,Oct,10800,258271,,,3G Oct,5.87
4,Oct,11025,258273,,,4G Oct,5.69
5,Oct,25887,258356,,,5G Oct,6.41
6,Oct,42556,258427,,,6G Oct,6.8
7,Oct,58805,258460,,,7G Oct,6.46
8,Oct,74566,258497,,,8G Oct,6.7
9,Oct,79837,258515,,\zeta,9G Oct,5.42
,,82025,258525,,,9G Oct,7.9
,,,258526,,,9G Oct,8.3
,,82370,258527,,,9G Oct,7.1
,,,258540,,,9G Oct,8.3
,,85300,258542,,,9G Oct,7.4
10,Oct,92683,258586,,,10G Oct,6.65
11,Oct,96124,258600,,\eta,11G Oct,6.2
12,Oct,104555,258632,,,12G Oct,6.05
13,Oct,106461,258640,,,13G Oct,6.6
14,Oct,107739,258644,,,14G Oct,6.33
15,Oct,108344,258646,,,15G Oct,6.64
16,Oct,111482,258654,,\iota,16G Oct,5.46
17,Oct,116632,258671,,,17G Oct,7.2
18,Oct,117374,258674,,\kappa,18G Oct,5.57
19,Oct,124882,258698,,\delta,19G Oct,4.32
20,Oct,129723,258720,,,20G Oct,6.48
21,Oct,130650,258713,,\pi1,21G Oct,5.65
22,Oct,131246,258714,,\pi2,22G Oct,5.65
23,Oct,131596,258717,,\omega,23G Oct,5.88
24,Oct,137333,258731,,\rho,24G Oct,5.57
25,Oct,148451,258754,,,25G Oct,6.57
26,Oct,148542,258751,,,26G Oct,6.06
27,Oct,148527,258748,,,27G Oct,6.76
28,Oct,155454,258768,,,28G Oct,6.6
29,Oct,159517,258779,,,29G Oct,6.45
30,Oct,164461,258799,,\chi,30G Oct,5.27
31,Oct,165338,258795,,,31G Oct,6.5
32,Oct,167714,258796,,,32G Oct,5.95
33,Oct,167468,257584,,\phi,33G Oct,5.47
34,Oct,177482,258857,,\sigma,34G Oct,5.42
35,Oct,169904,258804,,,35G Oct,6.27
36,Oct,172226,258814,,,36G Oct,6.4
37,Oct,171043,257615,,,37G Oct,6.8
38,Oct,171990,257625,,,38G Oct,6.4
39,Oct,172882,258815,,,39G Oct,6.58
40,Oct,174584,257643,,,40G Oct,6.8
41,Oct,176794,257661,,,41G Oct,6.9
42,Oct,178274,257671,,,42G Oct,6.62
43,Oct,181466,258833,,,43G Oct,6.6
44,Oct,186154,258844,,,44G Oct,6.39
45,Oct,191220,258856,,,45G Oct,6.16
46,Oct,192074,257794,,,46G Oct,6.66
,,192316,257796,,,46G Oct,7.56
47,Oct,193721,258861,,,47G Oct,5.77
48,Oct,194149,258866,,,48G Oct,6.94
49,Oct,194612,258864,,,49G Oct,5.91
50,Oct,196051,257838,,\mu1,50G Oct,6.0
51,Oct,196067,257836,,\mu2,51G Oct,6.55
52,Oct,199532,257879,,\alpha,52G Oct,5.15
53,Oct,200266,257887,,,53G Oct,6.58
54,Oct,206553,258931,,B,54G Oct,6.57
55,Oct,201906,257904,,,55G Oct,6.63
56,Oct,202418,258899,,,56G Oct,6.45
57,Oct,203532,258902,,,57G Oct,6.38
58,Oct,203955,258904,,,58G Oct,6.47
59,Oct,204904,257942,,,59G Oct,6.18
60,Oct,205478,257948,,\nu,60G Oct,3.76
61,Oct,206053,258916,,,61G Oct,6.7
62,Oct,206240,258914,,\lambda,62G Oct,5.29
63,Oct,207883,257983,,,63G Oct,6.7
64,Oct,208500,257990,,,64G Oct,6.39
65,Oct,208638,257991,,,65G Oct,6.66
66,Oct,208741,257993,,,66G Oct,5.95
67,Oct,209855,258003,,,67G Oct,6.55
68,Oct,210056,258006,,,68G Oct,6.15
69,Oct,210853,258020,,\psi,69G Oct,5.51
70,Oct,210967,258928,,\epsilon,70G Oct,5.1
71,Oct,211539,258932,,\upsilon,71G Oct,5.77
72,Oct,212168,258036,,,72G Oct,6.11
73,Oct,213402,258049,,,73G Oct,6.15
74,Oct,213615,258937,,,74G Oct,6.6
75,Oct,214846,258941,,\beta,75G Oct,4.15
76,Oct,215208,258066,,,76G Oct,7.4
77,Oct,215573,258946,,\xi,77G Oct,5.35
78,Oct,215631,258069,,,78G Oct,6.73
79,Oct,218108,258105,,,79G Oct,6.12
80,Oct,218559,258961,,,80G Oct,6.41
81,Oct,219765,258970,,\tau,81G Oct,5.49
82,Oct,219572,258127,,,82G Oct,6.33
83,Oct,221420,258154,,,83G Oct,5.81
84,Oct,222060,258166,,,84G Oct,6.0
85,Oct,222806,258179,,,85G Oct,5.75
86,Oct,223647,258989,,\gamma1,86G Oct,5.11
87,Oct,224362,258996,,\gamma2,87G Oct,5.73
88,Oct,224889,258207,,\theta,88G Oct,4.78
1,Oph,143615,140903,,,1G Oph,6.8
2,Oph,144362,140945,,,2G Oph,6.53
3,Oph,144390,140947,,,3G Oph,6.41
4,Oph,145204,121396,,,4G Oph,6.7
5,Oph,145788,141031,,,5G Oph,6.25
6,Oph,145894,141039,,,6G Oph,6.84
7,Oph,146051,141052,1,\delta,7G Oph,2.74
8,Oph,146514,141075,,,8G Oph,6.18
9,Oph,146791,141086,2,\epsilon,9G Oph,3.24
10,Oph,147550,141129,,,10G Oph,6.23
11,Oph,147700,159892,4,\psi,11G Oph,4.49
,,147888,184377,,,12G Oph,6.74
12,Oph,147934,184381,5,\rho,12G Oph,5.9
13,Oph,147933,184382,5,\rho,13G Oph,5.02
,,147932,184383,,,13G Oph,7.27
14,Oph,147907,141154,,,14G Oph,7.0
15,Oph,148184,159918,,,15G Oph,4.42
,,148207,121596,,,16G Oph,6.6
16,Oph,148287,121604,,,16G Oph,6.07
17,Oph,148349,141186,,,17G Oph,5.23
18,Oph,148367,141187,3,\upsilon,18G Oph,4.63
19,Oph,148390,121614,,,19G Oph,6.6
20,Oph,148515,141195,,,20G Oph,6.48
21,Oph,148513,121623,,,21G Oph,5.39
22,Oph,148604,159948,,,22G Oph,5.68
23,Oph,148743,141206,,,23G Oph,6.5
24,Oph,148786,159963,8,\phi,24G Oph,4.28
25,Oph,148857,121658,10,\lambda,25G Oph,3.82
26,Oph,148898,184450,9,\omega,26G Oph,4.45
27,Oph,149661,141269,12,,27G Oph,5.76
28,Oph,149757,160006,13,\zeta,28G Oph,2.6
29,Oph,149914,160017,,,29G Oph,6.7
30,Oph,149911,141284,,,30G Oph,6.09
31,Oph,150052,141291,,,31G Oph,6.7
32,Oph,150050,141290,,,32G Oph,6.7
33,Oph,150177,141298,,,33G Oph,6.34
34,Oph,150259,184541,,,34G Oph,6.26
35,Oph,150258,141302,,,35G Oph,6.79
36,Oph,150366,184549,,,36G Oph,6.09
37,Oph,150365,160044,,,37G Oph,6.6
38,Oph,150381,141307,,,38G Oph,6.5
39,Oph,150416,160046,,,39G Oph,4.95
40,Oph,150453,160052,,,40G Oph,5.57
41,Oph,150451,141310,,,41G Oph,6.24
42,Oph,150493,121783,,,42G Oph,6.41
43,Oph,150557,121790,14,,43G Oph,5.8
44,Oph,151133,121834,16,,44G Oph,6.05
45,Oph,151431,121859,19,,45G Oph,6.1
46,Oph,151527,160104,,,46G Oph,6.03
47,Oph,151659,184683,18,,47G Oph,7.1
48,Oph,151676,160116,,,48G Oph,6.08
49,Oph,151769,160118,20,,49G Oph,4.65
50,Oph,151884,160127,,,50G Oph,7.0
51,Oph,151900,141393,,,51G Oph,6.32
52,Oph,152127,121911,21,,52G Oph,5.51
53,Oph,152210,141410,,,53G Oph,7.0
54,Oph,152311,184754,,,54G Oph,5.88
55,Oph,152391,121921,,,55G Oph,6.64
56,Oph,152569,141427,,,56G Oph,6.2
57,Oph,152585,160159,,,57G Oph,6.57
58,Oph,152601,141431,23,,58G Oph,5.25
59,Oph,152655,184804,,,59G Oph,6.9
60,Oph,152781,160171,,,60G Oph,6.37
61,Oph,152849,184822,24,,61G Oph,5.58
62,Oph,152909,160180,,,62G Oph,6.27
63,Oph,153021,160186,,,63G Oph,6.18
64,Oph,153229,160205,,,64G Oph,6.59
65,Oph,153210,121962,27,\kappa,65G Oph,3.2
66,Oph,153336,184892,,,66G Oph,5.86
67,Oph,153363,184897,26,,67G Oph,5.75
68,Oph,153361,160216,,,68G Oph,6.63
69,Oph,153653,121995,,,69G Oph,6.59
70,Oph,153687,141483,30,,70G Oph,4.82
71,Oph,153727,160231,29,,71G Oph,6.26
72,Oph,153914,122023,,,72G Oph,6.33
73,Oph,154088,184990,,,73G Oph,6.59
74,Oph,154021,184982,28,,74G Oph,6.7
75,Oph,154132,184995,31,,75G Oph,6.6
76,Oph,154145,141503,,,76G Oph,6.8
77,Oph,154204,184999,,,77G Oph,6.3
78,Oph,154293,185012,,,78G Oph,7.04
79,Oph,154418,185024,,,79G Oph,6.3
,,154365,185020,,,80G Oph,7.11
80,Oph,154481,185033,,,80G Oph,6.28
81,Oph,154417,122056,,,81G Oph,6.01
82,Oph,154445,141513,,,82G Oph,5.64
83,Oph,154610,122075,,,83G Oph,6.37
84,Oph,154660,141522,,,84G Oph,6.38
85,Oph,154779,160305,,,85G Oph,5.99
86,Oph,154895,141528,,,86G Oph,6.06
87,Oph,154962,141535,,,87G Oph,6.36
88,Oph,155078,160324,,,88G Oph,5.58
89,Oph,155095,160326,,,89G Oph,7.03
90,Oph,155125,160332,35,\eta,90G Oph,2.43
91,Oph,155213,160337,,,91G Oph,6.7
92,Oph,155231,122146,,,92G Oph,6.9
93,Oph,155363,185137,,,93G Oph,6.8
94,Oph,155379,185138,,,94G Oph,6.53
95,Oph,155401,185142,,,95G Oph,6.14
96,Oph,155423,122157,,,96G Oph,6.79
97,Oph,155500,122164,,,97G Oph,6.33
98,Oph,155650,185175,,,98G Oph,6.6
99,Oph,155685,185178,,,99G Oph,6.64
100,Oph,155663,160380,,,100G Oph,6.71
101,Oph,155646,122182,,,101G Oph,6.65
102,Oph,155714,122186,,,102G Oph,6.8
103,Oph,155886,185198,36,A,103G Oph,5.3
104,Oph,155885,185199,36,A,104G Oph,5.3
105,Oph,155970,160402,,,105G Oph,5.99
106,Oph,156026,185213,,,106G Oph,6.34
107,Oph,156034,141578,,,107G Oph,6.93
108,Oph,156208,122224,,,108G Oph,6.17
109,Oph,156227,141585,,,109G Oph,6.09
110,Oph,156247,122226,,U,110G Oph,5.88
111,Oph,156266,141586,41,,111G Oph,4.73
112,Oph,156349,185238,39,\omicron,112G Oph,5.2
113,Oph,156350,185237,39,\omicron,113G Oph,6.8
114,Oph,156365,185239,,,114G Oph,6.6
115,Oph,156462,160440,,,115G Oph,6.43
116,Oph,156458,122244,,,116G Oph,6.7
117,Oph,156539,122251,,,117G Oph,6.8
118,Oph,156635,141602,,,118G Oph,6.62
119,Oph,156717,160462,,,119G Oph,6.04
120,Oph,156697,122270,,,120G Oph,6.51
121,Oph,156846,160474,,,121G Oph,6.5
122,Oph,156826,141611,,,122G Oph,6.32
123,Oph,156860,122279,,,123G Oph,6.7
124,Oph,156897,185296,40,\xi,124G Oph,4.39
125,Oph,156992,185313,,,125G Oph,6.6
126,Oph,157056,185320,42,\theta,126G Oph,3.27
127,Oph,157234,185346,,,127G Oph,7.4
128,Oph,157236,185350,43,,128G Oph,5.35
129,Oph,157261,122316,,,129G Oph,6.7
130,Oph,157348,141643,,,130G Oph,6.96
131,Oph,157347,141642,,,131G Oph,6.29
132,Oph,157527,185367,,,132G Oph,5.85
133,Oph,157546,160523,,,133G Oph,6.21
134,Oph,157617,122346,,,134G Oph,5.77
135,Oph,157792,185401,44,b,135G Oph,4.17
136,Oph,157864,185406,,,136G Oph,6.43
137,Oph,157841,141660,,,137G Oph,6.9
138,Oph,157856,141661,,,138G Oph,6.44
139,Oph,157919,185412,,,139G Oph,4.29
140,Oph,157955,185417,,,140G Oph,6.0
141,Oph,157950,141665,,,141G Oph,4.5
142,Oph,157978,122381,,,142G Oph,6.06
143,Oph,157999,122387,49,\sigma,143G Oph,4.34
144,Oph,158170,141679,,,144G Oph,6.37
145,Oph,158228,122405,,,145G Oph,6.45
146,Oph,158352,122418,,,146G Oph,5.44
147,Oph,158463,141691,,,147G Oph,6.37
148,Oph,158576,141701,,,148G Oph,6.6
149,Oph,158643,185470,51,c,149G Oph,4.81
150,Oph,158614,141702,,,150G Oph,5.31
151,Oph,158704,185474,,,151G Oph,6.06
152,Oph,158837,122465,,,152G Oph,5.59
153,Oph,159170,141730,,,153G Oph,5.62
154,Oph,159376,185526,52,,154G Oph,6.5
155,Oph,159480,122526,53,f,155G Oph,5.81
156,Oph,159564,141748,,,156G Oph,6.7
157,Oph,159975,141772,57,\mu,157G Oph,4.63
158,Oph,160042,185584,,,158G Oph,6.8
159,Oph,160315,122607,,,159G Oph,6.26
160,Oph,160346,122610,,,160G Oph,6.52
,,160385,122615,,,160G Oph,6.8
161,Oph,160438,141795,,,161G Oph,6.7
162,Oph,160471,141798,,,162G Oph,6.19
163,Oph,160839,185655,,,163G Oph,6.41
164,Oph,160781,122646,,,164G Oph,5.95
165,Oph,160915,185660,58,,165G Oph,4.87
166,Oph,160869,141821,,,166G Oph,6.7
167,Oph,161056,141832,,,167G Oph,6.3
168,Oph,161096,122671,60,\beta,168G Oph,2.77
169,Oph,161270,122690,61,,169G Oph,6.17
170,Oph,161289,122691,,,170G Oph,6.56
,,161261,122687,,,170G Oph,8.4
,,161480,122709,,,170G Oph,7.7
,,161572,122716,,,170G Oph,7.59
,,161573,122723,,,170G Oph,6.86
,,161603,122725,,,170G Oph,7.36
,,161677,122735,,,170G Oph,7.13
,,161733,122742,,,170G Oph,7.99
,,161820,122746,,,170G Oph,9.7
,,162028,122776,,,170G Oph,7.49
171,Oph,161587,122729,,,171G Oph,6.86
172,Oph,161868,122754,62,\gamma,172G Oph,3.75
173,Oph,161941,122766,,,173G Oph,6.22
174,Oph,162113,122787,,,174G Oph,6.47
175,Oph,162714,141926,,Y,175G Oph,6.18
176,Oph,162596,141913,,,176G Oph,6.35
177,Oph,162652,122847,,,177G Oph,6.7
178,Oph,162713,141925,,,178G Oph,6.8
179,Oph,162774,122861,,,179G Oph,5.95
180,Oph,162917,122880,,,180G Oph,5.7
181,Oph,163015,141952,,,181G Oph,6.5
182,Oph,163472,122935,,,182G Oph,5.82
183,Oph,163532,141979,,,183G Oph,5.47
184,Oph,163624,122950,,,184G Oph,5.97
185,Oph,163641,122949,,,185G Oph,6.29
186,Oph,163917,142004,64,\nu,186G Oph,3.34
187,Oph,164064,142012,,,187G Oph,5.87
188,Oph,164258,123004,,,188G Oph,6.37
189,Oph,164257,123001,,,189G Oph,6.7
190,Oph,164284,123005,66,,190G Oph,4.64
191,Oph,164353,123013,67,,191G Oph,3.97
192,Oph,164432,123017,,,192G Oph,6.34
193,Oph,164577,123035,68,,193G Oph,4.45
194,Oph,164716,142045,,,194G Oph,6.76
195,Oph,164765,,69,\tau,195G Oph,5.24
196,Oph,165174,123090,,,196G Oph,6.14
197,Oph,165341,123107,70,,197G Oph,4.03
198,Oph,165760,123140,71,,198G Oph,4.64
199,Oph,165777,123142,72,,199G Oph,3.7
,,165742,123138,,,199G Oph,6.6
,,165887,123156,,,199G Oph,6.5
,,166073,123172,,,199G Oph,6.9
,,166072,123173,,,199G Oph,7.3
200,Oph,166233,123187,73,,200G Oph,5.73
201,Oph,166285,123198,,,201G Oph,5.69
202,Oph,166460,123212,,,202G Oph,5.51
203,Oph,166917,123250,,,203G Oph,6.7
204,Oph,166991,123257,,,204G Oph,6.6
205,Oph,167162,123271,,,205G Oph,6.5
206,Oph,167654,123308,,,206G Oph,6.01
207,Oph,167858,123320,,,207G Oph,6.63
208,Oph,168387,123353,,,208G Oph,5.39
209,Oph,168656,123377,74,,209G Oph,4.86
1,Ori,30321,131481,,,1G Ori,6.33
2,Ori,30365,112077,,,2G Ori,6.7
3,Ori,30508,112091,,,3G Ori,6.6
,,30544,112096,,,4G Ori,7.32
4,Ori,30545,112098,,,4G Ori,6.03
5,Ori,30573,112100,,,5G Ori,7.01
6,Ori,30652,112106,1,\pi3,6G Ori,3.19
7,Ori,30739,112124,2,\pi2,7G Ori,4.37
8,Ori,30796,112132,,,8G Ori,6.69
9,Ori,30836,112142,3,\pi4,9G Ori,3.7
10,Ori,30870,112150,,,10G Ori,6.11
11,Ori,31139,112179,5,,11G Ori,5.33
12,Ori,31209,112191,,,12G Ori,6.61
13,Ori,31237,112197,8,\pi5,13G Ori,3.72
14,Ori,31295,94201,7,\pi1,14G Ori,4.65
15,Ori,31296,112203,,,15G Ori,5.33
16,Ori,31297,131587,,,16G Ori,6.6
17,Ori,31331,112206,,,17G Ori,5.99
18,Ori,31411,112220,,,18G Ori,6.5
19,Ori,31423,112225,,,19G Ori,6.52
20,Ori,31623,131625,,,20G Ori,6.23
21,Ori,31739,131640,,,21G Ori,6.35
22,Ori,31767,112281,10,\pi6,22G Ori,4.47
23,Ori,32039,112304,,,23G Ori,7.03
23,Ori,32040,112305,,,23G Ori,6.66
24,Ori,32145,112316,,,24G Ori,7.24
25,Ori,32115,131684,,,25G Ori,6.32
26,Ori,32219,131697,,,26G Ori,6.6
27,Ori,32263,112334,,,27G Ori,5.92
28,Ori,32273,112340,,,28G Ori,6.24
29,Ori,32304,112350,,,29G Ori,7.0
30,Ori,32526,131731,,,30G Ori,6.8
31,Ori,32686,131742,,,31G Ori,6.05
32,Ori,32736,112406,,W,32G Ori,6.17
33,Ori,33021,112436,13,,33G Ori,6.17
34,Ori,33054,112440,14,i,34G Ori,5.34
35,Ori,33066,112450,,,35G Ori,6.66
36,Ori,33236,112465,,,36G Ori,6.6
37,Ori,33254,112467,16,h,37G Ori,5.43
38,Ori,33340,112481,,,38G Ori,7.1
39,Ori,33345,131829,,,39G Ori,6.52
40,Ori,33419,131834,,,40G Ori,6.1
41,Ori,33555,131847,,,41G Ori,6.25
42,Ori,33608,131852,,,42G Ori,5.9
43,Ori,33647,112505,,,43G Ori,6.67
44,Ori,33646,112509,,,44G Ori,5.89
45,Ori,33833,131873,,,45G Ori,5.91
46,Ori,33856,112528,17,\rho,46G Ori,4.45
47,Ori,33883,112535,,,47G Ori,6.09
48,Ori,33946,112543,,,48G Ori,6.32
49,Ori,33948,131887,,,49G Ori,6.37
50,Ori,34085,131907,19,\beta,50G Ori,0.12
51,Ori,34043,112556,,,51G Ori,5.5
52,Ori,34180,131917,,,52G Ori,6.1
53,Ori,34317,112588,,,53G Ori,6.42
54,Ori,34503,131952,20,\tau,54G Ori,3.59
55,Ori,34658,112624,21,,55G Ori,5.3
56,Ori,34748,131983,,,56G Ori,6.33
57,Ori,34855,112654,,,57G Ori,6.5
58,Ori,34880,132004,,,58G Ori,6.39
59,Ori,34989,112667,,,59G Ori,5.79
60,Ori,35007,132024,,,60G Ori,5.69
61,Ori,35039,132028,22,o,61G Ori,4.72
62,Ori,35149,112697,23,m,62G Ori,5.0
,,35148,112699,,,62G Ori,7.18
63,Ori,35242,112708,,,63G Ori,6.35
64,Ori,35299,132057,,,64G Ori,5.7
65,Ori,35281,132053,,,65G Ori,5.99
66,Ori,35317,132060,,,66G Ori,6.11
67,Ori,35410,132070,27,p,67G Ori,5.08
68,Ori,35369,132067,29,e,68G Ori,4.14
69,Ori,35407,112729,,,69G Ori,6.32
70,Ori,35411,132071,28,\eta,70G Ori,3.35
71,Ori,35439,112734,25,,71G Ori,4.94
72,Ori,35468,112740,24,\gamma,72G Ori,1.64
73,Ori,35536,150420,,,73G Ori,5.61
74,Ori,35588,112752,,,74G Ori,6.16
75,Ori,35640,132100,,,75G Ori,6.23
76,Ori,35656,112767,,,76G Ori,6.42
77,Ori,35715,112775,30,\psi,77G Ori,4.59
78,Ori,35912,112794,,,78G Ori,6.41
79,Ori,36134,132170,,,79G Ori,5.79
80,Ori,36151,132172,,,80G Ori,6.71
81,Ori,36167,132176,31,,81G Ori,4.71
82,Ori,36166,112830,,,82G Ori,5.78
83,Ori,36217,112837,,,83G Ori,6.21
84,Ori,36267,112849,32,A,84G Ori,4.2
85,Ori,36285,132192,,,85G Ori,6.33
86,Ori,36351,112861,33,n1,86G Ori,5.46
87,Ori,36430,132210,,,87G Ori,6.23
88,Ori,36486,132220,34,\delta,88G Ori,2.24
89,Ori,36512,132222,36,\upsilon,89G Ori,4.62
90,Ori,36558,132233,,,90G Ori,6.5
91,Ori,36591,132234,,,91G Ori,5.35
92,Ori,36695,132255,,,92G Ori,5.38
93,Ori,36779,132269,,,93G Ori,6.23
94,Ori,36741,112901,,,94G Ori,6.59
95,Ori,36777,112904,38,n2,95G Ori,5.36
96,Ori,36780,132270,,,96G Ori,5.93
97,Ori,36822,112914,37,\phi1,97G Ori,4.41
98,Ori,36824,112912,,,98G Ori,6.69
99,Ori,36840,132277,,,99G Ori,6.5
100,Ori,36843,132278,,,100G Ori,6.83
101,Ori,36861,112921,39,\lambda,101G Ori,3.3
102,Ori,36959,132298,,,102G Ori,5.67
103,Ori,36960,132301,,,103G Ori,4.78
104,Ori,37022,132314,41,\theta1,104G Ori,5.13
105,Ori,37041,132321,43,\theta2,105G Ori,6.39
,,37017,132317,,,106G Ori,6.56
106,Ori,37016,132319,,,106G Ori,6.24
107,Ori,37040,132325,,,107G Ori,6.38
108,Ori,37043,132323,44,\iota,108G Ori,2.77
109,Ori,37018,132320,42,c,109G Ori,4.59
110,Ori,37077,132336,45,,110G Ori,5.3
111,Ori,37055,132332,,,111G Ori,6.41
112,Ori,37128,132346,46,\epsilon,112G Ori,1.7
113,Ori,37160,112958,40,\phi2,113G Ori,4.09
114,Ori,37232,112966,,,114G Ori,6.12
115,Ori,37209,132359,,,115G Ori,5.72
116,Ori,37320,112979,,,116G Ori,5.88
117,Ori,37303,132375,,,117G Ori,6.05
118,Ori,37356,132387,,,118G Ori,6.19
119,Ori,37468,132406,48,\sigma,119G Ori,3.8
120,Ori,37481,132405,,,120G Ori,5.96
121,Ori,37490,113001,47,\omega,121G Ori,4.57
122,Ori,37507,132411,49,d,122G Ori,4.8
123,Ori,37594,132424,,,123G Ori,6.0
124,Ori,37635,132425,,,124G Ori,6.5
125,Ori,37744,132441,,,125G Ori,6.22
126,Ori,37742,132444,50,\zeta,126G Ori,1.7
127,Ori,37756,132445,,,127G Ori,4.95
128,Ori,37788,113033,,,128G Ori,5.93
129,Ori,37808,150680,,,129G Ori,6.45
130,Ori,37904,132465,,,130G Ori,6.42
131,Ori,37958,113053,,,131G Ori,6.68
132,Ori,37984,113056,51,b,132G Ori,4.91
133,Ori,38099,132480,,,133G Ori,6.31
134,Ori,38089,132477,,,134G Ori,5.97
,,38291,113097,,,134G Ori,7.18
,,38350,113107,,,134G Ori,7.21
135,Ori,38309,113099,,,135G Ori,6.1
136,Ori,38495,132515,,,136G Ori,6.25
137,Ori,38527,113124,,,137G Ori,5.79
138,Ori,38529,113119,,,138G Ori,5.95
139,Ori,38710,113150,52,,139G Ori,5.27
140,Ori,38735,150814,,,140G Ori,6.03
141,Ori,38771,132542,53,\kappa,141G Ori,2.06
,,38801,132543,,,141G Ori,8.0
,,38824,132549,,,141G Ori,7.29
142,Ori,38858,132554,,,142G Ori,5.97
143,Ori,39007,113179,,,143G Ori,5.8
144,Ori,39051,113186,,,144G Ori,5.97
145,Ori,39118,113198,,,145G Ori,5.98
146,Ori,39291,132591,55,,146G Ori,5.35
147,Ori,39400,113220,56,,147G Ori,4.78
148,Ori,39421,132603,,,148G Ori,5.97
149,Ori,39685,113253,,,149G Ori,6.31
150,Ori,39775,113265,,,150G Ori,6.0
151,Ori,39777,132635,,,151G Ori,6.57
152,Ori,39801,113271,58,\alpha,152G Ori,0.5
153,Ori,39911,132648,,,153G Ori,7.1
154,Ori,39910,132652,,,154G Ori,5.87
,,39927,132653,,,154G Ori,6.28
155,Ori,39985,113284,,,155G Ori,5.99
156,Ori,40282,113306,,,156G Ori,6.22
157,Ori,40347,132700,,,157G Ori,6.22
158,Ori,40372,113315,59,,158G Ori,5.89
159,Ori,40446,113321,60,,159G Ori,5.22
160,Ori,40574,132723,,,160G Ori,6.62
161,Ori,40657,132732,,,161G Ori,4.53
162,Ori,40932,113389,61,\mu,162G Ori,4.12
163,Ori,40964,113392,,,163G Ori,6.59
164,Ori,41361,113429,63,,164G Ori,5.67
165,Ori,41380,113430,66,,165G Ori,5.63
166,Ori,41381,132803,,,166G Ori,6.8
167,Ori,41756,132845,,,167G Ori,6.92
168,Ori,42035,113503,,,168G Ori,6.55
169,Ori,42089,113512,,,169G Ori,6.69
170,Ori,42111,113507,,,170G Ori,5.73
171,Ori,42256,113530,,,171G Ori,6.6
172,Ori,42353,113542,,,172G Ori,6.9
173,Ori,42787,113592,,,173G Ori,6.46
174,Ori,42824,132965,,,174G Ori,6.63
175,Ori,43023,132994,,,175G Ori,5.83
176,Ori,43285,113650,,,176G Ori,6.07
177,Ori,43317,113653,,,177G Ori,6.64
178,Ori,43318,133028,,,178G Ori,5.65
179,Ori,43358,113656,,,179G Ori,6.37
,,43461,113668,,,179G Ori,6.62
180,Ori,43525,113675,75,l,180G Ori,5.39
181,Ori,43526,113673,,,181G Ori,6.57
182,Ori,43587,113683,,,182G Ori,5.71
183,Ori,43821,113710,,,183G Ori,6.24
184,Ori,44109,113733,,,184G Ori,6.76
185,Ori,44131,133118,,,185G Ori,4.9
186,Ori,44333,113758,,,186G Ori,6.31
,,44418,113766,,,186G Ori,7.2
1,Pav,160435,244964,,,1G Pav,7.17
2,Pav,160635,254020,,\eta,2G Pav,3.62
3,Pav,160675,254021,,,3G Pav,7.0
4,Pav,160720,244989,,,4G Pav,6.01
5,Pav,161032,245015,,,5G Pav,6.6
6,Pav,161441,254047,,,6G Pav,6.7
7,Pav,161475,254048,,,7G Pav,6.4
,,161566,254050,,,7G Pav,6.8
8,Pav,161814,254057,,,8G Pav,5.78
9,Pav,161955,254063,,,9G Pav,6.49
10,Pav,162521,254079,,,10G Pav,6.36
11,Pav,163878,254118,,,11G Pav,6.9
12,Pav,164371,245211,,,12G Pav,7.0
13,Pav,164427,245217,,,13G Pav,6.89
14,Pav,164806,245237,,,14G Pav,6.84
15,Pav,164871,254141,,,15G Pav,6.41
16,Pav,165040,254147,,\pi,16G Pav,4.35
17,Pav,165499,254157,,\iota,17G Pav,5.49
18,Pav,165497,245273,,,18G Pav,6.38
19,Pav,165861,257575,,,19G Pav,6.72
20,Pav,166251,254179,,,20G Pav,6.47
21,Pav,166599,254189,,,21G Pav,5.6
22,Pav,166841,254196,,,22G Pav,6.33
23,Pav,166972,245359,,,23G Pav,7.0
24,Pav,167425,254209,,,24G Pav,6.18
25,Pav,167806,245405,,,25G Pav,6.9
26,Pav,168339,254226,,\xi,26G Pav,4.36
27,Pav,168338,254225,,,27G Pav,6.7
28,Pav,168740,254237,,,28G Pav,6.14
29,Pav,168849,245452,,,29G Pav,6.9
30,Pav,169570,257601,,,30G Pav,5.89
31,Pav,169979,257603,,,31G Pav,7.0
32,Pav,169836,245510,,,32G Pav,5.76
33,Pav,169978,254273,,\nu,33G Pav,4.64
,,170046,254275,,,33G Pav,7.7
34,Pav,170525,245547,,,34G Pav,6.42
35,Pav,171759,257620,,\zeta,35G Pav,4.01
,,171582,245603,,,36G Pav,7.1
36,Pav,171674,245612,,,36G Pav,6.7
,,171795,245622,,,36G Pav,6.9
37,Pav,172021,254343,,,37G Pav,6.37
38,Pav,172211,254353,,,38G Pav,5.78
39,Pav,172555,254358,,,39G Pav,4.79
40,Pav,172630,254359,,,40G Pav,6.04
41,Pav,172881,257630,,,41G Pav,6.06
42,Pav,172781,245681,,,42G Pav,6.22
43,Pav,173168,254374,,\theta,43G Pav,5.73
44,Pav,173545,257636,,,44G Pav,7.2
45,Pav,173948,254393,,\lambda,45G Pav,4.22
46,Pav,174694,254413,,\kappa,46G Pav,4.44
47,Pav,174877,254415,,,47G Pav,6.48
48,Pav,175008,257645,,,48G Pav,6.9
49,Pav,175007,257644,,,49G Pav,6.5
50,Pav,175401,254426,,,50G Pav,6.01
51,Pav,175329,254423,,\omega,51G Pav,5.1
,,175652,254433,,,51G Pav,6.9
52,Pav,175986,254446,,,52G Pav,5.88
53,Pav,176340,254453,,,53G Pav,7.0
54,Pav,176522,245896,,,54G Pav,6.2
55,Pav,177222,257662,,,55G Pav,6.6
56,Pav,177389,254475,,,56G Pav,5.33
57,Pav,,,,NGC6752,57G Pav,5.4
58,Pav,178632,254496,,,58G Pav,6.7
59,Pav,179009,254508,,\tau,59G Pav,6.25
60,Pav,179366,254515,,,60G Pav,5.53
61,Pav,179419,254514,,,61G Pav,6.43
62,Pav,181019,254551,,,62G Pav,6.34
63,Pav,181351,254558,,,63G Pav,6.7
64,Pav,181958,254578,,,64G Pav,6.7
65,Pav,182709,254590,,,65G Pav,5.96
66,Pav,183237,254592,,,66G Pav,7.0
67,Pav,184586,254622,,,67G Pav,6.39
68,Pav,184585,246188,,,68G Pav,6.18
69,Pav,184996,254627,,,69G Pav,6.09
,,185391,254633,,,69G Pav,7.7
,,185474,,,,69G Pav,8.26
,,185890,254642,,,69G Pav,8.4
70,Pav,186219,257736,,,70G Pav,5.41
71,Pav,186584,254658,,,71G Pav,6.45
72,Pav,186786,254669,,NZ,72G Pav,6.05
73,Pav,186837,254666,,,73G Pav,6.21
,,186810,246284,,,74G Pav,7.0
74,Pav,186957,246293,,,74G Pav,5.42
75,Pav,187653,254683,,,75G Pav,6.22
76,Pav,188097,254693,,,76G Pav,5.75
77,Pav,188229,257758,,,77G Pav,6.59
78,Pav,188228,257757,,\epsilon,78G Pav,4.0
79,Pav,188164,254696,,,79G Pav,6.39
80,Pav,188162,246349,,,80G Pav,5.26
81,Pav,188161,246348,,,81G Pav,6.53
82,Pav,188584,254702,,\mu1,82G Pav,5.76
83,Pav,188887,254707,,\mu2,83G Pav,5.31
84,Pav,188769,254704,,,84G Pav,6.9
85,Pav,189124,246389,,,85G Pav,5.13
86,Pav,189567,254721,,,86G Pav,6.07
87,Pav,190222,254731,,,87G Pav,6.45
88,Pav,190248,254733,,\delta,88G Pav,3.56
89,Pav,190733,254737,,,89G Pav,7.0
90,Pav,191095,246470,,,90G Pav,6.37
91,Pav,191507,254753,,,91G Pav,7.1
92,Pav,191585,254757,,,92G Pav,6.9
93,Pav,191603,254756,,,93G Pav,6.09
,,191630,254758,,,93G Pav,6.8
,,191560,254755,,,93G Pav,7.2
94,Pav,191937,257788,,,94G Pav,6.57
,,191973,257789,,,94G Pav,6.94
95,Pav,191993,254763,,,95G Pav,6.8
96,Pav,192510,254770,,,96G Pav,6.7
97,Pav,192531,254772,,,97G Pav,6.27
98,Pav,192887,254775,,,98G Pav,6.5
99,Pav,193924,246574,,\alpha,99G Pav,1.94
100,Pav,194663,254803,,,100G Pav,7.0
,,194835,257820,,,100G Pav,8.0
,,,,,,100G Pav,
101,Pav,195190,257823,,,101G Pav,6.3
,,195390,257825,,,100G Pav,7.6
102,Pav,195459,257829,,,102G Pav,6.9
,,195646,,,,100G Pav,8.17
,,195849,257834,,,100G Pav,7.0
103,Pav,195402,254820,,,103G Pav,6.11
,,195573,254825,,,103G Pav,7.0
104,Pav,195627,254823,,\phi1,104G Pav,4.8
105,Pav,195772,254827,,,105G Pav,6.4
106,Pav,195805,254831,,,106G Pav,6.6
107,Pav,195961,254835,,\rho,107G Pav,4.88
108,Pav,196317,254844,,,108G Pav,6.22
109,Pav,196378,254846,,\phi2,109G Pav,5.12
110,Pav,196519,254854,,\upsilon,110G Pav,5.15
111,Pav,197051,254862,,\beta,111G Pav,3.42
112,Pav,197359,254867,,,112G Pav,6.8
113,Pav,197635,254871,,\sigma,113G Pav,5.41
114,Pav,198160,254883,,,114G Pav,6.59
115,Pav,198161,254884,,,115G Pav,6.6
,,198533,246772,,,115G Pav,8.7
,,198534,246773,,,115G Pav,7.6
116,Pav,198971,254907,,,116G Pav,6.9
117,Pav,199190,254915,,,117G Pav,6.87
118,Pav,199475,254918,,,118G Pav,6.37
119,Pav,200525,257890,,,119G Pav,5.68
120,Pav,200655,254939,,,120G Pav,6.78
121,Pav,200751,254941,,,121G Pav,5.76
,,201020,254948,,,121G Pav,7.0
122,Pav,200924,257893,,,122G Pav,6.2
123,Pav,201371,257896,,\omicron,123G Pav,5.02
124,Pav,202299,254966,,,124G Pav,6.31
125,Pav,202457,254970,,,125G Pav,6.6
126,Pav,203133,254990,,Y,126G Pav,6.41
127,Pav,203212,257920,,,127G Pav,6.09
128,Pav,203608,254999,,\gamma,128G Pav,4.22
129,Pav,203881,255003,,SX,129G Pav,5.34
1,Peg,204265,126805,,,1G Peg,6.7
2,Peg,204445,126818,,,2G Peg,6.4
3,Peg,204603,126834,,,3G Peg,6.6
4,Peg,204864,126862,,,4G Peg,7.0
5,Peg,205782,126933,,,5G Peg,6.9
6,Peg,205811,126940,3,,6G Peg,6.18
7,Peg,205924,126956,4,,7G Peg,5.7
8,Peg,206155,126971,,EE,8G Peg,6.97
9,Peg,206487,127002,7,,9G Peg,5.3
10,Peg,206689,127021,,,10G Peg,6.7
11,Peg,206778,127029,8,\epsilon,11G Peg,2.39
12,Peg,207203,127060,11,,12G Peg,5.64
13,Peg,208110,127141,,,13G Peg,6.15
14,Peg,208632,127190,,,14G Peg,7.05
15,Peg,208718,127196,,,15G Peg,7.2
16,Peg,208776,127201,,,16G Peg,6.94
17,Peg,209008,127219,18,,17G Peg,6.0
18,Peg,209167,127239,19,,18G Peg,5.65
19,Peg,209615,127267,,,19G Peg,6.9
20,Peg,209747,127285,22,\nu,20G Peg,4.84
21,Peg,209845,127297,,,21G Peg,7.2
22,Peg,209903,127301,,,22G Peg,7.6
23,Peg,210041,127309,,,23G Peg,7.0
24,Peg,210267,127327,,,24G Peg,6.6
25,Peg,210418,127340,26,\theta,25G Peg,3.5
26,Peg,210686,127363,,,26G Peg,7.0
27,Peg,210719,127367,,,27G Peg,7.0
28,Peg,211048,127402,,,28G Peg,6.6
29,Peg,211287,127420,,,29G Peg,6.21
30,Peg,211924,127453,30,,30G Peg,5.37
31,Peg,211976,127460,,,31G Peg,6.17
32,Peg,212754,127529,34,,32G Peg,5.75
33,Peg,212943,127540,35,,33G Peg,4.79
34,Peg,213119,127544,36,,34G Peg,5.58
35,Peg,213235,127551,37,,35G Peg,5.48
36,Peg,214546,127658,,,36G Peg,6.82
37,Peg,214786,127678,,,37G Peg,7.0
38,Peg,215128,127705,,,38G Peg,7.3
39,Peg,216385,127810,49,\sigma,39G Peg,5.16
40,Peg,216735,127839,50,\rho,40G Peg,4.9
41,Peg,217166,127870,,,41G Peg,6.43
42,Peg,218329,127976,55,,42G Peg,4.52
43,Peg,218634,128001,57,,43G Peg,5.12
44,Peg,218700,128007,58,,44G Peg,5.4
45,Peg,218918,128022,59,,45G Peg,5.1
46,Peg,221853,128272,,,46G Peg,7.3
47,Peg,222377,128309,,,47G Peg,6.0
48,Peg,222764,108789,77,,48G Peg,5.06
49,Peg,222962,128365,,,49G Peg,6.5
50,Peg,223277,128388,,,50G Peg,6.6
51,Peg,223637,128421,80,HH,51G Peg,5.79
52,Peg,224155,128472,,,52G Peg,6.79
1,Phe,220802,247880,,,1G Phe,6.23
,,220803,247881,,,1G Phe,7.7
,,220896,247888,,,1G Phe,7.2
2,Phe,221051,231622,,,2G Phe,6.43
3,Phe,221069,247899,,,3G Phe,6.7
4,Phe,221241,231638,,,4G Phe,6.7
5,Phe,221323,231642,,,5G Phe,6.02
6,Phe,221370,231645,,,6G Phe,6.7
7,Phe,221473,231655,,,7G Phe,6.9
8,Phe,221738,247933,,,8G Phe,6.8
,,221736,231672,,,9G Phe,6.7
9,Phe,221760,231675,,\iota,9G Phe,4.71
10,Phe,221943,231692,,,10G Phe,6.92
11,Phe,222095,231707,,,11G Phe,4.74
,,,231718,,,12G Phe,7.4
12,Phe,222287,231719,,\theta,12G Phe,6.09
13,Phe,222363,231726,,,13G Phe,6.9
14,Phe,222576,231744,,,14G Phe,7.11
15,Phe,222688,231749,,,15G Phe,6.63
16,Phe,222803,231756,,,16G Phe,6.09
17,Phe,223011,231769,,,17G Phe,6.3
18,Phe,223065,231773,,SX,18G Phe,7.12
19,Phe,223145,248018,,\sigma,19G Phe,5.18
20,Phe,223171,231781,,,20G Phe,6.88
21,Phe,223256,248023,,,21G Phe,6.9
22,Phe,223328,231788,,,22G Phe,6.7
23,Phe,223549,231804,,,23G Phe,6.5
,,223451,231799,,,23G Phe,8.3
,,223480,231800,,,23G Phe,7.7
,,223633,231811,,,23G Phe,7.52
24,Phe,223600,231806,,,24G Phe,6.9
25,Phe,223677,231814,,,25G Phe,6.6
26,Phe,223678,231815,,,26G Phe,7.2
27,Phe,224022,231842,,,27G Phe,6.03
,,224464,248082,,,28G Phe,7.6
28,Phe,224505,248085,,,28G Phe,6.6
29,Phe,224554,248087,,\pi,29G Phe,5.13
30,Phe,224596,231874,,,30G Phe,6.77
31,Phe,224750,231888,,,31G Phe,6.29
32,Phe,224782,248097,,,32G Phe,6.6
33,Phe,224834,231895,,\tau,33G Phe,5.71
34,Phe,224865,248103,,,34G Phe,5.53
35,Phe,224914,231901,,,35G Phe,6.7
,,225268,231917,,,36G Phe,7.7
36,Phe,53,231922,,,36G Phe,7.4
37,Phe,142,214963,,,37G Phe,5.7
38,Phe,469,231943,,,38G Phe,6.33
,,479,231946,,,38G Phe,8.5
,,480,231947,,,38G Phe,7.0
39,Phe,496,214983,,\epsilon,39G Phe,3.88
40,Phe,770,214999,,,40G Phe,6.5
41,Phe,957,215009,,,41G Phe,7.0
42,Phe,1004,231979,,,42G Phe,6.7
43,Phe,1483,215047,,,43G Phe,6.33
44,Phe,1817,232008,,,44G Phe,6.6
45,Phe,2070,232027,,,45G Phe,6.82
46,Phe,2262,215092,,\kappa,46G Phe,3.9
47,Phe,2259,192523,,,47G Phe,7.2
48,Phe,2261,215093,,\alpha,48G Phe,2.37
49,Phe,2490,215103,,,49G Phe,5.44
50,Phe,2529,232055,,,50G Phe,6.26
51,Phe,2724,215120,,,51G Phe,6.19
52,Phe,2723,192574,,,52G Phe,6.6
53,Phe,2726,215119,,,53G Phe,5.69
54,Phe,2834,215131,,\lambda1,54G Phe,4.77
55,Phe,3075,232087,,,55G Phe,7.2
56,Phe,3136,215146,,,56G Phe,6.8
57,Phe,3145,215148,,,57G Phe,6.8
58,Phe,3158,232091,,,58G Phe,5.57
59,Phe,3302,215157,,\lambda2,59G Phe,5.51
60,Phe,3303,232099,,,60G Phe,6.06
61,Phe,3405,215165,,,61G Phe,6.78
62,Phe,3488,232114,,,62G Phe,6.41
63,Phe,3750,215185,,,63G Phe,6.01
64,Phe,3919,215194,,\mu,64G Phe,4.59
65,Phe,3979,215199,,,65G Phe,7.07
66,Phe,3980,232152,,\xi,66G Phe,5.7
67,Phe,4130,215208,,,67G Phe,6.9
68,Phe,4150,232162,,\eta,68G Phe,4.36
69,Phe,4228,215215,,,69G Phe,6.8
70,Phe,4293,215221,,,70G Phe,5.93
71,Phe,4304,232168,,,71G Phe,6.15
72,Phe,4391,215232,,,72G Phe,5.8
73,Phe,4737,215245,,,73G Phe,6.27
74,Phe,4849,215254,,AZ,74G Phe,6.5
75,Phe,4919,232203,,\rho,75G Phe,5.22
76,Phe,5042,215270,,,76G Phe,6.9
77,Phe,5275,215283,,,77G Phe,6.9
,,5311,215285,,,77G Phe,7.7
78,Phe,5388,215291,,,78G Phe,6.8
79,Phe,5474,232227,,,79G Phe,6.6
80,Phe,6192,232268,,\omega,80G Phe,6.11
81,Phe,6245,215343,,,81G Phe,5.36
82,Phe,6290,215346,,,82G Phe,7.0
,,6367,215350,,,83G Phe,7.4
83,Phe,6354,215348,,,83G Phe,7.1
84,Phe,6493,215355,,,84G Phe,7.2
85,Phe,6595,215365,,\beta,85G Phe,3.31
86,Phe,6629,215367,,,86G Phe,6.7
87,Phe,6735,215372,,,87G Phe,7.2
88,Phe,6767,215374,,\upsilon,88G Phe,5.21
89,Phe,6882,232306,,\zeta,89G Phe,3.91
90,Phe,6996,232315,,,90G Phe,7.13
91,Phe,7082,232324,,,91G Phe,6.41
92,Phe,7097,232325,,,92G Phe,7.1
93,Phe,7570,215428,,\nu,93G Phe,4.96
94,Phe,7706,215433,,,94G Phe,6.58
95,Phe,8001,215450,,,95G Phe,6.76
96,Phe,8213,215466,,,96G Phe,8.0
97,Phe,8178,232381,,,97G Phe,7.43
98,Phe,8224,232385,,,98G Phe,7.0
99,Phe,8305,215473,,,99G Phe,7.45
100,Phe,8315,232390,,,100G Phe,6.5
101,Phe,8391,215478,,,101G Phe,7.02
102,Phe,8534,215486,,,102G Phe,7.3
103,Phe,8651,215492,,,103G Phe,5.42
104,Phe,8681,215494,,,104G Phe,6.26
105,Phe,8901,215507,,,105G Phe,6.6
106,Phe,9053,215516,,\gamma,106G Phe,3.41
107,Phe,9067,215517,,,107G Phe,7.0
108,Phe,9184,215525,,,108G Phe,6.31
,,9207,232437,,,108G Phe,7.3
,,9293,232443,,,108G Phe,7.0
109,Phe,9362,215536,,\delta,109G Phe,3.95
110,Phe,9378,232446,,,110G Phe,7.5
111,Phe,9414,215539,,,111G Phe,6.17
,,9528,215545,,,112G Phe,8.0
112,Phe,9544,215547,,,112G Phe,6.27
113,Phe,9733,215567,,,113G Phe,6.91
114,Phe,9895,215573,,,114G Phe,6.5
115,Phe,10019,215581,,,115G Phe,6.8
116,Phe,10121,215589,,,116G Phe,6.97
117,Phe,10167,215592,,,117G Phe,6.67
118,Phe,10240,215601,,,118G Phe,7.3
,,10358,215607,,,118G Phe,7.3
119,Phe,10553,232497,,,119G Phe,6.64
120,Phe,10934,232519,,,120G Phe,5.49
121,Phe,11022,215650,,,121G Phe,6.18
122,Phe,11112,215660,,,122G Phe,7.13
123,Phe,11332,215673,,,123G Phe,6.14
124,Phe,11413,232542,,,124G Phe,5.94
125,Phe,11421,215679,,,125G Phe,6.5
126,Phe,11695,215696,,\psi,126G Phe,4.41
127,Phe,11753,215697,,\phi,127G Phe,5.12
128,Phe,12055,215715,,,128G Phe,4.83
129,Phe,12296,215726,,,129G Phe,5.57
,,12268,215725,,,129G Phe,7.2
,,12387,215734,,,129G Phe,7.36
130,Phe,12524,215739,,\chi,130G Phe,5.14
131,Phe,13218,215777,,,131G Phe,6.7
132,Phe,13336,215785,,,132G Phe,5.85
133,Phe,13387,215793,,,133G Phe,6.6
134,Phe,13423,215794,,,134G Phe,6.32
,,13388,215789,,,134G Phe,7.1
,,13490,215798,,,134G Phe,7.1
135,Phe,13940,215831,,,135G Phe,5.91
136,Phe,14057,215838,,,136G Phe,6.97
137,Phe,14509,215860,,,137G Phe,6.37
138,Phe,14832,215878,,,138G Phe,6.31
139,Phe,15064,215892,,,139G Phe,6.18
1,Pic,29805,233605,,,1G Pic,6.44
2,Pic,29930,216928,,,2G Pic,6.91
3,Pic,30042,216939,,,3G Pic,6.76
,,30218,216956,,,3G Pic,7.4
4,Pic,30185,233638,,\lambda,4G Pic,5.31
5,Pic,30292,216967,,,5G Pic,6.91
,,30294,233646,,,6G Pic,7.1
6,Pic,30317,233647,,,6G Pic,6.62
,,30373,233653,,,6G Pic,8.0
7,Pic,31203,233709,,\iota,7G Pic,5.61
8,Pic,31204,233710,,,8G Pic,6.42
9,Pic,31245,233715,,,9G Pic,6.5
10,Pic,32743,217140,,\eta1,10G Pic,5.38
11,Pic,33042,217164,,\eta2,11G Pic,5.03
12,Pic,33116,233814,,,12G Pic,6.27
13,Pic,33331,217185,,,13G Pic,6.93
14,Pic,34347,233886,,,14G Pic,6.05
15,Pic,34631,217265,,,15G Pic,7.0
16,Pic,35072,233926,,\zeta,16G Pic,5.45
17,Pic,35580,233952,,\kappa,17G Pic,6.08
18,Pic,35765,217325,,,18G Pic,6.08
,,35859,233964,,,19G Pic,6.79
19,Pic,35860,233965,,\theta,19G Pic,6.27
,,36520,217365,,,20G Pic,6.4
20,Pic,36553,217368,,,20G Pic,5.46
21,Pic,36734,217382,,,21G Pic,5.86
22,Pic,36789,234009,,,22G Pic,6.9
23,Pic,37226,234026,,,23G Pic,6.42
24,Pic,37227,234025,,,24G Pic,6.7
25,Pic,37434,217422,,,25G Pic,6.11
26,Pic,37462,234037,,,26G Pic,6.75
27,Pic,37781,234059,,,27G Pic,6.5
28,Pic,37933,234065,,,28G Pic,7.1
29,Pic,38458,217497,,,29G Pic,6.39
30,Pic,38871,217521,,,30G Pic,5.31
31,Pic,38973,234128,,,31G Pic,6.7
32,Pic,39060,234134,,\beta,32G Pic,3.8
33,Pic,39110,234137,,,33G Pic,6.18
34,Pic,39312,217559,,,34G Pic,6.38
35,Pic,39523,234154,,\gamma,35G Pic,4.51
36,Pic,39547,234162,,,36G Pic,6.35
,,39565,234158,,,36G Pic,7.5
,,39577,234160,,,36G Pic,7.1
37,Pic,39640,234169,,,37G Pic,5.17
38,Pic,39937,234181,,,38G Pic,5.92
39,Pic,40105,234191,,,39G Pic,6.52
40,Pic,40200,217612,,,40G Pic,6.1
41,Pic,40201,249381,,,41G Pic,7.0
42,Pic,40292,234199,,,42G Pic,5.29
,,40643,234222,,,43G Pic,7.4
43,Pic,40665,234224,,,43G Pic,6.45
44,Pic,40733,217648,,,44G Pic,5.81
,,40909,234236,,,45G Pic,7.0
45,Pic,41214,234251,,,45G Pic,5.64
46,Pic,41586,249424,,SW,46G Pic,6.45
47,Pic,42540,249451,,,47G Pic,5.05
48,Pic,42933,234359,,\delta,48G Pic,4.81
,,43199,249464,,,49G Pic,7.5
49,Pic,43519,249475,,,49G Pic,6.8
50,Pic,44120,234417,,,50G Pic,6.44
51,Pic,45058,234464,,,51G Pic,6.9
52,Pic,45229,234473,,\nu,52G Pic,5.61
53,Pic,45270,249526,,,53G Pic,6.6
54,Pic,45450,234482,,,54G Pic,6.48
55,Pic,45461,249531,,,55G Pic,6.27
56,Pic,45557,249535,,,56G Pic,5.8
57,Pic,45701,249539,,,57G Pic,6.45
58,Pic,45796,249542,,,58G Pic,6.27
59,Pic,45984,234519,,,59G Pic,5.82
60,Pic,46190,249554,,,60G Pic,6.7
61,Pic,46355,234541,,,61G Pic,5.22
62,Pic,46479,234549,,,62G Pic,6.8
63,Pic,46792,249572,,,63G Pic,6.2
64,Pic,46860,234564,,\mu,64G Pic,5.69
65,Pic,48189,249604,,,65G Pic,6.18
66,Pic,50241,249647,,\alpha,66G Pic,3.3
67,Pic,50571,249654,,,67G Pic,6.1
1,Psc,216296,127806,,,1G Psc,7.2
2,Psc,216400,127811,,,2G Psc,6.9
3,Psc,216701,127836,1,,3G Psc,6.11
4,Psc,216931,146402,,,4G Psc,6.58
,,216983,146405,,,4G Psc,7.7
,,217000,146406,,,4G Psc,8.6
5,Psc,217019,127860,,,5G Psc,6.28
6,Psc,217107,146412,,,6G Psc,6.16
7,Psc,217131,146415,,,7G Psc,6.4
8,Psc,217186,127874,,,8G Psc,6.35
9,Psc,217264,127881,2,,9G Psc,5.43
10,Psc,217428,146443,3,,10G Psc,6.21
11,Psc,217459,127894,,,11G Psc,5.83
12,Psc,217578,127907,,,12G Psc,7.13
13,Psc,217590,127908,,,13G Psc,6.4
14,Psc,217891,127934,4,\beta,14G Psc,4.53
15,Psc,217926,127937,,,15G Psc,6.41
16,Psc,218103,127960,,,16G Psc,6.39
17,Psc,218527,127993,5,A,17G Psc,5.4
18,Psc,218853,128019,,,18G Psc,6.9
19,Psc,219188,128051,,,19G Psc,7.0
20,Psc,219420,128069,,,20G Psc,6.77
21,Psc,219615,128085,6,\gamma,21G Psc,3.69
22,Psc,220009,128126,7,b,22G Psc,5.05
23,Psc,220337,128150,,,23G Psc,6.9
24,Psc,220406,128156,,,24G Psc,6.31
25,Psc,220512,128160,,,25G Psc,6.5
26,Psc,220796,128184,,,26G Psc,6.7
27,Psc,220825,128186,8,\kappa,27G Psc,4.94
28,Psc,220858,128188,9,,28G Psc,6.25
29,Psc,220954,128196,10,\theta,29G Psc,4.28
30,Psc,221147,146733,11,,30G Psc,6.5
31,Psc,221146,146735,12,,31G Psc,6.89
32,Psc,221409,146756,13,,32G Psc,6.38
33,Psc,221445,128231,,,33G Psc,6.81
34,Psc,221530,146765,,,34G Psc,7.0
35,Psc,221675,146780,14,,35G Psc,5.87
36,Psc,221701,128260,,,36G Psc,6.8
37,Psc,221833,128270,15,,37G Psc,6.48
38,Psc,221950,128281,16,,38G Psc,5.68
39,Psc,222368,128310,17,\iota,39G Psc,4.13
40,Psc,222602,128335,,,40G Psc,5.91
41,Psc,222603,128336,18,\lambda,41G Psc,4.5
42,Psc,223075,128374,19,TX,42G Psc,5.05
43,Psc,223252,146915,20,,43G Psc,5.49
44,Psc,223292,128389,,,44G Psc,7.0
45,Psc,223346,128393,,,45G Psc,6.4
46,Psc,223438,128401,21,,46G Psc,5.7
47,Psc,223685,128424,,,47G Psc,7.0
48,Psc,223707,128425,,,48G Psc,6.7
49,Psc,223719,128427,22,,49G Psc,5.55
50,Psc,223825,146954,24,,50G Psc,5.93
51,Psc,223855,128436,25,,51G Psc,6.32
52,Psc,224062,146973,,XZ,52G Psc,5.61
53,Psc,224103,128466,26,,53G Psc,6.21
54,Psc,224315,128487,,,54G Psc,6.9
,,224331,128489,,,54G Psc,7.1
,,224346,128492,,,54G Psc,7.5
,,224382,128494,,,54G Psc,7.9
55,Psc,224533,147008,27,,55G Psc,4.86
56,Psc,224617,128513,28,\omega,56G Psc,4.0
57,Psc,224661,147017,,,57G Psc,6.7
,,224677,147018,,,57G Psc,6.83
,,224726,147023,,,57G Psc,7.2
58,Psc,224926,147041,29,,58G Psc,5.1
59,Psc,224935,147042,30,,59G Psc,4.41
60,Psc,224995,128544,31,,60G Psc,6.32
61,Psc,225003,128547,32,c,61G Psc,5.6
62,Psc,6,128569,,,62G Psc,6.29
63,Psc,28,128572,33,,63G Psc,4.61
64,Psc,43,109004,,,64G Psc,6.8
65,Psc,315,128595,,,65G Psc,6.43
66,Psc,352,128602,,,66G Psc,6.07
67,Psc,587,128621,,,67G Psc,5.8
68,Psc,999,128654,,,68G Psc,7.3
69,Psc,940,109078,,,69G Psc,6.8
,,1031,109084,,,69G Psc,7.0
70,Psc,1061,109087,35,UU,70G Psc,6.01
71,Psc,1133,109091,,,71G Psc,7.1
72,Psc,1160,109094,,,72G Psc,7.0
73,Psc,1227,109100,36,,73G Psc,6.11
74,Psc,1228,109101,,,74G Psc,7.05
75,Psc,1317,109111,38,,75G Psc,6.68
76,Psc,1367,109119,,,76G Psc,6.17
,,1369,128685,,,76G Psc,7.1
,,1421,128688,,,76G Psc,7.3
77,Psc,1393,109127,,,77G Psc,7.1
78,Psc,1567,128698,,,78G Psc,7.0
79,Psc,1585,109145,,,79G Psc,7.1
80,Psc,1586,109146,,,80G Psc,7.9
81,Psc,1635,109152,41,d,81G Psc,5.37
82,Psc,1679,128707,,,82G Psc,7.0
83,Psc,1788,128718,,,83G Psc,7.1
84,Psc,2023,128743,,,84G Psc,6.07
85,Psc,2114,109192,44,,85G Psc,5.77
86,Psc,2140,109195,45,,86G Psc,6.78
87,Psc,2235,109206,,,87G Psc,6.9
88,Psc,2454,109224,,,88G Psc,6.04
89,Psc,2648,109238,,,89G Psc,6.61
90,Psc,2913,109262,51,,90G Psc,5.67
91,Psc,3088,91971,,,91G Psc,6.7
92,Psc,3457,109315,,,92G Psc,6.4
93,Psc,3861,109369,,,93G Psc,6.53
94,Psc,4526,109461,60,,94G Psc,5.99
95,Psc,4627,109470,62,,95G Psc,5.93
96,Psc,4628,109471,,,96G Psc,5.75
97,Psc,4656,109474,63,\delta,97G Psc,4.43
98,Psc,4928,109507,,,98G Psc,6.37
99,Psc,5654,109563,,,99G Psc,6.8
100,Psc,5820,109581,,,100G Psc,6.11
101,Psc,6120,109618,,,101G Psc,6.8
102,Psc,6152,109623,,,102G Psc,6.67
103,Psc,6186,109627,71,\epsilon,103G Psc,4.28
104,Psc,6277,109642,,,104G Psc,6.9
105,Psc,6386,109656,73,,105G Psc,6.0
106,Psc,6479,109666,77,,106G Psc,6.35
107,Psc,6591,109681,,,107G Psc,7.7
108,Psc,6761,109696,,,108G Psc,6.8
109,Psc,6763,109697,80,e,109G Psc,5.5
110,Psc,6815,109700,,,110G Psc,7.3
111,Psc,7047,109718,,,111G Psc,7.23
112,Psc,7107,92304,,,112G Psc,6.5
113,Psc,7345,109740,86,\zeta,113G Psc,5.57
114,Psc,7446,109753,88,,114G Psc,6.03
115,Psc,7804,109793,89,f,115G Psc,5.16
116,Psc,8686,109883,,,116G Psc,7.0
117,Psc,8803,109895,,,117G Psc,6.58
118,Psc,8949,109907,,,118G Psc,6.25
119,Psc,9024,109916,96,,119G Psc,6.7
120,Psc,9138,109926,98,\mu,120G Psc,4.84
121,Psc,9496,109964,,,121G Psc,6.5
122,Psc,9817,110001,,,122G Psc,6.94
123,Psc,9889,110011,,,123G Psc,6.6
124,Psc,10262,110046,,,124G Psc,6.33
125,Psc,10380,110065,106,\nu,125G Psc,4.44
126,Psc,10698,110104,,,126G Psc,7.0
127,Psc,10761,110110,110,\omicron,127G Psc,4.26
128,Psc,10783,110111,,UZ,128G Psc,6.58
129,Psc,10795,110112,,,129G Psc,6.9
130,Psc,10809,110114,,,130G Psc,6.9
131,Psc,11037,110138,,,131G Psc,5.91
132,Psc,11559,110206,111,\xi,132G Psc,4.62
133,Psc,11640,110214,,,133G Psc,6.54
134,Psc,12203,110264,,,134G Psc,7.1
135,Psc,12235,110266,112,,135G Psc,5.9
136,Psc,12414,110286,,,136G Psc,7.2
137,Psc,12447,110291,113,\alpha,137G Psc,4.3
138,Psc,12730,110325,,,138G Psc,6.5
139,Psc,12814,110332,,,139G Psc,6.9
140,Psc,12872,110337,,WZ,140G Psc,6.31
1,PsA,204394,213034,5,,1G PsA,6.5
2,PsA,204854,213078,6,,2G PsA,5.97
3,PsA,205265,190458,,,3G PsA,6.45
4,PsA,205294,213115,,,4G PsA,6.8
5,PsA,205471,190478,8,,5G PsA,5.73
6,PsA,205529,213136,7,,6G PsA,6.11
7,PsA,205530,213139,,,7G PsA,7.3
8,PsA,205872,213168,,,8G PsA,6.28
9,PsA,205905,190520,,,9G PsA,6.74
10,PsA,206063,213190,,,10G PsA,6.7
11,PsA,206181,213203,,,11G PsA,6.9
12,PsA,206291,190555,,,12G PsA,6.49
13,PsA,206252,213206,,,13G PsA,6.8
,,206342,213215,,,13G PsA,7.1
14,PsA,206742,213258,9,\iota,14G PsA,4.3
15,PsA,206958,213273,,,15G PsA,6.7
16,PsA,207155,213292,10,\theta,16G PsA,5.01
17,PsA,207480,190660,,,17G PsA,7.12
18,PsA,208033,213378,,,18G PsA,6.6
19,PsA,208285,213406,,,19G PsA,6.41
20,PsA,208886,213466,,,20G PsA,7.0
21,PsA,209014,190822,12,\eta,21G PsA,5.42
22,PsA,209253,213495,,,22G PsA,6.6
,,209335,213502,,,23G PsA,7.1
23,PsA,209476,213517,13,,23G PsA,6.47
24,PsA,209506,190862,,,24G PsA,6.9
25,PsA,209522,190864,,,25G PsA,5.9
26,PsA,210066,213577,,\upsilon,26G PsA,4.99
27,PsA,210049,213576,14,\mu,27G PsA,4.5
28,PsA,210111,213583,,,28G PsA,6.39
29,PsA,210271,213599,,,29G PsA,5.37
30,PsA,210302,213602,15,\tau,30G PsA,4.92
31,PsA,210300,190930,,,31G PsA,6.45
32,PsA,210525,213625,,,32G PsA,6.7
33,PsA,210739,190967,,,33G PsA,6.2
34,PsA,210848,190976,,,34G PsA,5.58
35,PsA,210934,190985,16,\lambda,35G PsA,5.43
36,PsA,211291,191016,,,36G PsA,6.15
37,PsA,211367,213696,,,37G PsA,6.7
38,PsA,211687,191053,,,38G PsA,6.6
39,PsA,211863,213751,,,39G PsA,7.1
,,212025,213765,,,39G PsA,7.4
,,212035,213767,,,39G PsA,7.5
40,PsA,213135,191182,,,40G PsA,5.95
41,PsA,213296,191196,,\zeta,41G PsA,6.43
42,PsA,213398,213883,17,\beta,42G PsA,4.29
43,PsA,,213884,,,43G PsA,7.7
44,PsA,213412,213887,,,44G PsA,6.5
,,213490,213893,,,44G PsA,8.1
,,213600,213903,,,44G PsA,7.0
45,PsA,213728,213918,,,45G PsA,6.69
46,PsA,213770,213924,,,46G PsA,6.86
47,PsA,214122,213948,,,47G PsA,5.82
,,214121,213950,,,47G PsA,7.44
48,PsA,214462,191292,,,48G PsA,6.47
49,PsA,214484,213981,,,49G PsA,5.66
50,PsA,214599,191308,,,50G PsA,6.31
51,PsA,214690,214000,,,51G PsA,5.89
52,PsA,214748,191318,18,\epsilon,52G PsA,4.2
53,PsA,214966,191337,19,,53G PsA,6.17
54,PsA,215452,191382,20,,54G PsA,6.9
55,PsA,215616,214074,,,55G PsA,6.9
56,PsA,215669,214081,,,56G PsA,6.28
57,PsA,215782,191412,,,57G PsA,6.3
58,PsA,215852,191417,,,58G PsA,6.8
59,PsA,216042,214119,,,59G PsA,6.33
60,PsA,216210,191444,21,,60G PsA,5.97
61,PsA,216237,214144,,,61G PsA,7.4
62,PsA,216336,214153,22,\gamma,62G PsA,4.5
63,PsA,216763,214189,23,\delta,63G PsA,4.21
64,PsA,216761,214187,,,64G PsA,6.1
65,PsA,216803,214197,,TW,65G PsA,6.48
66,PsA,216956,191524,24,\alpha,66G PsA,1.16
67,PsA,217096,214215,,,67G PsA,6.13
68,PsA,217236,191550,,,68G PsA,5.51
69,PsA,217303,191554,,,69G PsA,5.65
70,PsA,217358,191565,,,70G PsA,6.29
71,PsA,217484,191581,,,71G PsA,5.55
72,PsA,217792,214275,,\pi,72G PsA,5.11
73,PsA,217825,191612,,,73G PsA,6.78
74,PsA,217826,214278,,,74G PsA,6.9
75,PsA,218003,191631,,,75G PsA,6.9
1,Pup,41700,217702,,,1G Pup,6.35
2,Pup,41742,217706,,,2G Pup,5.93
3,Pup,41824,217708,,,3G Pup,6.5
4,Pup,42168,217724,,,4G Pup,6.51
5,Pup,42190,217725,,,5G Pup,6.7
6,Pup,42304,217729,,,6G Pup,6.7
7,Pup,42448,217735,,,7G Pup,6.26
8,Pup,42683,217747,,,8G Pup,6.49
9,Pup,42834,217758,,,9G Pup,6.31
10,Pup,44362,234442,,,10G Pup,7.04
11,Pup,44594,217861,,,11G Pup,6.61
12,Pup,44666,217867,,,12G Pup,6.5
13,Pup,44972,217889,,,13G Pup,6.8
14,Pup,45056,217893,,,14G Pup,6.6
15,Pup,45572,217922,,G,15G Pup,5.74
16,Pup,46273,234539,,,16G Pup,5.22
17,Pup,46415,217987,,,17G Pup,6.68
18,Pup,46836,218012,,,18G Pup,6.8
19,Pup,47601,218064,,,19G Pup,6.88
20,Pup,47670,218071,,\nu,20G Pup,3.2
21,Pup,47973,218093,,,21G Pup,4.92
22,Pup,48087,197064,,,22G Pup,6.58
23,Pup,48383,218126,,,23G Pup,6.12
24,Pup,48402,218123,,,24G Pup,6.65
25,Pup,48403,218124,,,25G Pup,6.65
26,Pup,48543,197108,,,26G Pup,6.28
27,Pup,48797,197134,,,27G Pup,6.3
28,Pup,48857,234665,,,28G Pup,7.0
29,Pup,49319,197192,,,29G Pup,6.63
30,Pup,49336,197195,,,30G Pup,6.21
31,Pup,49591,197215,,x,31G Pup,5.26
32,Pup,49758,218197,,,32G Pup,6.8
33,Pup,49850,218208,,,33G Pup,7.41
34,Pup,49942,218218,,,34G Pup,7.34
35,Pup,50078,218227,,,35G Pup,6.8
,,50126,218228,,,36G Pup,7.11
36,Pup,50196,218236,,,36G Pup,6.52
37,Pup,50235,197277,,,37G Pup,4.99
38,Pup,50223,218235,,,38G Pup,5.13
39,Pup,50310,234735,,\tau,39G Pup,2.93
40,Pup,50445,197291,,,40G Pup,5.95
41,Pup,50621,218261,,,41G Pup,6.42
42,Pup,50785,218272,,,42G Pup,6.53
,,50882,218280,,,42G Pup,7.5
43,Pup,50860,218278,,,43G Pup,6.47
44,Pup,51208,218296,,,44G Pup,6.32
45,Pup,51266,234774,,,45G Pup,6.26
46,Pup,51682,197388,,,46G Pup,6.29
47,Pup,51799,218324,,,47G Pup,4.95
48,Pup,51825,197402,,,48G Pup,6.23
,,51901,197407,,,48G Pup,7.1
49,Pup,52092,197427,,t,49G Pup,5.1
50,Pup,52196,218350,,,50G Pup,6.83
51,Pup,52362,218360,,,51G Pup,6.22
52,Pup,52470,218362,,,52G Pup,7.27
53,Pup,52414,197446,,,53G Pup,6.6
54,Pup,52703,197475,,,54G Pup,6.4
,,52574,218374,,,54G Pup,7.0
,,52899,218385,,,54G Pup,7.35
,,53071,218388,,,54G Pup,7.91
55,Pup,52902,218381,,,55G Pup,6.5
56,Pup,52993,197497,,,56G Pup,6.59
57,Pup,53253,218396,,,57G Pup,6.45
58,Pup,53252,218397,,,58G Pup,7.0
59,Pup,53704,218424,,C,59G Pup,5.2
159,Pup,62644,218923,,,159G Pup,5.04
60,Pup,53705,218421,,,60G Pup,5.54
,,53706,218423,,,60G Pup,6.86
61,Pup,53811,218427,,H,61G Pup,4.94
62,Pup,53952,197557,,,62G Pup,6.13
63,Pup,54153,197572,,,63G Pup,6.1
64,Pup,54208,218447,,,64G Pup,7.2
65,Pup,54341,218453,,,65G Pup,6.6
66,Pup,54475,218465,,D,66G Pup,5.79
67,Pup,54893,197632,,A,67G Pup,4.8
68,Pup,55526,218514,,,68G Pup,5.09
69,Pup,55718,197694,,,69G Pup,5.97
70,Pup,55719,218525,,E,70G Pup,5.31
71,Pup,55892,218537,,I,71G Pup,4.49
72,Pup,56022,218546,,L1,72G Pup,4.89
73,Pup,56096,218549,,L2,73G Pup,5.1
74,Pup,56284,197745,,,74G Pup,7.22
,,56346,197750,,,74G Pup,8.0
75,Pup,56318,235026,,,75G Pup,6.8
76,Pup,56410,218568,,,76G Pup,5.94
77,Pup,56455,218570,,,77G Pup,5.72
78,Pup,56456,218567,,,78G Pup,4.76
,,56531,218572,,,78G Pup,6.99
,,56585,218575,,,78G Pup,7.3
,,56641,218578,,,78G Pup,7.3
79,Pup,56733,197785,,,79G Pup,5.8
80,Pup,56779,197790,,,80G Pup,5.0
81,Pup,56813,218589,,,81G Pup,5.66
,,56856,197794,,,82G Pup,8.1
82,Pup,56855,197795,,\pi,82G Pup,2.7
83,Pup,57150,197824,,v1,83G Pup,4.69
84,Pup,57219,197837,,v2,84G Pup,5.11
85,Pup,57197,218618,,M,85G Pup,5.86
86,Pup,57299,197842,,,86G Pup,6.3
87,Pup,57240,197836,,F,87G Pup,5.25
,,58038,197907,,,87G Pup,7.09
88,Pup,57897,218662,,,88G Pup,6.9
,,58017,218666,,,88G Pup,7.5
,,58018,218667,,,88G Pup,8.3
89,Pup,58420,197951,,,89G Pup,6.31
90,Pup,58634,197974,,,90G Pup,7.1
91,Pup,59026,198000,,,91G Pup,5.9
92,Pup,59136,173778,,,92G Pup,5.95
93,Pup,59256,173799,,,93G Pup,5.54
,,59411,173829,,,93G Pup,6.7
94,Pup,59438,152943,,,94G Pup,6.04
95,Pup,59466,198031,,,95G Pup,6.54
,,59499,198038,,,95G Pup,6.39
,,59500,198039,,,95G Pup,7.12
96,Pup,59550,198042,,,96G Pup,5.77
97,Pup,59612,173864,,,97G Pup,4.84
98,Pup,59635,198045,,y,98G Pup,5.41
99,Pup,59717,218755,,\sigma,99G Pup,3.25
100,Pup,59890,198064,,,100G Pup,4.6
101,Pup,59894,218764,,,101G Pup,6.5
102,Pup,60130,235247,,,102G Pup,6.6
103,Pup,60168,198093,,,103G Pup,6.61
104,Pup,60312,198104,,,104G Pup,6.35
105,Pup,60341,153062,,,105G Pup,5.66
106,Pup,60345,173987,,,106G Pup,5.84
107,Pup,60414,153072,,,107G Pup,4.97
108,Pup,60532,174009,,,108G Pup,4.45
109,Pup,60553,174014,,,109G Pup,6.95
110,Pup,60559,198120,,,110G Pup,6.26
111,Pup,60584,174019,,n1,111G Pup,5.83
112,Pup,60585,174020,,n2,112G Pup,5.87
,,60498,198121,,,113G Pup,7.35
113,Pup,60646,198138,,,113G Pup,6.1
,,60574,218792,,,113G Pup,6.52
,,60687,218801,,,113G Pup,6.8
114,Pup,60629,174028,,,114G Pup,6.65
115,Pup,60606,198130,,z,115G Pup,5.54
116,Pup,60666,174033,,,116G Pup,5.77
117,Pup,60686,198137,,,117G Pup,6.76
118,Pup,60753,235291,,,118G Pup,6.7
119,Pup,60863,174058,,p,119G Pup,4.64
120,Pup,60862,174065,,,120G Pup,6.6
121,Pup,60929,218818,,,121G Pup,6.81
122,Pup,60855,153118,,,122G Pup,5.7
,,60998,153143,,,123G Pup,7.76
123,Pup,61017,153145,,,123G Pup,6.68
124,Pup,61224,153172,,,124G Pup,6.53
125,Pup,61068,153149,,,125G Pup,5.7
126,Pup,61227,174141,,,126G Pup,6.35
,,61245,218831,,,126G Pup,6.9
,,61333,218837,,,126G Pup,7.19
127,Pup,61330,198195,,f,127G Pup,4.53
128,Pup,61429,174175,,m,128G Pup,4.7
129,Pup,61431,198212,,,129G Pup,6.7
130,Pup,61391,218841,,,130G Pup,5.72
131,Pup,61453,198210,,,131G Pup,6.38
132,Pup,61554,153195,,,132G Pup,6.72
133,Pup,61555,174198,,k,133G Pup,4.5
134,Pup,61556,174199,,,134G Pup,4.6
135,Pup,61589,153204,,,135G Pup,6.5
136,Pup,61623,198226,,,136G Pup,6.59
137,Pup,61642,198229,,,137G Pup,6.19
138,Pup,61641,198237,,,138G Pup,5.8
139,Pup,61672,174219,,,139G Pup,6.5
,,61687,174223,,,139G Pup,6.79
140,Pup,61772,153227,,,140G Pup,4.94
141,Pup,61774,153225,,,141G Pup,5.92
142,Pup,61715,218852,,,142G Pup,5.68
143,Pup,61831,198253,,d1,143G Pup,4.8
144,Pup,61878,198265,,d2,144G Pup,5.73
145,Pup,61899,198268,,d3,145G Pup,5.8
146,Pup,61925,198273,,d4,146G Pup,6.0
147,Pup,61944,174266,,,147G Pup,6.92
,,61943,174269,,,147G Pup,7.4
148,Pup,62058,198286,,R,148G Pup,6.56
149,Pup,62082,174298,,,149G Pup,6.18
,,62171,174310,,,149G Pup,6.7
150,Pup,62226,198298,,,150G Pup,5.4
151,Pup,62315,198312,,,151G Pup,6.96
152,Pup,62351,153301,,,152G Pup,6.53
153,Pup,62318,218905,,,153G Pup,6.4
154,Pup,62412,174356,,,154G Pup,5.64
155,Pup,62576,174391,1,,155G Pup,4.59
156,Pup,62578,198343,,,156G Pup,5.6
157,Pup,62623,174400,3,l,157G Pup,3.96
158,Pup,,,,M93,158G Pup,6.2
160,Pup,62712,198352,,,160G Pup,6.4
161,Pup,62747,174433,,,161G Pup,5.6
162,Pup,62713,218932,,,162G Pup,5.17
163,Pup,62753,218935,,,163G Pup,6.61
164,Pup,62781,198366,,,164G Pup,5.79
165,Pup,62756,218928,,,165G Pup,6.57
166,Pup,62864,153363,2,,166G Pup,5.64
167,Pup,62952,153372,4,,167G Pup,5.03
168,Pup,63028,174475,,,168G Pup,6.74
,,63046,174482,,,168G Pup,7.5
,,63045,174487,,,168G Pup,6.8
169,Pup,63008,235458,,,169G Pup,6.64
,,63008,235462,,,169G Pup,7.57
170,Pup,63112,153389,,,170G Pup,6.4
171,Pup,63077,198404,,,171G Pup,5.37
172,Pup,63007,218949,,,172G Pup,6.7
173,Pup,63079,198401,,,173G Pup,6.95
174,Pup,62893,198379,,,174G Pup,5.88
,,62938,198386,,,174G Pup,7.57
,,62991,198390,,,174G Pup,6.6
175,Pup,63032,198398,,c,175G Pup,3.61
176,Pup,63215,198416,,,176G Pup,5.88
,,63291,198423,,,176G Pup,6.22
177,Pup,63118,218955,,,177G Pup,6.03
178,Pup,63271,174533,,,178G Pup,5.9
179,Pup,63323,153409,,,179G Pup,6.43
180,Pup,63336,153414,5,,180G Pup,5.48
181,Pup,63308,198424,,,181G Pup,6.6
182,Pup,63401,198435,,,182G Pup,6.31
183,Pup,63462,174558,,o,183G Pup,4.5
184,Pup,63425,218992,,,184G Pup,6.94
,,63425,218993,,,184G Pup,7.7
185,Pup,63465,198442,,,185G Pup,5.1
186,Pup,63655,153449,,,186G Pup,6.23
187,Pup,63578,219000,,,187G Pup,5.2
188,Pup,63660,174592,,,188G Pup,5.33
189,Pup,63640,219006,,T,189G Pup,6.14
190,Pup,63697,153454,6,,190G Pup,5.18
191,Pup,63700,174601,7,\xi,191G Pup,3.35
192,Pup,63754,174617,,,192G Pup,6.56
193,Pup,63734,153456,,,193G Pup,6.7
194,Pup,63822,153468,,,194G Pup,6.12
195,Pup,63786,198480,,,195G Pup,5.96
196,Pup,63744,219018,,Q,196G Pup,4.71
197,Pup,63852,198487,,,197G Pup,5.6
198,Pup,63868,219029,,,198G Pup,6.5
199,Pup,63922,219035,,P,199G Pup,4.11
200,Pup,63949,219034,,,200G Pup,5.8
201,Pup,63948,219040,,,201G Pup,6.32
202,Pup,64042,174658,,,202G Pup,6.45
203,Pup,64077,153499,8,,203G Pup,6.36
204,Pup,64152,174679,,,204G Pup,5.63
205,Pup,64096,153500,9,,205G Pup,5.16
,,64259,153522,,,205G Pup,6.61
206,Pup,64238,153520,10,,206G Pup,5.7
207,Pup,64181,219059,,,207G Pup,6.45
208,Pup,64225,235552,,,208G Pup,5.91
209,Pup,64287,219069,,,209G Pup,6.32
210,Pup,64365,219076,,,210G Pup,6.0
211,Pup,64318,219071,,,211G Pup,6.53
212,Pup,64379,198540,,,212G Pup,5.01
213,Pup,64440,219082,,a,213G Pup,3.73
214,Pup,64503,198545,,b,214G Pup,4.49
,,64566,174742,,,214G Pup,6.8
,,64565,174744,,,214G Pup,7.1
215,Pup,64572,198553,,,215G Pup,5.43
216,Pup,64740,219106,,,216G Pup,4.6
217,Pup,64802,198575,,,217G Pup,5.5
218,Pup,64760,219111,,J,218G Pup,4.2
,,64842,198577,,,219G Pup,8.6
219,Pup,64898,198583,,,219G Pup,7.19
220,Pup,64876,198579,,,220G Pup,6.15
,,65013,219136,,,220G Pup,6.9
,,65037,219137,,,220G Pup,7.7
221,Pup,65183,198609,,,221G Pup,6.33
222,Pup,65228,174852,11,j,222G Pup,4.2
223,Pup,65211,219157,,,223G Pup,6.03
224,Pup,65315,219169,,,224G Pup,6.78
225,Pup,65456,198636,,,225G Pup,4.79
226,Pup,65442,219186,,,226G Pup,6.09
227,Pup,65460,219189,,,227G Pup,5.35
,,65491,219193,,,227G Pup,7.5
228,Pup,65551,219197,,N,228G Pup,5.1
229,Pup,65598,219200,,,229G Pup,6.22
230,Pup,65699,174932,12,,230G Pup,5.11
231,Pup,65685,219218,,O,231G Pup,5.17
232,Pup,65810,153687,,,232G Pup,4.6
233,Pup,65818,219226,,V,233G Pup,4.3
234,Pup,65925,198668,,,234G Pup,5.24
235,Pup,65904,219240,,,235G Pup,5.99
236,Pup,66005,219249,,,236G Pup,6.32
237,Pup,66006,219250,,,237G Pup,6.34
238,Pup,66079,219265,,,238G Pup,6.71
,,66192,219274,,,239G Pup,7.27
239,Pup,66210,219283,,,239G Pup,6.02
240,Pup,66255,219292,,,240G Pup,6.12
241,Pup,66358,198714,,,241G Pup,5.91
242,Pup,66435,198725,,,242G Pup,6.34
243,Pup,66540,198734,,,243G Pup,6.57
244,Pup,66598,198743,,,244G Pup,5.82
,,66478,219321,,,245G Pup,6.55
245,Pup,66605,219333,,QQ,245G Pup,6.54
246,Pup,66624,219339,,,246G Pup,5.54
247,Pup,66834,153796,14,,247G Pup,6.13
248,Pup,66811,198752,,\zeta,248G Pup,2.2
249,Pup,66812,219355,,,249G Pup,6.29
250,Pup,66888,198764,,MZ,250G Pup,5.31
,,67078,198776,,,251G Pup,6.5
251,Pup,67243,198791,,,251G Pup,6.14
252,Pup,67456,175206,,,252G Pup,5.38
253,Pup,67523,175217,15,\rho,253G Pup,2.81
254,Pup,67698,175239,,,254G Pup,6.62
255,Pup,67751,175250,,,255G Pup,6.39
256,Pup,67797,153890,16,,256G Pup,4.4
257,Pup,67880,153898,,,257G Pup,5.68
258,Pup,67888,198848,,,258G Pup,6.37
259,Pup,67921,198854,,,259G Pup,6.65
260,Pup,67977,198859,,,260G Pup,6.2
261,Pup,68109,175306,,,261G Pup,6.6
262,Pup,68146,153924,18,,262G Pup,5.54
263,Pup,68290,153942,19,,263G Pup,4.72
264,Pup,68242,219507,,,264G Pup,6.26
265,Pup,68450,198898,,,265G Pup,6.44
266,Pup,68512,219552,,,266G Pup,6.6
267,Pup,68553,198908,,h1,267G Pup,4.45
268,Pup,68601,219569,,,268G Pup,4.75
269,Pup,68752,153993,20,,269G Pup,4.99
270,Pup,68758,175390,,,270G Pup,6.54
271,Pup,68761,198931,,,271G Pup,6.53
272,Pup,68862,198942,,,272G Pup,6.4
273,Pup,68978,198958,,,273G Pup,6.75
274,Pup,68980,198957,,r,274G Pup,4.81
,,69002,198960,,,274G Pup,6.37
275,Pup,69080,198972,,,275G Pup,6.06
276,Pup,69081,198969,,,276G Pup,5.1
277,Pup,69082,198970,,,277G Pup,6.11
278,Pup,69123,198979,,,278G Pup,5.78
279,Pup,69142,219635,,h2,279G Pup,4.44
280,Pup,69253,219651,,,280G Pup,6.62
281,Pup,69445,199010,,,281G Pup,6.21
282,Pup,69511,199015,,,282G Pup,6.16
283,Pup,69589,175497,,,283G Pup,6.6
284,Pup,69665,154076,21,,284G Pup,6.16
285,Pup,69830,154093,,,285G Pup,5.95
286,Pup,69879,175543,,,286G Pup,6.45
287,Pup,70002,199061,,,287G Pup,5.58
288,Pup,70003,199059,,,288G Pup,6.7
289,Pup,70060,199070,,q,289G Pup,4.4
290,Pup,70235,199084,,,290G Pup,6.43
291,Pup,70302,175634,,,291G Pup,6.13
292,Pup,70442,154150,,,292G Pup,5.58
293,Pup,70523,154159,,,293G Pup,5.75
294,Pup,70555,199118,,w,294G Pup,4.83
295,Pup,70556,199119,,,295G Pup,5.2
296,Pup,70673,154177,22,,296G Pup,6.13
297,Pup,70612,199123,,,297G Pup,6.16
,,70642,199126,,,297G Pup,7.18
298,Pup,70761,175709,,,298G Pup,5.9
299,Pup,70963,175743,,,299G Pup,6.64
300,Pup,70946,199166,,,300G Pup,6.32
301,Pup,71141,175777,,,301G Pup,5.67
302,Pup,71176,175783,,,302G Pup,5.28
303,Pup,71196,175792,,,303G Pup,6.0
304,Pup,71231,154240,,,304G Pup,6.44
305,Pup,71267,154244,,,305G Pup,5.97
306,Pup,71255,199198,,,306G Pup,6.9
307,Pup,71302,219890,,,307G Pup,5.98
308,Pup,71377,154257,,,308G Pup,5.54
309,Pup,71459,219910,,,309G Pup,5.47
310,Pup,71518,154273,,,310G Pup,6.67
311,Pup,71523,175851,,,311G Pup,6.73
312,Pup,71487,199222,,,312G Pup,6.7
313,Pup,71581,175870,,,313G Pup,6.56
1,Pyx,71622,199246,,,1G Pyx,6.33
2,Pyx,71688,175883,,,2G Pyx,6.61
3,Pyx,71815,175902,,,3G Pyx,6.51
4,Pyx,71801,199260,,,4G Pyx,5.75
5,Pyx,71833,175912,,,5G Pyx,6.7
6,Pyx,71997,175939,,,6G Pyx,6.7
7,Pyx,72227,199308,,,7G Pyx,5.65
8,Pyx,72268,199310,,,8G Pyx,6.69
,,72297,154358,,,9G Pyx,7.6
9,Pyx,72310,154359,,,9G Pyx,5.42
10,Pyx,72626,176061,,,10G Pyx,6.19
11,Pyx,72673,199352,,,11G Pyx,6.38
12,Pyx,72688,199353,,,12G Pyx,6.36
13,Pyx,72913,176103,,,13G Pyx,6.6
14,Pyx,72954,199388,,,14G Pyx,6.43
15,Pyx,73072,176131,,,15G Pyx,5.95
,,73335,176170,,,16G Pyx,6.7
16,Pyx,73495,176189,,\eta,16G Pyx,5.27
17,Pyx,73476,199436,,,17G Pyx,6.48
18,Pyx,73603,154492,,,18G Pyx,6.33
19,Pyx,73752,176226,,,19G Pyx,5.05
20,Pyx,73898,176253,,\zeta,20G Pyx,4.89
21,Pyx,73900,199473,,,21G Pyx,6.13
22,Pyx,74006,199490,,\beta,22G Pyx,3.97
23,Pyx,74475,199535,,,23G Pyx,6.43
24,Pyx,74575,199546,,\alpha,24G Pyx,3.7
25,Pyx,74706,176404,,,25G Pyx,6.12
26,Pyx,74822,199578,,,26G Pyx,6.8
27,Pyx,74824,199573,,,27G Pyx,5.76
28,Pyx,74879,176439,,,28G Pyx,6.08
29,Pyx,75112,199607,,,29G Pyx,6.37
30,Pyx,75199,199619,,,30G Pyx,6.7
31,Pyx,75306,176496,,,31G Pyx,6.7
32,Pyx,75495,176535,,,32G Pyx,6.5
33,Pyx,75605,199678,,,33G Pyx,5.21
34,Pyx,75629,176546,,,34G Pyx,5.87
35,Pyx,75649,176554,,,35G Pyx,6.18
36,Pyx,75691,176559,,\gamma,36G Pyx,4.01
37,Pyx,75722,199690,,,37G Pyx,6.9
38,Pyx,76001,199728,,,38G Pyx,6.5
39,Pyx,76072,199731,,,39G Pyx,6.42
40,Pyx,76483,176697,,\delta,40G Pyx,4.89
41,Pyx,76512,176711,,,41G Pyx,6.39
42,Pyx,77087,176789,,,42G Pyx,6.25
43,Pyx,77127,176806,,,43G Pyx,7.2
44,Pyx,77232,176820,,,44G Pyx,7.4
45,Pyx,77285,176822,,,45G Pyx,7.1
46,Pyx,77361,176833,,,46G Pyx,6.2
,,77462,176847,,,46G Pyx,7.28
47,Pyx,77665,176881,,,47G Pyx,6.74
48,Pyx,77645,199917,,,48G Pyx,6.93
,,77737,199924,,,48G Pyx,6.6
,,77788,199933,,,48G Pyx,7.8
49,Pyx,78541,177002,,\kappa,49G Pyx,4.58
50,Pyx,78643,177018,,,50G Pyx,6.77
51,Pyx,78676,177022,,,51G Pyx,6.16
52,Pyx,78878,177048,,,52G Pyx,6.7
53,Pyx,78876,177055,,,53G Pyx,7.2
54,Pyx,78922,200047,,\epsilon,54G Pyx,5.59
55,Pyx,78955,177066,,,55G Pyx,6.53
56,Pyx,79290,177110,,,56G Pyx,6.8
57,Pyx,79456,177127,,,57G Pyx,6.4
58,Pyx,79613,200135,,,58G Pyx,6.5
59,Pyx,80590,200241,,,59G Pyx,6.39
,,80773,200258,,,59G Pyx,6.82
60,Pyx,80874,177322,,\theta,60G Pyx,4.72
61,Pyx,81169,177374,,\lambda,61G Pyx,4.69
62,Pyx,81254,200314,,,62G Pyx,6.7
63,Pyx,81307,200322,,,63G Pyx,6.5
64,Pyx,81542,177427,,,64G Pyx,6.9
65,Pyx,81753,177461,,,65G Pyx,6.1
1,Ret,20485,233050,,,1G Ret,6.8
2,Ret,20586,248764,,,2G Ret,6.8
3,Ret,20766,248770,,\zeta1,3G Ret,5.54
4,Ret,20807,248774,,\zeta2,4G Ret,5.24
5,Ret,20888,248776,,,5G Ret,6.05
,,20958,248778,,,5G Ret,7.4
,,20966,248779,,,5G Ret,7.4
,,21115,248782,,,5G Ret,7.3
,,21321,248789,,,5G Ret,7.7
6,Ret,22001,248819,,\kappa,6G Ret,4.71
7,Ret,22252,248825,,,7G Ret,5.83
8,Ret,22382,248834,,,8G Ret,6.41
,,22448,233163,,,9G Ret,7.6
9,Ret,22515,233169,,,9G Ret,6.9
10,Ret,22634,248842,,,10G Ret,6.74
11,Ret,22989,233197,,,11G Ret,6.94
,,22973,233199,,,12G Ret,7.96
,,23099,233210,,,12G Ret,8.4
12,Ret,23100,233209,,,12G Ret,6.8
13,Ret,23697,233252,,,13G Ret,6.3
14,Ret,23817,248877,,\beta,14G Ret,3.85
15,Ret,24185,233280,,,15G Ret,7.0
16,Ret,25170,248912,,,16G Ret,6.14
17,Ret,25346,233347,,,17G Ret,6.05
18,Ret,25422,248918,,\delta,18G Ret,4.56
19,Ret,25449,233350,,,19G Ret,6.9
,,25590,233363,,,19G Ret,7.7
,,25591,233364,,,19G Ret,8.4
20,Ret,25581,248922,,,20G Ret,6.7
21,Ret,25614,233362,,,21G Ret,7.0
22,Ret,25705,248925,,\gamma,22G Ret,4.51
23,Ret,25728,248927,,\iota,23G Ret,4.97
24,Ret,26491,248945,,,24G Ret,6.37
25,Ret,27256,248969,,\alpha,25G Ret,3.35
26,Ret,27304,248973,,,26G Ret,5.45
27,Ret,27442,233463,,\epsilon,27G Ret,4.44
28,Ret,27463,248977,,,28G Ret,6.37
29,Ret,27657,248986,,\theta,29G Ret,5.87
30,Ret,28093,249009,,\eta,30G Ret,5.24
31,Ret,28413,249016,,,31G Ret,5.94
32,Ret,28732,249029,,,32G Ret,5.75
33,Ret,29115,233550,,,33G Ret,6.9
34,Ret,29399,249054,,,34G Ret,5.79
1,Sgr,161083,185678,,,1G Sgr,6.6
2,Sgr,161592,185755,3,X,2G Sgr,4.22
3,Sgr,161664,185765,,,3G Sgr,6.18
4,Sgr,161756,185779,,,4G Sgr,6.35
5,Sgr,162083,185826,,,5G Sgr,6.8
6,Sgr,162434,160868,,,6G Sgr,6.9
7,Sgr,162719,185900,,,7G Sgr,6.8
8,Sgr,162978,185928,,,8G Sgr,6.2
9,Sgr,163245,160909,,,9G Sgr,6.52
10,Sgr,163318,185975,,,10G Sgr,5.78
11,Sgr,163296,185966,,,11G Sgr,6.85
12,Sgr,163652,209545,,,12G Sgr,5.74
13,Sgr,163685,186025,,,13G Sgr,6.01
14,Sgr,163755,,,,14G Sgr,4.99
15,Sgr,163955,186061,4,,15G Sgr,4.76
16,Sgr,164028,186070,,,16G Sgr,6.21
17,Sgr,164245,209608,,,17G Sgr,6.3
18,Sgr,164358,160998,6,,18G Sgr,6.28
19,Sgr,164581,186158,,,19G Sgr,6.81
20,Sgr,164584,186163,7,,20G Sgr,5.34
21,Sgr,164402,186135,,,21G Sgr,5.77
,,164492,186145,,,21G Sgr,7.63
,,164514,186149,,,21G Sgr,7.42
22,Sgr,164637,186169,,,22G Sgr,6.74
23,Sgr,164883,186216,,,23G Sgr,7.28
24,Sgr,164794,186204,9,,24G Sgr,5.97
25,Sgr,164870,209671,,,25G Sgr,6.0
26,Sgr,164975,186237,,W,26G Sgr,4.28
27,Sgr,165052,186247,,,27G Sgr,6.87
28,Sgr,165135,209696,10,\gamma,28G Sgr,2.99
29,Sgr,165185,209710,,,29G Sgr,5.95
30,Sgr,165516,186302,,,30G Sgr,6.28
31,Sgr,165634,186328,,,31G Sgr,4.57
32,Sgr,165687,161093,,,32G Sgr,5.52
33,Sgr,165793,209779,,,33G Sgr,6.58
34,Sgr,165784,186343,,,34G Sgr,6.52
35,Sgr,165896,186362,,,35G Sgr,7.61
36,Sgr,165978,209794,,,36G Sgr,6.43
37,Sgr,166023,209803,,,37G Sgr,5.53
38,Sgr,166197,209817,,,38G Sgr,6.16
39,Sgr,166393,161153,,,39G Sgr,6.36
40,Sgr,166464,186437,1,,40G Sgr,4.98
41,Sgr,166937,186497,13,\mu,41G Sgr,3.86
42,Sgr,167036,186509,14,,42G Sgr,5.44
43,Sgr,167264,186543,15,,43G Sgr,5.38
44,Sgr,167263,186544,16,,44G Sgr,5.95
45,Sgr,167356,161227,,,45G Sgr,6.07
46,Sgr,167618,209957,,\eta,46G Sgr,3.11
47,Sgr,167647,209959,,RS,47G Sgr,6.16
48,Sgr,167665,186593,,,48G Sgr,6.4
49,Sgr,167666,186594,,,49G Sgr,6.18
50,Sgr,167720,161260,,,50G Sgr,5.75
51,Sgr,167818,186612,,,51G Sgr,4.65
52,Sgr,167771,161267,,,52G Sgr,6.54
,,167863,161278,,,52G Sgr,6.71
,,168021,161304,,,52G Sgr,6.84
53,Sgr,167979,186629,,,53G Sgr,6.51
54,Sgr,168454,186681,19,\delta,54G Sgr,2.7
55,Sgr,168525,186687,,,55G Sgr,6.7
56,Sgr,168574,186699,,,56G Sgr,6.25
57,Sgr,168608,161376,,Y,57G Sgr,5.73
58,Sgr,168646,186704,,,58G Sgr,6.16
59,Sgr,168733,210061,,,59G Sgr,5.34
60,Sgr,168838,210075,,,60G Sgr,5.55
61,Sgr,169022,210091,20,\epsilon,61G Sgr,1.8
62,Sgr,169236,210119,,,62G Sgr,6.15
63,Sgr,169233,210116,18,,63G Sgr,5.6
64,Sgr,169398,210135,,,64G Sgr,6.3
65,Sgr,169420,186794,21,,65G Sgr,4.81
66,Sgr,169830,186838,,,66G Sgr,5.91
67,Sgr,169916,186841,22,\lambda,67G Sgr,2.81
68,Sgr,169851,186837,,,68G Sgr,6.31
69,Sgr,169938,186843,,,69G Sgr,6.27
70,Sgr,170141,186863,,,70G Sgr,6.5
71,Sgr,169990,161493,,,71G Sgr,6.2
72,Sgr,170142,186867,,,72G Sgr,6.9
73,Sgr,170235,186873,,,73G Sgr,6.59
74,Sgr,170433,161540,,,74G Sgr,5.66
75,Sgr,170479,210257,,,75G Sgr,5.34
76,Sgr,170680,161564,,,76G Sgr,5.14
77,Sgr,171034,210312,,,77G Sgr,5.28
78,Sgr,171115,186981,24,,78G Sgr,5.49
79,Sgr,171369,187012,,,79G Sgr,6.48
80,Sgr,171416,187024,,,80G Sgr,6.37
81,Sgr,,,,M22,81G Sgr,5.1
82,Sgr,171627,187048,,,82G Sgr,6.79
83,Sgr,171856,187071,,,83G Sgr,5.94
84,Sgr,171961,187080,,,84G Sgr,5.81
85,Sgr,172016,210408,,,85G Sgr,6.6
86,Sgr,172051,187086,,,86G Sgr,5.86
87,Sgr,172236,187108,,,87G Sgr,6.7
88,Sgr,172546,187146,26,,88G Sgr,6.23
89,Sgr,172816,161754,,,89G Sgr,6.35
90,Sgr,172875,210507,,,90G Sgr,6.32
91,Sgr,172910,210509,,,91G Sgr,4.87
92,Sgr,173059,161777,,,92G Sgr,6.6
93,Sgr,173122,210532,,,93G Sgr,6.5
94,Sgr,173117,187216,,,94G Sgr,5.83
95,Sgr,173300,187239,27,\phi,95G Sgr,3.2
96,Sgr,173282,187234,,,96G Sgr,6.35
97,Sgr,173378,187246,,,97G Sgr,6.6
98,Sgr,173425,161803,,,98G Sgr,6.42
99,Sgr,173460,187255,28,,99G Sgr,5.37
100,Sgr,173732,210583,,,100G Sgr,6.8
101,Sgr,173875,210597,,,101G Sgr,6.5
102,Sgr,173902,210600,,,102G Sgr,6.62
103,Sgr,173928,161848,,,103G Sgr,6.47
,,173940,161850,,,103G Sgr,7.0
104,Sgr,174116,187324,29,,104G Sgr,5.24
105,Sgr,174309,187342,30,,105G Sgr,6.61
106,Sgr,174596,187381,31,,106G Sgr,6.8
107,Sgr,174632,210663,,,107G Sgr,6.63
108,Sgr,174631,187389,,,108G Sgr,6.13
109,Sgr,174630,187388,,,109G Sgr,6.29
110,Sgr,174947,187422,33,,110G Sgr,5.69
111,Sgr,174974,187426,32,\nu1,111G Sgr,4.83
112,Sgr,175191,187448,34,\sigma,112G Sgr,2.0
113,Sgr,175190,187445,35,\nu2,113G Sgr,4.99
114,Sgr,175317,161984,,,114G Sgr,5.57
115,Sgr,175390,210733,,,115G Sgr,6.3
116,Sgr,175360,187468,,,116G Sgr,5.93
117,Sgr,175453,162001,,,117G Sgr,6.6
118,Sgr,175478,210749,,,118G Sgr,7.0
119,Sgr,175687,187498,36,\xi1,119G Sgr,5.08
120,Sgr,175775,187504,37,\xi2,120G Sgr,3.51
121,Sgr,175794,210773,,,121G Sgr,6.12
122,Sgr,175852,187517,,,122G Sgr,6.62
123,Sgr,175892,187519,,,123G Sgr,6.16
124,Sgr,176078,162043,,,124G Sgr,7.0
125,Sgr,176123,162050,,,125G Sgr,6.37
126,Sgr,176162,162052,,,126G Sgr,5.53
127,Sgr,176246,187562,,,127G Sgr,6.36
128,Sgr,176537,187584,,,128G Sgr,6.24
129,Sgr,176593,162097,,,129G Sgr,6.32
130,Sgr,176687,187600,38,\zeta,130G Sgr,2.6
131,Sgr,176704,187599,,,131G Sgr,5.62
132,Sgr,176884,162130,,,132G Sgr,6.05
133,Sgr,176903,162133,,,133G Sgr,6.38
134,Sgr,177074,210883,,,134G Sgr,5.51
135,Sgr,177120,187632,,,135G Sgr,6.7
136,Sgr,177241,187643,39,\omicron,136G Sgr,3.77
137,Sgr,177427,187661,,,137G Sgr,7.08
138,Sgr,177517,162177,,,138G Sgr,5.97
139,Sgr,177716,187683,40,\tau,139G Sgr,3.32
140,Sgr,177846,187701,,,140G Sgr,6.04
141,Sgr,177817,162201,,,141G Sgr,6.03
142,Sgr,177863,162204,,,142G Sgr,6.29
143,Sgr,178075,187718,,,143G Sgr,6.3
144,Sgr,178175,162229,,,144G Sgr,5.54
145,Sgr,178224,187728,,,145G Sgr,6.9
146,Sgr,178299,210996,,,146G Sgr,6.56
147,Sgr,178524,187756,41,\pi,147G Sgr,2.89
148,Sgr,178555,162260,,,148G Sgr,6.13
149,Sgr,178606,211011,,,149G Sgr,6.4
150,Sgr,178840,187786,,,150G Sgr,6.29
151,Sgr,179201,187816,,,151G Sgr,6.41
152,Sgr,179323,187835,,,152G Sgr,5.8
153,Sgr,179497,162326,,,153G Sgr,5.51
154,Sgr,179669,187862,,,154G Sgr,6.88
155,Sgr,179950,187882,42,\psi,155G Sgr,4.85
,,179904,211100,,,156G Sgr,7.54
156,Sgr,180093,211117,,RY,156G Sgr,6.25
157,Sgr,179949,187883,,,157G Sgr,6.25
158,Sgr,180068,211111,,,158G Sgr,7.2
159,Sgr,180133,211119,,,159G Sgr,6.9
,,180562,162417,,,159G Sgr,7.06
160,Sgr,180540,162413,43,d,160G Sgr,4.96
,,180768,162442,,,160G Sgr,7.4
161,Sgr,180699,162432,,,161G Sgr,6.8
162,Sgr,180885,211175,,,162G Sgr,5.59
163,Sgr,180928,162462,,,163G Sgr,6.08
164,Sgr,181109,211191,,,164G Sgr,6.58
165,Sgr,181240,187992,,,165G Sgr,5.58
166,Sgr,181321,211206,,,166G Sgr,6.48
167,Sgr,181401,229643,,,167G Sgr,6.34
168,Sgr,181454,229646,,\beta1,168G Sgr,4.01
169,Sgr,181484,229647,,\beta1,169G Sgr,8.2
170,Sgr,181428,188014,,,170G Sgr,7.1
171,Sgr,181544,188025,,,171G Sgr,7.1
172,Sgr,181623,229654,,\beta2,172G Sgr,4.3
173,Sgr,181558,162511,,,173G Sgr,6.26
174,Sgr,181577,162512,44,\rho1,174G Sgr,3.93
175,Sgr,181645,162521,45,\rho2,175G Sgr,5.87
176,Sgr,181615,162518,46,\upsilon,176G Sgr,4.61
177,Sgr,181869,229659,,\alpha,177G Sgr,4.0
178,Sgr,181925,229660,,,178G Sgr,6.17
179,Sgr,182180,188079,,,179G Sgr,6.04
180,Sgr,182286,188093,,,180G Sgr,5.93
181,Sgr,182369,188101,47,\chi1,181G Sgr,5.03
182,Sgr,182416,188105,49,\chi3,182G Sgr,5.43
183,Sgr,182481,188112,,,183G Sgr,7.0
184,Sgr,182477,162595,,,184G Sgr,5.69
185,Sgr,182629,188121,50,,185G Sgr,5.59
186,Sgr,182681,188127,,,186G Sgr,5.67
187,Sgr,182645,162609,,,187G Sgr,5.72
188,Sgr,182678,162615,,,188G Sgr,6.7
189,Sgr,183007,229712,,,189G Sgr,5.71
,,182926,162637,,,190G Sgr,7.3
190,Sgr,182998,162643,,,190G Sgr,6.8
191,Sgr,183133,162651,,,191G Sgr,6.78
192,Sgr,183216,211305,,,192G Sgr,7.14
193,Sgr,183275,188192,,,193G Sgr,5.52
194,Sgr,183312,211315,,,194G Sgr,6.6
195,Sgr,183347,162674,,,195G Sgr,6.8
196,Sgr,183577,229734,,,196G Sgr,6.6
197,Sgr,183545,188219,,,197G Sgr,6.13
198,Sgr,183799,211345,,,198G Sgr,6.8
199,Sgr,183925,211355,,,199G Sgr,6.8
200,Sgr,183997,211361,,,200G Sgr,6.96
201,Sgr,184035,229746,,,201G Sgr,5.89
202,Sgr,184268,188296,,,202G Sgr,6.43
203,Sgr,184509,188317,,,203G Sgr,6.7
204,Sgr,184552,188326,51,h1,204G Sgr,5.65
205,Sgr,184597,211406,,,205G Sgr,6.9
206,Sgr,184574,162797,,,206G Sgr,6.27
207,Sgr,184707,188337,52,h2,207G Sgr,4.6
208,Sgr,184705,162809,,,208G Sgr,6.14
,,184794,,,,208G Sgr,7.9
209,Sgr,184835,162816,,,209G Sgr,5.64
210,Sgr,184922,211429,,,210G Sgr,7.0
211,Sgr,184890,162820,,,211G Sgr,7.0
,,184918,162822,,,212G Sgr,7.1
212,Sgr,184985,162827,,,212G Sgr,5.47
213,Sgr,185044,162831,,,213G Sgr,6.9
214,Sgr,185183,188386,,,214G Sgr,6.6
215,Sgr,185257,211451,,,215G Sgr,6.61
,,185344,162852,,,215G Sgr,7.6
,,185344,162853,,,215G Sgr,7.1
216,Sgr,,,,M55,216G Sgr,6.95
217,Sgr,185404,188407,53,,217G Sgr,6.34
218,Sgr,185467,188419,,,218G Sgr,5.97
219,Sgr,185487,162862,,,219G Sgr,6.8
220,Sgr,185533,162870,,,220G Sgr,7.0
221,Sgr,185644,162883,54,e1,221G Sgr,5.33
222,Sgr,185771,211487,,,222G Sgr,6.9
223,Sgr,185905,188470,,,223G Sgr,6.6
224,Sgr,186042,211506,,,224G Sgr,6.16
225,Sgr,186005,162915,55,e2,225G Sgr,5.06
226,Sgr,186185,162931,,,226G Sgr,5.49
227,Sgr,186417,211537,,,227G Sgr,6.7
228,Sgr,186500,211541,,,228G Sgr,5.52
229,Sgr,186648,162964,56,f,229G Sgr,4.86
230,Sgr,186829,188571,,,230G Sgr,6.8
231,Sgr,186938,188580,,,231G Sgr,6.7
232,Sgr,186984,162998,,,232G Sgr,6.11
233,Sgr,187098,188603,,,233G Sgr,6.05
234,Sgr,187150,163007,,,234G Sgr,6.6
235,Sgr,187474,229903,,,235G Sgr,5.33
236,Sgr,187518,211609,,,236G Sgr,6.8
237,Sgr,187741,211624,,,237G Sgr,7.1
238,Sgr,187739,163060,57,,238G Sgr,5.92
239,Sgr,187664,163050,,,239G Sgr,6.8
240,Sgr,187949,163080,,,240G Sgr,6.49
241,Sgr,188114,229927,,\iota,241G Sgr,4.13
242,Sgr,188088,188692,,,242G Sgr,6.18
243,Sgr,188113,211651,,,243G Sgr,7.2
244,Sgr,188158,211653,,,244G Sgr,6.46
245,Sgr,188246,229934,,,245G Sgr,7.18
246,Sgr,188339,211664,,,246G Sgr,6.7
247,Sgr,188352,163107,,,247G Sgr,6.9
248,Sgr,188376,188722,58,\omega,248G Sgr,4.7
249,Sgr,188548,211677,,,249G Sgr,6.5
250,Sgr,188603,188742,59,b,250G Sgr,4.52
251,Sgr,188642,211686,,,251G Sgr,6.55
252,Sgr,188787,211696,,,252G Sgr,7.0
253,Sgr,188899,163141,61,g,253G Sgr,5.02
254,Sgr,188981,211708,,,254G Sgr,6.28
255,Sgr,189005,188778,60,A,255G Sgr,4.83
256,Sgr,189103,211716,,\theta1,256G Sgr,4.36
257,Sgr,189118,211717,,\theta2,257G Sgr,5.3
258,Sgr,189140,229977,,,258G Sgr,6.14
259,Sgr,189198,229981,,,259G Sgr,5.81
260,Sgr,189195,211719,,,260G Sgr,5.95
261,Sgr,189193,188795,,,261G Sgr,6.8
262,Sgr,189245,211724,,,262G Sgr,5.66
263,Sgr,189388,229993,,,263G Sgr,6.29
264,Sgr,189561,188829,,,264G Sgr,6.01
265,Sgr,189763,188844,62,c,265G Sgr,4.58
266,Sgr,189741,163195,63,,266G Sgr,5.71
267,Sgr,189832,211768,,,267G Sgr,7.0
268,Sgr,189831,211767,,,268G Sgr,4.77
269,Sgr,190009,188863,,,269G Sgr,6.45
270,Sgr,190056,211782,,,270G Sgr,4.99
271,Sgr,190268,211796,,,271G Sgr,7.0
272,Sgr,190306,211798,,,272G Sgr,6.53
273,Sgr,190283,188889,,,273G Sgr,7.13
274,Sgr,190454,163253,65,,274G Sgr,6.53
,,191007,230071,,,275G Sgr,7.85
275,Sgr,191117,230077,,,275G Sgr,6.94
276,Sgr,191091,211863,,,276G Sgr,7.2
,,191273,230084,,,277G Sgr,7.84
277,Sgr,191305,230087,,,277G Sgr,7.7
278,Sgr,191349,230089,,,278G Sgr,6.55
279,Sgr,191408,211885,,,279G Sgr,5.31
280,Sgr,191584,230100,,,280G Sgr,6.22
281,Sgr,191957,211916,,,281G Sgr,6.7
282,Sgr,192433,211940,,,282G Sgr,6.3
283,Sgr,192472,211948,,,283G Sgr,6.39
284,Sgr,192509,230131,,,284G Sgr,7.1
285,Sgr,192486,211950,,,285G Sgr,6.54
286,Sgr,192724,230134,,,286G Sgr,7.0
287,Sgr,192758,230140,,,287G Sgr,7.03
288,Sgr,193194,212015,,,288G Sgr,6.6
,,193256,189163,,,289G Sgr,8.3
289,Sgr,193281,189164,,,289G Sgr,6.3
290,Sgr,193302,212025,,,290G Sgr,6.46
291,Sgr,193437,230169,,,291G Sgr,7.2
292,Sgr,193571,230177,,\kappa1,292G Sgr,5.59
293,Sgr,193716,212062,,,293G Sgr,6.9
294,Sgr,193807,230184,,\kappa2,294G Sgr,5.64
295,Sgr,194184,230197,,,295G Sgr,6.09
296,Sgr,194215,189264,,,296G Sgr,5.85
297,Sgr,194433,212126,,,297G Sgr,6.25
298,Sgr,194640,212140,,,298G Sgr,6.62
1,Sco,141164,183813,,,1G Sco,6.7
2,Sco,141637,183854,1,b,2G Sco,4.7
3,Sco,142114,183896,2,A,3G Sco,4.59
4,Sco,142165,183900,,,4G Sco,5.4
5,Sco,142184,183901,,,5G Sco,5.42
6,Sco,142250,183907,,,6G Sco,6.1
7,Sco,142301,183914,3,,7G Sco,5.87
8,Sco,142445,183931,4,,8G Sco,5.62
9,Sco,142669,183957,5,\rho,9G Sco,3.9
10,Sco,142883,183972,,,10G Sco,5.9
11,Sco,142990,183982,,,11G Sco,5.44
12,Sco,143018,183987,6,\pi,12G Sco,2.89
13,Sco,143275,184014,7,\delta,13G Sco,2.3
14,Sco,143619,184049,,,14G Sco,6.03
15,Sco,143787,184068,,,15G Sco,5.0
16,Sco,143900,184075,,,16G Sco,6.21
17,Sco,144070,,,\xi,17G Sco,4.8
,,144087,159668,,,17G Sco,7.46
18,Sco,144217,159682,8,\beta,18G Sco,2.62
19,Sco,144334,184113,,,19G Sco,5.92
20,Sco,144470,184123,9,\omega1,20G Sco,3.96
21,Sco,144608,184135,10,\omega2,21G Sco,4.32
22,Sco,144585,159706,,,22G Sco,6.32
,,144668,207367,,,23G Sco,7.05
23,Sco,144667,207368,,,23G Sco,6.65
24,Sco,144661,184142,,,24G Sco,6.32
25,Sco,144690,184144,,m,25G Sco,5.38
26,Sco,144708,159715,11,,26G Sco,5.78
27,Sco,144844,184164,,,27G Sco,5.87
28,Sco,144927,207396,,,28G Sco,6.19
29,Sco,144892,140981,,,29G Sco,6.7
30,Sco,144987,207403,,,30G Sco,5.54
31,Sco,145102,184184,,,31G Sco,6.65
32,Sco,145127,184182,,,32G Sco,6.6
33,Sco,145100,159745,,,33G Sco,6.44
34,Sco,145191,226564,,,34G Sco,5.86
35,Sco,145250,184197,,,35G Sco,5.13
36,Sco,145483,184217,12,c1,36G Sco,5.67
37,Sco,145482,184221,13,c2,37G Sco,4.59
,,145501,159763,,,38G Sco,6.3
38,Sco,145502,159764,14,\nu,38G Sco,4.01
39,Sco,145570,141022,15,\psi,39G Sco,4.94
40,Sco,145607,141024,16,,40G Sco,5.45
41,Sco,145792,184241,,,41G Sco,6.41
42,Sco,145809,184240,,,42G Sco,6.69
43,Sco,145838,207480,,,43G Sco,5.92
44,Sco,145897,159793,17,\chi,44G Sco,5.22
45,Sco,145964,184253,,,45G Sco,6.42
46,Sco,146001,184258,,,46G Sco,6.05
47,Sco,145997,159807,,,47G Sco,6.32
48,Sco,146254,159821,,,48G Sco,6.09
49,Sco,146233,141066,18,,49G Sco,5.5
50,Sco,146284,184278,,,50G Sco,6.7
51,Sco,146416,184285,,,51G Sco,6.63
52,Sco,146436,159829,,,52G Sco,6.5
53,Sco,146624,184301,,d,53G Sco,4.8
,,146662,159834,,,53G Sco,7.3
,,146677,159836,,,53G Sco,7.35
54,Sco,146745,207551,,,54G Sco,6.7
,,146835,207557,,,55G Sco,7.09
55,Sco,146836,207558,,,55G Sco,5.49
,,146905,207566,,,56G Sco,7.2
,,146906,207570,,,56G Sco,7.0
56,Sco,146954,207574,,,56G Sco,6.12
57,Sco,146850,159846,,,57G Sco,5.94
58,Sco,146834,184309,,,58G Sco,6.29
,,147009,159858,,,58G Sco,8.8
,,147010,159860,,,58G Sco,7.4
,,147103,159864,,,58G Sco,7.56
59,Sco,147084,184329,19,o,59G Sco,4.55
,,147149,207586,,,59G Sco,7.3
,,147167,207587,,,59G Sco,7.3
60,Sco,147135,159867,,,60G Sco,6.55
61,Sco,147165,184336,20,\sigma,61G Sco,2.88
62,Sco,147513,207622,,,62G Sco,5.4
63,Sco,147473,159888,,,63G Sco,6.86
64,Sco,147553,207625,,,64G Sco,6.47
65,Sco,,,,M4,65G Sco,5.93
,,147328,,,,65G Sco,9.05
,,325581,,,,65G Sco,8.75
,,147654,,,,65G Sco,9.2
,,147686,226740,,,65G Sco,8.7
,,325543,,,,65G Sco,8.71
,,147893,,,,65G Sco,8.89
66,Sco,147628,207637,,,66G Sco,5.42
67,Sco,147723,184369,,,67G Sco,5.94
68,Sco,148247,207688,,,68G Sco,5.79
69,Sco,148478,184415,21,\alpha,69G Sco,0.96
,,148579,184425,,,70G Sco,7.34
70,Sco,148605,184429,22,i,70G Sco,4.8
71,Sco,148688,226855,,,71G Sco,5.33
72,Sco,148703,207732,,N,72G Sco,4.23
73,Sco,148760,184437,,,73G Sco,6.1
74,Sco,149274,207794,,,74G Sco,6.8
75,Sco,149438,184481,23,\tau,75G Sco,2.82
76,Sco,149447,207814,,H,76G Sco,4.16
77,Sco,149886,207878,,,77G Sco,5.91
78,Sco,150090,207903,,,78G Sco,6.4
79,Sco,150151,207909,,,79G Sco,6.64
,,150164,207912,,,80G Sco,7.3
80,Sco,150420,207943,,,80G Sco,7.0
,,150474,207949,,,80G Sco,7.1
81,Sco,150331,207930,,,81G Sco,5.87
82,Sco,150367,184547,,,82G Sco,6.4
83,Sco,150573,227118,,,83G Sco,6.2
84,Sco,150591,227123,,,84G Sco,6.12
85,Sco,150608,207966,,,85G Sco,6.05
86,Sco,150638,207967,,,86G Sco,6.48
87,Sco,150742,227146,,,87G Sco,5.71
88,Sco,150698,184581,,,88G Sco,6.8
89,Sco,150768,184591,,,89G Sco,6.58
90,Sco,150894,184602,,,90G Sco,6.02
91,Sco,151078,208020,,,91G Sco,5.48
92,Sco,151179,184630,25,,92G Sco,6.71
93,Sco,151395,208050,,,93G Sco,6.81
94,Sco,151511,208065,,,94G Sco,7.1
95,Sco,151680,208078,26,\epsilon,95G Sco,2.29
96,Sco,151771,208089,,,96G Sco,6.11
97,Sco,151804,227313,,,97G Sco,5.22
98,Sco,151890,208102,,\mu1,98G Sco,3.0
99,Sco,151985,208116,,\mu2,99G Sco,3.6
100,Sco,151965,227332,,,100G Sco,6.35
101,Sco,152234,227377,,,101G Sco,5.45
102,Sco,152249,227383,,,102G Sco,6.47
103,Sco,152236,227375,,\zeta1,103G Sco,4.73
104,Sco,152334,227402,,\zeta2,104G Sco,3.62
105,Sco,152293,227392,,,105G Sco,5.85
106,Sco,152408,227425,,,106G Sco,5.77
,,152348,208161,,,107G Sco,8.5
,,152422,208170,,,107G Sco,8.0
107,Sco,152431,208176,,,107G Sco,6.34
108,Sco,152524,208191,,,108G Sco,7.28
109,Sco,152574,208192,,,109G Sco,7.18
110,Sco,152636,208205,,,110G Sco,6.34
111,Sco,152521,208187,,,111G Sco,6.73
,,152635,208204,,,111G Sco,7.72
,,152700,208213,,,111G Sco,8.0
,,152720,208214,,,111G Sco,7.2
112,Sco,152667,227473,,,112G Sco,6.15
113,Sco,152820,208232,27,,113G Sco,5.48
114,Sco,153072,208259,,,114G Sco,6.09
115,Sco,,,,,115G Sco,
116,Sco,153368,208293,,,116G Sco,5.97
117,Sco,153613,208324,,,117G Sco,5.03
118,Sco,153890,208355,,,118G Sco,5.92
119,Sco,154025,227601,,,119G Sco,6.28
120,Sco,154090,208377,,k,120G Sco,4.87
121,Sco,154153,227615,,,121G Sco,6.19
122,Sco,154310,208406,,,122G Sco,5.98
123,Sco,154368,208410,,,123G Sco,6.13
124,Sco,154783,208467,,,124G Sco,5.93
125,Sco,154948,227688,,l,125G Sco,5.08
126,Sco,155203,227707,,\eta,126G Sco,3.33
127,Sco,155259,208521,,,127G Sco,5.67
128,Sco,155276,208522,,,128G Sco,6.3
129,Sco,155416,208541,,,129G Sco,6.61
130,Sco,155450,208539,,,130G Sco,6.01
131,Sco,155603,208569,,,131G Sco,6.6
132,Sco,155536,208556,,,132G Sco,6.75
,,155775,208582,,,132G Sco,6.72
133,Sco,155826,208591,,,133G Sco,5.96
134,Sco,155806,208585,,,134G Sco,5.53
135,Sco,155889,208604,,,135G Sco,6.54
136,Sco,155940,208606,,,136G Sco,6.21
137,Sco,155985,227778,,,137G Sco,6.46
138,Sco,155974,208610,,,138G Sco,6.12
139,Sco,156098,208626,,,139G Sco,5.49
140,Sco,156325,208657,,,140G Sco,6.38
141,Sco,156398,227821,,,141G Sco,6.65
142,Sco,156384,208670,,,142G Sco,5.91
143,Sco,157038,208740,,,143G Sco,6.41
144,Sco,157060,208741,,,144G Sco,6.44
145,Sco,157097,208747,,,145G Sco,5.93
146,Sco,157243,227911,,,146G Sco,5.12
,,157338,208769,,,147G Sco,7.1
147,Sco,157486,208786,,,147G Sco,6.16
148,Sco,158042,228010,,,148G Sco,6.19
149,Sco,158105,208860,,,149G Sco,6.02
150,Sco,158156,208870,,,150G Sco,6.39
,,158103,208857,,,150G Sco,7.65
,,158186,208869,,,150G Sco,7.0
151,Sco,158320,208881,,,151G Sco,6.67
152,Sco,158408,208896,34,\upsilon,152G Sco,2.7
153,Sco,158619,208921,,,153G Sco,6.44
154,Sco,158741,208935,,,154G Sco,6.17
155,Sco,158799,228110,,,155G Sco,5.84
156,Sco,158926,208954,35,\lambda,156G Sco,1.6
157,Sco,159176,208977,,,157G Sco,5.68
158,Sco,159312,209001,,,158G Sco,6.48
159,Sco,159433,209019,,Q,159G Sco,4.29
160,Sco,159532,228201,,\theta,160G Sco,1.9
161,Sco,159633,209034,,,161G Sco,6.26
162,Sco,159707,228220,,,162G Sco,6.1
,,160124,209092,,,163G Sco,7.17
,,160202,209105,,,163G Sco,6.75
,,160221,209111,,,163G Sco,7.28
,,160335,209125,,,163G Sco,7.28
163,Sco,160371,209132,,BM,163G Sco,7.0
164,Sco,160529,209151,,,164G Sco,6.67
165,Sco,160578,209163,,\kappa,165G Sco,2.4
166,Sco,160668,209172,,,166G Sco,5.54
167,Sco,160748,209176,,,167G Sco,6.4
168,Sco,160928,228363,,,168G Sco,5.87
169,Sco,161471,228420,,\iota1,169G Sco,3.0
170,Sco,161840,209303,,,170G Sco,4.8
171,Sco,161852,209307,,,171G Sco,6.7
172,Sco,161892,209318,,G,172G Sco,3.21
173,Sco,161912,228466,,\iota2,173G Sco,4.81
174,Sco,162021,228481,,,174G Sco,6.67
175,Sco,162496,209397,,,175G Sco,6.06
176,Sco,162189,228489,,,176G Sco,5.96
177,Sco,162220,209357,,,177G Sco,6.66
178,Sco,162396,228510,,,178G Sco,6.2
,,162374,209383,,,179G Sco,5.9
,,162391,209390,,,179G Sco,5.85
,,162586,209411,,,179G Sco,6.17
179,Sco,162587,209416,,,179G Sco,5.59
,,162678,209425,,,179G Sco,6.38
,,162724,209428,,,179G Sco,5.96
,,162804,209443,,,179G Sco,7.08
,,162817,209446,,,179G Sco,5.96
180,Sco,162926,209458,,,180G Sco,6.06
181,Sco,163145,228562,,,181G Sco,4.86
182,Sco,163181,209489,,,182G Sco,6.43
,,163274,209503,,,182G Sco,6.7
183,Sco,163376,228578,,,183G Sco,4.88
,,163375,209519,,,184G Sco,6.7
184,Sco,163433,209524,,,184G Sco,6.29
1,Scl,218283,214314,,,1G Scl,6.6
2,Scl,218434,191674,,,2G Scl,5.6
3,Scl,218619,191686,,,3G Scl,5.87
4,Scl,218759,191703,,,4G Scl,6.51
5,Scl,219409,214410,,,5G Scl,6.56
6,Scl,219580,191792,,,6G Scl,6.6
7,Scl,219784,214444,,\gamma,7G Scl,4.41
8,Scl,219804,214445,,,8G Scl,6.94
9,Scl,219823,191816,,,9G Scl,6.7
10,Scl,219912,214459,,,10G Scl,6.37
11,Scl,220096,191840,,,11G Scl,5.64
12,Scl,220717,191903,,,12G Scl,6.6
13,Scl,220929,214561,,,13G Scl,6.32
14,Scl,220978,191931,,,14G Scl,6.9
15,Scl,221387,191972,,,15G Scl,6.7
16,Scl,221507,214615,,\beta,16G Scl,4.37
17,Scl,221609,214624,,,17G Scl,7.2
18,Scl,221750,214634,,,18G Scl,7.1
19,Scl,221839,192020,,,19G Scl,6.64
20,Scl,221907,192030,,,20G Scl,6.5
21,Scl,222004,214659,,,21G Scl,6.52
22,Scl,222335,214692,,,22G Scl,7.19
23,Scl,222433,214701,,\mu,23G Scl,5.31
,,222480,214707,,,23G Scl,7.13
24,Scl,222739,214735,,,24G Scl,7.2
25,Scl,222801,214741,,,25G Scl,7.0
26,Scl,222872,192116,,,26G Scl,6.17
27,Scl,223352,192167,,\delta,27G Scl,4.57
28,Scl,223408,192174,,,28G Scl,7.1
29,Scl,223466,192180,,,29G Scl,6.42
30,Scl,223666,214824,,,30G Scl,6.6
31,Scl,223700,214829,,,31G Scl,7.2
32,Scl,223786,192211,,,32G Scl,6.8
33,Scl,223991,192231,,,33G Scl,6.8
34,Scl,224113,214860,,AL,34G Scl,6.1
35,Scl,224112,214861,,,35G Scl,6.83
36,Scl,224350,192262,,,36G Scl,6.26
37,Scl,224410,214878,,,37G Scl,6.9
38,Scl,224630,192294,,,38G Scl,5.62
39,Scl,224862,192323,,,39G Scl,7.2
40,Scl,224936,214931,,,40G Scl,7.2
41,Scl,224949,214933,,,41G Scl,7.2
42,Scl,224990,,,,42G Scl,5.01
43,Scl,225101,192342,,,43G Scl,7.0
,,225119,166023,,,43G Scl,8.5
,,225118,166024,,,43G Scl,8.4
,,225155,166025,,,43G Scl,7.6
44,Scl,225187,192345,,,44G Scl,7.1
45,Scl,225200,166031,,,45G Scl,6.39
,,225206,166032,,,45G Scl,7.74
46,Scl,21,192350,,,46G Scl,7.1
47,Scl,32,192351,,,47G Scl,7.0
48,Scl,213,192359,,,48G Scl,7.0
49,Scl,268,166063,,,49G Scl,7.06
50,Scl,344,192367,,,50G Scl,5.68
51,Scl,493,166083,,\kappa1,51G Scl,5.41
52,Scl,720,166103,,\kappa2,52G Scl,5.41
53,Scl,739,192388,,\theta,53G Scl,5.24
54,Scl,902,192406,,,54G Scl,7.19
55,Scl,942,166130,,,55G Scl,5.94
56,Scl,943,166131,,,56G Scl,6.13
57,Scl,1089,192418,,,57G Scl,6.17
58,Scl,1187,192430,,,58G Scl,5.67
,,1233,192437,,,59G Scl,7.5
59,Scl,1259,192442,,,59G Scl,6.9
60,Scl,1434,192453,,,60G Scl,6.7
61,Scl,1683,192474,,,61G Scl,7.2
62,Scl,1737,166207,,\iota,62G Scl,5.12
63,Scl,1856,192491,,,63G Scl,6.8
64,Scl,1855,192493,,,64G Scl,7.1
65,Scl,1909,192495,,,65G Scl,6.57
66,Scl,1923,192498,,,66G Scl,6.82
67,Scl,2132,192512,,,67G Scl,7.0
68,Scl,2199,166262,,,68G Scl,6.9
69,Scl,2363,166282,,,69G Scl,5.94
70,Scl,2376,166284,,,70G Scl,6.9
71,Scl,2429,192545,,\eta,71G Scl,4.81
72,Scl,2455,166295,,,72G Scl,6.7
73,Scl,2477,166299,,,73G Scl,7.3
74,Scl,2632,192567,,,74G Scl,6.57
75,Scl,2947,166344,,,75G Scl,6.8
76,Scl,3047,192606,,,76G Scl,7.3
77,Scl,3059,166367,,,77G Scl,5.55
78,Scl,3074,192609,,,78G Scl,6.4
79,Scl,3173,192621,,,79G Scl,7.5
80,Scl,3809,166477,,,80G Scl,6.9
81,Scl,3605,166443,,,81G Scl,6.4
82,Scl,3917,166490,,,82G Scl,6.7
83,Scl,4065,192690,,\lambda1,83G Scl,6.06
84,Scl,4211,192703,,\lambda2,84G Scl,5.96
85,Scl,4471,192731,,,85G Scl,6.9
86,Scl,4595,192746,,,86G Scl,7.0
87,Scl,4691,166593,,,87G Scl,6.78
88,Scl,4975,192779,,,88G Scl,7.2
89,Scl,5133,192793,,,89G Scl,7.16
90,Scl,5445,166686,,,90G Scl,6.1
91,Scl,5676,166713,,,91G Scl,7.9
92,Scl,5737,166716,,\alpha,92G Scl,4.3
93,Scl,5963,192863,,,93G Scl,6.9
94,Scl,6055,192870,,\xi,94G Scl,5.59
95,Scl,6080,192874,,,95G Scl,6.6
96,Scl,6178,192884,,\sigma,96G Scl,5.53
97,Scl,6269,166774,,,97G Scl,6.25
98,Scl,6403,192907,,,98G Scl,6.43
99,Scl,6619,192925,,,99G Scl,6.61
100,Scl,7259,192977,,,100G Scl,6.54
101,Scl,7311,192981,,,101G Scl,7.0
102,Scl,7312,192980,,AI,102G Scl,5.91
103,Scl,7909,193040,,,103G Scl,7.67
104,Scl,8130,193059,,,104G Scl,7.48
105,Scl,8294,193070,,,105G Scl,7.1
106,Scl,8351,193072,,,106G Scl,6.8
107,Scl,8410,193079,,,107G Scl,6.8
108,Scl,8474,193087,,,108G Scl,6.9
109,Scl,8498,193090,,,109G Scl,5.84
110,Scl,8581,193096,,,110G Scl,6.86
111,Scl,8629,193101,,,111G Scl,6.7
,,8832,193116,,,112G Scl,7.5
112,Scl,8887,193123,,,112G Scl,6.7
113,Scl,8879,193122,,R,113G Scl,5.77
114,Scl,9065,193136,,WZ,114G Scl,6.58
115,Scl,9151,167087,,,115G Scl,6.5
116,Scl,9228,167093,,,116G Scl,5.93
117,Scl,9349,193161,,,117G Scl,6.62
118,Scl,9377,193163,,,118G Scl,5.82
119,Scl,9525,193173,,,119G Scl,5.51
120,Scl,9742,193188,,,120G Scl,6.12
121,Scl,9906,193201,,\tau,121G Scl,5.69
122,Scl,10142,193224,,,122G Scl,5.89
123,Scl,10161,167199,,,123G Scl,6.69
124,Scl,10209,167202,,,124G Scl,7.41
125,Scl,10216,193229,,,125G Scl,6.6
126,Scl,10447,193253,,,126G Scl,7.2
127,Scl,10481,193255,,,127G Scl,6.17
128,Scl,10537,193263,,\pi,128G Scl,5.25
129,Scl,10538,193261,,,129G Scl,5.72
130,Scl,10762,193280,,,130G Scl,6.9
131,Scl,10830,167275,,\epsilon,131G Scl,5.31
1,Sct,169009,161412,,,1G Sct,6.33
2,Sct,169033,161415,,,2G Sct,5.73
3,Sct,169156,142267,,\zeta,3G Sct,4.68
4,Sct,169370,142288,,,4G Sct,6.31
5,Sct,169913,142326,,,5G Sct,6.5
6,Sct,170296,161520,,\gamma,6G Sct,4.68
7,Sct,170397,161528,,,7G Sct,5.96
8,Sct,170547,142353,,,8G Sct,6.28
9,Sct,170740,161569,,,9G Sct,5.72
10,Sct,170975,161587,,,10G Sct,5.5
11,Sct,171130,161605,,,11G Sct,5.76
12,Sct,171149,142386,,,12G Sct,6.36
13,Sct,171391,161632,,,13G Sct,5.14
14,Sct,171443,142408,,\alpha,14G Sct,3.85
15,Sct,171957,161687,,,15G Sct,6.47
16,Sct,171954,142446,,,16G Sct,6.7
17,Sct,172348,142480,,,17G Sct,5.84
18,Sct,172594,161730,,,18G Sct,6.42
19,Sct,172748,142515,,\delta,19G Sct,4.72
20,Sct,172831,142525,,,20G Sct,6.15
21,Sct,173009,142546,,\epsilon,21G Sct,4.9
22,Sct,173093,142557,,,22G Sct,6.31
23,Sct,173638,161817,,,23G Sct,5.71
24,Sct,173764,142618,,\beta,24G Sct,4.2
25,Sct,173819,142620,,R,25G Sct,4.45
26,Sct,174005,142640,,,26G Sct,6.52
27,Sct,174208,142661,,,27G Sct,5.99
,,174209,142662,,,27G Sct,8.1
28,Sct,174328,161893,,,28G Sct,6.4
29,Sct,174464,142692,,,29G Sct,5.83
30,Sct,,,,M11,30G Sct,5.8
31,Sct,174866,142741,,,31G Sct,6.34
32,Sct,175156,161964,,,32G Sct,5.1
33,Sct,175751,142838,,\eta,33G Sct,4.83
1,Ser,135204,140392,,,1G SerCap,6.6
2,Ser,135482,120916,3,,2G SerCap,5.33
3,Ser,135559,120920,4,,3G SerCap,5.7
4,Ser,135615,120923,,,4G SerCap,6.6
5,Ser,136027,120938,,,5G SerCap,6.6
6,Ser,136028,140444,,,6G SerCap,5.89
7,Ser,,,,M5,7G SerCap,5.75
8,Ser,136118,140452,,,8G SerCap,7.03
9,Ser,136202,120946,5,MQ,9G SerCap,5.1
10,Ser,136442,140473,,,10G SerCap,6.35
11,Ser,136514,120955,6,,11G SerCap,5.35
12,Ser,137006,140502,8,,12G SerCap,6.12
13,Ser,137898,121020,10,,13G SerCap,5.17
14,Ser,138290,121038,,,14G SerCap,6.57
15,Ser,138562,140596,11,A1,15G SerCap,5.51
16,Ser,138833,121067,,,16G SerCap,7.0
17,Ser,138936,121071,,,17G SerCap,6.56
18,Ser,139044,121081,,,18G SerCap,6.7
19,Ser,139137,140643,14,,19G SerCap,6.51
20,Ser,140538,121152,23,\psi,20G SerCap,5.88
21,Ser,140573,121157,24,\alpha,21G SerCap,2.65
22,Ser,140775,121170,,,22G SerCap,5.58
23,Ser,140815,121173,,,23G SerCap,6.33
24,Ser,140873,140740,25,A2,24G SerCap,5.39
25,Ser,141004,121186,27,\lambda,25G SerCap,4.43
26,Ser,141103,140761,,,26G SerCap,7.23
27,Ser,141513,140787,32,\mu,27G SerCap,3.53
28,Ser,141680,121215,34,\omega,28G SerCap,5.23
29,Ser,141795,121218,37,\epsilon,29G SerCap,3.71
30,Ser,141851,140801,36,b,30G SerCap,5.1
31,Ser,142443,121248,,,31G SerCap,7.0
,,142478,121251,,,31G SerCap,7.6
32,Ser,142500,121254,40,,32G SerCap,6.29
33,Ser,142661,140842,,,33G SerCap,6.6
34,Ser,143553,121315,,,34G SerCap,5.83
35,Ser,144046,121339,43,,35G SerCap,6.08
,,144151,121344,,,35G SerCap,7.9
,,144171,121349,,,35G SerCap,7.0
36,Ser,144172,121350,,,36G SerCap,7.04
37,Ser,144271,140938,,,37G SerCap,6.9
38,Ser,144426,121361,,,38G SerCap,6.29
39,Ser,145002,121383,47,,39G SerCap,5.73
40,Ser,145050,121385,,,40G SerCap,6.45
41,Ser,145085,121390,,,41G SerCap,5.91
42,Ser,145148,121392,,,42G SerCap,5.94
43,Ser,145206,141001,,,43G SerCap,5.37
44,Ser,145316,121403,,,44G SerCap,6.5
45,Ser,145936,141040,,,45G SerCap,6.5
46,Ser,146102,121445,,,46G SerCap,7.08
47,Ser,146433,141069,,,47G SerCap,6.9
48,Ser,146740,121478,,,48G SerCap,6.5
49,Ser,147449,121540,50,\sigma,49G SerCap,4.8
1,Ser,156928,160479,53,\nu,1G SerCau,4.33
2,Ser,156971,160482,,,2G SerCau,6.46
3,Ser,157379,160515,,,3G SerCau,6.63
4,Ser,157969,160554,,,4G SerCau,6.5
5,Ser,157968,160553,,,5G SerCau,6.21
6,Ser,159358,160653,,,6G SerCau,5.55
7,Ser,159415,160660,,,7G SerCau,6.8
8,Ser,159876,160700,55,\xi,8G SerCau,3.5
9,Ser,159877,160701,,,9G SerCau,5.94
10,Ser,160018,160708,,,10G SerCau,5.75
11,Ser,160613,160747,56,\omicron,11G SerCau,4.26
12,Ser,161023,160784,,,12G SerCau,6.39
13,Ser,161701,160822,,,13G SerCau,5.94
14,Ser,162757,160885,,,14G SerCau,6.18
15,Ser,162956,160896,,,15G SerCau,6.6
16,Ser,163336,160915,,,16G SerCau,5.89
17,Ser,164259,142025,57,\zeta,17G SerCau,4.62
18,Ser,164674,142043,,,18G SerCau,6.72
19,Ser,165402,142083,,,19G SerCau,5.85
20,Ser,165438,142085,,,20G SerCau,5.77
21,Ser,165462,142084,,,21G SerCau,6.34
22,Ser,165610,142092,,,22G SerCau,6.91
23,Ser,165965,142115,,,23G SerCau,6.8
24,Ser,166103,161125,,,24G SerCau,6.39
25,Ser,166563,142140,,,25G SerCau,6.7
26,Ser,166960,142159,,,26G SerCau,6.59
27,Ser,167564,142185,,,27G SerCau,6.35
28,Ser,167768,142189,,,28G SerCau,6.0
29,Ser,167833,142192,,,29G SerCau,6.31
30,Ser,167971,161292,,,30G SerCau,7.5
31,Ser,,,,M16,31G SerCau,
32,Ser,168415,161348,,,32G SerCau,5.39
33,Ser,168459,142229,,,33G SerCau,6.5
34,Ser,168723,142241,58,\eta,34G SerCau,3.26
35,Ser,168797,123385,,,35G SerCau,6.13
36,Ser,169268,142274,,,36G SerCau,6.38
37,Ser,169493,142294,,,37G SerCau,6.15
38,Ser,169578,123453,,,38G SerCau,6.74
39,Ser,169689,123462,,,39G SerCau,5.65
40,Ser,169725,123471,,,40G SerCau,6.9
41,Ser,169985,123497,59,d,41G SerCau,5.21
42,Ser,,,,NGC6633,42G SerCau,4.6
43,Ser,170137,123513,,,43G SerCau,6.07
44,Ser,170200,123516,,,44G SerCau,5.73
45,Ser,170474,142348,60,c,45G SerCau,5.39
46,Ser,170580,123571,,,46G SerCau,6.7
47,Ser,170699,123585,,,47G SerCau,6.8
48,Ser,170920,142372,61,,48G SerCau,5.94
49,Ser,170973,123610,,,49G SerCau,6.43
50,Ser,171247,123634,,,50G SerCau,6.42
51,Ser,171586,123673,,,51G SerCau,6.46
52,Ser,171802,123690,,,52G SerCau,5.39
53,Ser,171834,123693,,,53G SerCau,5.45
54,Ser,171852,123697,,,54G SerCau,6.5
55,Ser,171888,123699,,,55G SerCau,7.02
56,Ser,171917,142439,,,56G SerCau,6.6
57,Ser,171978,142444,,e,57G SerCau,5.75
58,Ser,172013,142452,,,58G SerCau,7.0
59,Ser,172046,123726,,,59G SerCau,6.69
60,Ser,172088,142461,,,60G SerCau,6.49
61,Ser,172103,142460,,,61G SerCau,6.66
62,Ser,172190,123756,,,62G SerCau,6.72
63,Ser,172365,123778,,,63G SerCau,6.38
64,Ser,172424,123782,,,64G SerCau,6.28
,,172401,123779,,,64G SerCau,6.99
,,172522,123793,,,64G SerCau,6.92
,,172588,123802,,,64G SerCau,7.23
65,Ser,172654,142508,,,65G SerCau,6.8
66,Ser,173495,123886,,,66G SerCau,5.83
67,Ser,173954,123928,,,67G SerCau,6.21
68,Ser,174487,123962,,,68G SerCau,6.86
69,Ser,175515,124050,62,,69G SerCau,5.57
70,Ser,175580,124060,,,70G SerCau,6.7
71,Ser,175638,124068,63,\theta1,71G SerCau,4.62
72,Ser,175639,124070,63,\theta2,72G SerCau,4.98
73,Ser,175679,124073,,,73G SerCau,6.15
74,Ser,175869,124089,64,,74G SerCau,5.57
1,Sex,84607,117901,,,1G Sex,5.6
2,Sex,84751,155473,,,2G Sex,7.1
3,Sex,84768,155476,,,3G Sex,7.11
4,Sex,84882,137142,3,,4G Sex,7.1
5,Sex,84984,137151,,,5G Sex,6.7
6,Sex,85055,137157,,,6G Sex,6.9
7,Sex,85217,117937,4,,7G Sex,6.2
8,Sex,85364,137183,6,,8G Sex,6.01
9,Sex,85380,137185,,,9G Sex,6.42
10,Sex,85461,155545,,,10G Sex,6.52
11,Sex,85504,117959,7,,11G Sex,6.02
12,Sex,85505,117960,,,12G Sex,6.35
13,Sex,85558,137199,8,\gamma,13G Sex,5.05
14,Sex,85709,117975,,,14G Sex,5.95
15,Sex,85690,137206,,,15G Sex,7.1
16,Sex,85762,117980,9,,16G Sex,7.0
17,Sex,86029,137234,,,17G Sex,6.5
18,Sex,86082,137237,,,18G Sex,6.72
19,Sex,86147,118006,,,19G Sex,6.8
20,Sex,86341,137256,,,20G Sex,6.7
21,Sex,86611,118041,12,,21G Sex,6.7
22,Sex,87095,137312,,,22G Sex,7.0
23,Sex,87262,137326,,,23G Sex,6.12
24,Sex,87301,118086,13,,24G Sex,6.45
25,Sex,87682,118111,14,,25G Sex,6.21
,,87807,137360,,,26G Sex,7.5
26,Sex,87855,137364,,,26G Sex,6.62
27,Sex,87887,137366,15,\alpha,27G Sex,4.49
28,Sex,87974,118131,,,28G Sex,6.5
29,Sex,88024,155765,,,29G Sex,6.54
30,Sex,88048,118135,16,,30G Sex,6.8
31,Sex,88195,137385,17,,31G Sex,5.91
32,Sex,88333,137395,18,,32G Sex,5.65
33,Sex,88372,137400,,,33G Sex,6.25
34,Sex,88547,118164,19,,34G Sex,5.77
35,Sex,89033,155855,,,35G Sex,6.08
36,Sex,89254,137469,22,\epsilon,36G Sex,5.24
37,Sex,89490,137490,,,37G Sex,6.37
,,89507,137493,,,37G Sex,7.6
38,Sex,89565,137495,,,38G Sex,6.32
39,Sex,89688,118248,23,,39G Sex,6.68
,,89669,137505,,,40G Sex,7.0
40,Sex,89720,137509,,,40G Sex,6.9
41,Sex,89995,118271,,,41G Sex,6.54
42,Sex,90043,137532,24,,42G Sex,6.6
43,Sex,90044,137533,25,,43G Sex,5.97
44,Sex,90057,137534,,,44G Sex,6.6
45,Sex,90125,118278,,,45G Sex,6.32
46,Sex,90155,118281,,,46G Sex,6.6
47,Sex,90362,137557,,,47G Sex,5.57
48,Sex,90361,118296,,,48G Sex,6.8
49,Sex,90386,118299,,,49G Sex,6.6
50,Sex,90430,137563,,,50G Sex,6.9
51,Sex,90473,137565,26,,51G Sex,6.31
52,Sex,90485,137567,27,,52G Sex,6.54
53,Sex,90763,137591,,,53G Sex,6.04
54,Sex,90882,137600,29,\delta,54G Sex,5.21
55,Sex,90905,118333,,,55G Sex,6.85
56,Sex,90994,137608,30,\beta,56G Sex,5.09
57,Sex,91011,118341,31,,57G Sex,6.99
58,Sex,91106,137614,,,58G Sex,6.2
59,Sex,91165,118347,,,59G Sex,6.5
60,Sex,91318,137628,,,60G Sex,6.8
61,Sex,91638,137653,,,61G Sex,6.62
62,Sex,91657,118381,,,62G Sex,6.6
63,Sex,91858,156092,,,63G Sex,6.57
64,Sex,91962,137678,,,64G Sex,7.03
65,Sex,92588,137728,33,,65G Sex,6.26
66,Sex,92749,118443,34,,66G Sex,6.6
67,Sex,92753,137739,,,67G Sex,6.9
68,Sex,92841,118449,35,,68G Sex,5.79
69,Sex,93102,118473,36,,69G Sex,6.28
70,Sex,93655,137800,,,70G Sex,5.93
71,Sex,93704,137805,39,,71G Sex,7.1
72,Sex,93742,137808,40,,72G Sex,6.61
73,Sex,93833,137815,,,73G Sex,5.86
74,Sex,93903,137823,41,,74G Sex,5.8
75,Sex,94014,137834,,,75G Sex,5.95
1,Tau,21018,111161,,,1G Tau,6.38
2,Tau,21032,111162,,,2G Tau,6.48
3,Tau,21120,111172,1,\omicron,3G Tau,3.6
4,Tau,21364,111195,2,\xi,4G Tau,3.73
5,Tau,21585,111215,,,5G Tau,6.5
6,Tau,21755,111230,,,6G Tau,5.94
7,Tau,21822,130537,,,7G Tau,6.6
8,Tau,21933,111246,6,t,8G Tau,5.76
9,Tau,22211,111273,,,9G Tau,6.49
10,Tau,22468,111291,,,10G Tau,5.71
11,Tau,22484,111292,10,,11G Tau,4.28
,,22653,111314,,,12G Tau,8.0
12,Tau,22686,111318,,,12G Tau,7.1
13,Tau,22796,111334,12,,13G Tau,5.57
14,Tau,22819,130645,,,14G Tau,6.12
15,Tau,22878,111340,,,15G Tau,6.7
16,Tau,23412,111393,,,16G Tau,6.71
17,Tau,23466,111400,29,u,17G Tau,5.35
18,Tau,23526,111407,,,18G Tau,5.91
19,Tau,23841,111430,,,19G Tau,6.69
20,Tau,24133,111453,,,20G Tau,6.6
,,24181,111460,,,20G Tau,7.8
21,Tau,24263,111469,31,,21G Tau,5.67
22,Tau,24400,111476,,X,22G Tau,7.3
23,Tau,24456,111480,,,23G Tau,6.7
24,Tau,24817,111516,,,24G Tau,6.09
25,Tau,25102,93710,,,25G Tau,6.4
26,Tau,25330,111566,,,26G Tau,5.67
27,Tau,25412,111573,,,27G Tau,6.9
28,Tau,25463,111577,,,28G Tau,6.85
29,Tau,25477,111578,,,29G Tau,6.9
30,Tau,25490,111579,38,\nu,30G Tau,3.91
,,25521,111580,,,31G Tau,7.1
31,Tau,25520,111581,,,31G Tau,7.3
32,Tau,25558,111585,40,,32G Tau,5.32
33,Tau,25570,111586,,,33G Tau,5.5
34,Tau,25621,111590,,,34G Tau,5.36
35,Tau,25800,111597,,,35G Tau,6.7
36,Tau,26256,111631,,,36G Tau,6.8
37,Tau,26292,111634,,,37G Tau,6.5
38,Tau,26462,111648,45,,38G Tau,5.7
39,Tau,26677,111671,,,39G Tau,6.51
40,Tau,26676,93821,,,40G Tau,6.23
41,Tau,26690,111672,46,,41G Tau,5.29
42,Tau,26722,111674,47,,42G Tau,4.84
43,Tau,26793,111680,,,43G Tau,5.22
44,Tau,26912,111696,49,\mu,44G Tau,4.27
,,26913,111695,,,45G Tau,6.93
45,Tau,26923,111698,,,45G Tau,6.3
46,Tau,27236,111729,,,46G Tau,6.54
47,Tau,27386,93866,,,47G Tau,6.31
48,Tau,27505,111759,,,48G Tau,6.53
49,Tau,27497,111756,,,49G Tau,5.77
50,Tau,27820,111791,66,r,50G Tau,5.12
51,Tau,28114,111817,,,51G Tau,6.08
52,Tau,28191,111827,,,52G Tau,6.23
53,Tau,28322,111840,,,53G Tau,6.15
54,Tau,28375,111845,,,54G Tau,5.54
55,Tau,28505,93971,,,55G Tau,6.52
56,Tau,28630,111863,,,56G Tau,7.0
57,Tau,28715,111876,,,57G Tau,6.7
58,Tau,28736,111879,,,58G Tau,6.4
59,Tau,28930,111890,,,59G Tau,6.01
60,Tau,28978,111896,,,60G Tau,5.69
61,Tau,29140,94026,88,d,61G Tau,4.25
62,Tau,29335,111928,,,62G Tau,5.31
63,Tau,29499,111954,,,63G Tau,5.4
64,Tau,29819,111989,,,64G Tau,6.74
1,Tel,165987,245300,,,1G Tel,7.2
,,166026,245304,,,1G Tel,7.6
2,Tel,166006,228774,,,2G Tel,6.07
3,Tel,166063,228777,,\epsilon,3G Tel,4.53
4,Tel,166376,245320,,,4G Tel,6.7
5,Tel,166949,228845,,,5G Tel,6.7
6,Tel,167128,245369,,,6G Tel,5.33
7,Tel,167257,245372,,,7G Tel,6.06
8,Tel,167956,228910,,,8G Tel,6.7
9,Tel,168871,228983,,,9G Tel,6.47
10,Tel,169058,245461,,,10G Tel,7.1
11,Tel,169349,245482,,,11G Tel,7.3
12,Tel,169405,229021,,,12G Tel,5.46
13,Tel,169467,229023,,\alpha,13G Tel,3.5
14,Tel,169767,229047,,\zeta,14G Tel,4.13
15,Tel,170069,229064,,,15G Tel,5.7
16,Tel,170465,229092,,\delta1,16G Tel,4.93
17,Tel,170523,229095,,\delta2,17G Tel,5.07
18,Tel,170806,245556,,,18G Tel,6.7
19,Tel,170873,245559,,,19G Tel,6.22
20,Tel,171502,229148,,,20G Tel,6.9
21,Tel,171648,229162,,,21G Tel,6.5
22,Tel,171819,229165,,,22G Tel,5.85
23,Tel,172128,229184,,,23G Tel,6.8
24,Tel,172181,245637,,,24G Tel,6.6
25,Tel,172223,229194,,,25G Tel,6.49
26,Tel,172416,229208,,,26G Tel,6.7
27,Tel,172995,229248,,,27G Tel,7.0
28,Tel,173047,245693,,,28G Tel,6.4
29,Tel,173263,245702,,,29G Tel,6.54
30,Tel,173791,229306,,,30G Tel,5.81
31,Tel,174295,245772,,\kappa,31G Tel,5.17
32,Tel,174430,245783,,,32G Tel,6.31
33,Tel,174387,229336,,,33G Tel,5.54
34,Tel,174500,229343,,,34G Tel,6.19
35,Tel,174474,229342,,,35G Tel,6.19
36,Tel,174691,229354,,,36G Tel,7.1
,,174713,229356,,,36G Tel,7.2
37,Tel,174730,229358,,,37G Tel,6.59
38,Tel,174851,245809,,,38G Tel,6.8
39,Tel,174779,229359,,,39G Tel,6.65
40,Tel,175145,229384,,,40G Tel,6.7
41,Tel,175510,245834,,\lambda,41G Tel,4.87
42,Tel,175674,229410,,,42G Tel,6.65
43,Tel,176664,245899,,,43G Tel,5.93
44,Tel,176862,229472,,,44G Tel,6.6
45,Tel,177171,245921,,\rho,45G Tel,5.16
46,Tel,177365,245925,,,46G Tel,6.31
47,Tel,177406,229493,,,47G Tel,5.97
48,Tel,177693,245937,,,48G Tel,6.49
,,178710,245968,,,48G Tel,8.5
,,178734,245970,,,48G Tel,7.05
49,Tel,178845,245976,,,49G Tel,6.13
50,Tel,179775,246003,,,50G Tel,6.77
51,Tel,179886,229584,,,51G Tel,5.4
52,Tel,180134,246017,,,52G Tel,6.38
53,Tel,180183,246019,,,53G Tel,6.82
54,Tel,180575,246028,,,54G Tel,6.59
55,Tel,181296,246055,,\eta,55G Tel,5.05
56,Tel,181295,246053,,,56G Tel,6.4
57,Tel,181517,246065,,,57G Tel,6.6
58,Tel,182215,229672,,,58G Tel,6.6
59,Tel,182509,246110,,,59G Tel,5.69
60,Tel,182893,246125,,,60G Tel,6.13
61,Tel,183028,246131,,\mu,61G Tel,6.3
62,Tel,183552,246151,,,62G Tel,5.75
63,Tel,183806,229741,,,63G Tel,5.61
64,Tel,184127,229751,,\iota,64G Tel,4.9
65,Tel,185075,246204,,,65G Tel,6.26
66,Tel,185139,229800,,,66G Tel,6.26
67,Tel,186543,246271,,\nu,67G Tel,5.35
68,Tel,186756,246277,,,68G Tel,6.25
69,Tel,187086,229887,,,69G Tel,5.94
70,Tel,187294,246305,,,70G Tel,6.8
71,Tel,187420,246311,,,71G Tel,5.74
72,Tel,187421,246312,,,72G Tel,6.5
73,Tel,188986,246379,,,73G Tel,6.7
74,Tel,189080,229973,,,74G Tel,6.17
75,Tel,189307,229991,,,75G Tel,6.96
76,Tel,189563,230002,,,76G Tel,6.58
77,Tel,190422,246444,,,77G Tel,6.26
78,Tel,190421,246443,,\xi,78G Tel,4.94
79,Tel,190879,230067,,,79G Tel,6.47
80,Tel,191732,230106,,,80G Tel,6.5
81,Tel,191829,246495,,,81G Tel,5.65
82,Tel,192530,246517,,,82G Tel,6.6
83,Tel,192827,230144,,,83G Tel,6.31
84,Tel,192886,230150,,,84G Tel,6.13
85,Tel,193002,246535,,,85G Tel,6.27
,,193177,246542,,,86G Tel,7.4
86,Tel,193307,246546,,,86G Tel,6.28
87,Tel,194188,230199,,,87G Tel,6.74
1,TrA,133638,253029,,T,1G TrA,6.85
2,TrA,133683,253031,,,2G TrA,5.77
3,TrA,134453,253062,,X,3G TrA,5.81
4,TrA,134735,257258,,,4G TrA,6.8
5,TrA,135382,253097,,\gamma,5G TrA,2.9
6,TrA,135592,253107,,R,6G TrA,6.35
7,TrA,135737,253115,,,7G TrA,6.28
8,TrA,136672,253155,,,8G TrA,5.89
9,TrA,137066,253174,,,9G TrA,5.71
10,TrA,138498,253222,,,10G TrA,6.51
11,TrA,138538,253226,,\epsilon,11G TrA,4.11
12,TrA,138965,257308,,,12G TrA,6.44
,,139508,257312,,,12G TrA,7.7
13,TrA,140483,253297,,,13G TrA,6.5
14,TrA,141413,253323,,,14G TrA,6.55
15,TrA,141585,253328,,,15G TrA,6.19
16,TrA,141767,253342,,\kappa,16G TrA,5.09
17,TrA,141891,253346,,\beta,17G TrA,2.85
18,TrA,141913,253344,,,18G TrA,6.15
19,TrA,142139,253353,,,19G TrA,5.76
20,TrA,142514,253362,,\lambda,20G TrA,5.75
21,TrA,142941,253377,,S,21G TrA,6.41
22,TrA,143238,253390,,,22G TrA,6.26
23,TrA,143448,253406,,,23G TrA,7.29
24,TrA,144481,253444,,,24G TrA,6.49
,,144596,253446,,,24G TrA,7.45
25,TrA,145544,253474,,\delta,25G TrA,3.8
26,TrA,145689,253481,,,26G TrA,5.75
27,TrA,146349,253500,,,27G TrA,6.71
28,TrA,146827,253522,,,28G TrA,6.9
29,TrA,147349,253539,,,29G TrA,6.15
30,TrA,147465,253549,,,30G TrA,6.8
31,TrA,147584,253554,,\zeta,31G TrA,4.91
32,TrA,147787,253555,,\iota,32G TrA,5.27
33,TrA,148291,253582,,,33G TrA,5.2
34,TrA,148359,253586,,,34G TrA,6.8
35,TrA,148890,253614,,\theta,35G TrA,5.52
36,TrA,148976,253618,,,36G TrA,7.2
,,148992,,,,36G TrA,7.4
37,TrA,149671,253649,,\eta1,37G TrA,5.91
38,TrA,150026,253673,,,38G TrA,6.03
39,TrA,150097,253672,,,39G TrA,6.1
40,TrA,150550,253689,,\eta2,40G TrA,6.7
41,TrA,150549,253688,,,41G TrA,5.12
42,TrA,150798,253700,,\alpha,42G TrA,1.92
43,TrA,151404,253718,,,43G TrA,6.32
44,TrA,151441,253717,,,44G TrA,6.13
45,TrA,152564,253756,,,45G TrA,5.79
46,TrA,154140,253810,,,46G TrA,6.5
1,Tuc,211299,255187,,,1G Tuc,7.0
2,Tuc,211416,255193,,\alpha,2G Tuc,2.86
3,Tuc,211729,255205,,,3G Tuc,6.7
4,Tuc,211726,247410,,,4G Tuc,6.34
5,Tuc,212330,247441,,,5G Tuc,5.31
6,Tuc,212581,255222,,\delta,6G Tuc,4.5
7,Tuc,212661,247451,,,7G Tuc,6.8
,,212709,247453,,,7G Tuc,7.9
8,Tuc,213442,255247,,\nu,8G Tuc,4.81
9,Tuc,213884,247505,,,9G Tuc,6.23
10,Tuc,214632,247544,,,10G Tuc,5.97
11,Tuc,215121,255299,,,11G Tuc,6.29
12,Tuc,215131,255300,,,12G Tuc,7.0
13,Tuc,215158,255301,,,13G Tuc,6.8
14,Tuc,215562,255316,,,14G Tuc,6.4
15,Tuc,215682,255321,,,15G Tuc,6.37
16,Tuc,215769,255324,,,16G Tuc,6.5
17,Tuc,216169,255336,,,17G Tuc,6.46
,,216043,255333,,,18G Tuc,7.6
18,Tuc,216187,255339,,,18G Tuc,6.12
,,216272,255344,,,18G Tuc,7.5
19,Tuc,216910,247657,,,19G Tuc,6.7
20,Tuc,217155,255370,,,20G Tuc,7.2
21,Tuc,217346,247681,,,21G Tuc,7.0
22,Tuc,218631,255421,,,22G Tuc,6.6
23,Tuc,219077,255435,,,23G Tuc,6.12
24,Tuc,219301,247798,,,24G Tuc,6.8
25,Tuc,219482,255446,,,25G Tuc,5.66
26,Tuc,219571,247814,,\gamma,26G Tuc,3.99
,,219621,255452,,,27G Tuc,7.4
27,Tuc,219631,255453,,,27G Tuc,6.9
28,Tuc,220263,255474,,,28G Tuc,6.09
29,Tuc,220572,247867,,,29G Tuc,5.59
30,Tuc,220759,255486,,,30G Tuc,6.45
31,Tuc,220780,255488,,,31G Tuc,6.9
,,220757,247878,,,32G Tuc,7.1
32,Tuc,220790,247882,,,32G Tuc,5.63
33,Tuc,221006,255497,,,33G Tuc,5.68
34,Tuc,222167,255531,,,34G Tuc,6.62
35,Tuc,222805,258178,,,35G Tuc,6.07
36,Tuc,222820,255557,,,36G Tuc,5.72
,,222830,255558,,,36G Tuc,6.9
37,Tuc,223148,255567,,,37G Tuc,6.89
38,Tuc,223226,255571,,,38G Tuc,6.5
39,Tuc,223400,255576,,,39G Tuc,7.1
40,Tuc,223444,255578,,,40G Tuc,6.59
41,Tuc,223913,255594,,,41G Tuc,6.6
,,224213,255603,,,42G Tuc,7.1
42,Tuc,224361,255606,,,42G Tuc,5.96
,,224472,255612,,,42G Tuc,6.9
43,Tuc,224392,255609,,\eta,43G Tuc,5.0
44,Tuc,224686,255619,,\epsilon,44G Tuc,4.5
45,Tuc,225253,255631,,,45G Tuc,5.59
46,Tuc,565,248130,,,46G Tuc,6.3
47,Tuc,661,255642,,,47G Tuc,6.64
48,Tuc,1022,248139,,,48G Tuc,6.5
49,Tuc,1581,248163,,\zeta,49G Tuc,4.2
50,Tuc,1685,248167,,\pi,50G Tuc,5.51
51,Tuc,,,,\xi,51G Tuc,4.03
52,Tuc,2884,248201,,\beta1,52G Tuc,4.4
53,Tuc,2885,248202,,\beta2,53G Tuc,4.54
54,Tuc,3003,248208,,\beta3,54G Tuc,5.08
55,Tuc,3112,255679,,\theta,55G Tuc,6.09
56,Tuc,3375,232105,,,56G Tuc,6.9
57,Tuc,3444,248225,,,57G Tuc,6.42
58,Tuc,3698,232134,,,58G Tuc,6.8
59,Tuc,3719,255690,,,59G Tuc,6.87
60,Tuc,3823,232143,,,60G Tuc,5.88
61,Tuc,4088,248238,,,61G Tuc,5.98
62,Tuc,4089,248237,,\rho,62G Tuc,5.38
63,Tuc,4125,248239,,,63G Tuc,7.0
64,Tuc,4294,248243,,,64G Tuc,6.06
65,Tuc,4308,248244,,,65G Tuc,6.54
66,Tuc,5028,255713,,,66G Tuc,6.86
67,Tuc,5168,248270,,,67G Tuc,7.0
68,Tuc,5190,248269,,\lambda1,68G Tuc,6.22
69,Tuc,5276,248276,,,69G Tuc,5.7
70,Tuc,5457,248281,,\lambda2,70G Tuc,5.45
71,Tuc,5499,255721,,,71G Tuc,6.69
72,Tuc,5771,248293,,,72G Tuc,6.24
73,Tuc,6107,248301,,,73G Tuc,6.9
74,Tuc,6311,248308,,,74G Tuc,6.21
,,6334,248309,,,74G Tuc,6.82
75,Tuc,,,,NGC362,75G Tuc,6.58
76,Tuc,6793,248324,,\iota,76G Tuc,5.37
,,6870,248325,,,76G Tuc,7.45
77,Tuc,7187,255748,,,77G Tuc,7.15
,,7693,248342,,,78G Tuc,7.22
78,Tuc,7788,248346,,\kappa,78G Tuc,4.86
79,Tuc,7858,248347,,,79G Tuc,7.0
80,Tuc,7916,248350,,,80G Tuc,6.24
81,Tuc,8437,248369,,,81G Tuc,6.9
1,Vel,67249,235730,,,1G Vel,5.95
2,Vel,67341,219400,,,2G Vel,6.19
3,Vel,67582,219422,,,3G Vel,5.05
4,Vel,67621,219427,,,4G Vel,6.34
5,Vel,67847,219451,,,5G Vel,6.6
6,Vel,68161,219493,,,6G Vel,5.7
7,Vel,68217,219502,,,7G Vel,5.21
8,Vel,68243,219501,,\gamma1,8G Vel,4.27
9,Vel,68273,219504,,\gamma2,9G Vel,1.8
,,,219505,,,9G Vel,9.5
10,Vel,68324,219515,,,10G Vel,5.23
11,Vel,68478,219538,,,11G Vel,6.5
,,68496,219541,,,11G Vel,7.9
,,68608,219559,,,11G Vel,7.89
12,Vel,68657,219565,,,12G Vel,5.82
13,Vel,68808,219587,,,13G Vel,5.76
14,Vel,68895,219602,,,14G Vel,6.03
15,Vel,69144,219629,,,15G Vel,5.1
16,Vel,69194,235819,,,16G Vel,5.51
17,Vel,69302,219657,,,17G Vel,5.83
18,Vel,69168,219631,,,18G Vel,6.47
19,Vel,69404,219674,,,19G Vel,6.37
20,Vel,69596,235838,,,20G Vel,6.44
21,Vel,69650,219696,,,21G Vel,6.7
22,Vel,69655,235839,,,22G Vel,6.63
23,Vel,70309,219785,,,23G Vel,6.45
24,Vel,70510,235888,,,24G Vel,6.7
25,Vel,70703,235908,,,25G Vel,6.5
26,Vel,70930,219848,,B,26G Vel,4.82
27,Vel,71043,235933,,,27G Vel,5.85
28,Vel,71510,235962,,,28G Vel,5.17
29,Vel,71722,235976,,,29G Vel,6.05
,,71805,235988,,,29G Vel,6.5
30,Vel,71935,236002,,F,30G Vel,5.09
31,Vel,72014,219977,,,31G Vel,6.28
32,Vel,72067,219982,,,32G Vel,5.79
33,Vel,72108,219985,,A,33G Vel,5.33
34,Vel,72127,219996,,,34G Vel,4.99
35,Vel,72232,220007,,,35G Vel,5.99
36,Vel,72350,220025,,,36G Vel,6.3
,,72384,199324,,,37G Vel,7.4
37,Vel,72436,199329,,,37G Vel,6.52
,,72514,199340,,,37G Vel,7.6
38,Vel,72485,220039,,,38G Vel,6.39
39,Vel,72737,236062,,,39G Vel,5.69
40,Vel,72787,199363,,,40G Vel,6.49
41,Vel,72798,220086,,,41G Vel,6.45
42,Vel,72832,199370,,,42G Vel,5.94
,,72752,220080,,,43G Vel,6.49
43,Vel,72900,220103,,,43G Vel,6.24
44,Vel,72993,199389,,,44G Vel,6.3
45,Vel,73127,236093,,,45G Vel,6.59
46,Vel,73155,220138,,C,46G Vel,5.01
47,Vel,73340,236110,,E,47G Vel,5.8
48,Vel,73634,220204,,e,48G Vel,4.1
49,Vel,73952,236142,,,49G Vel,6.47
50,Vel,74067,220252,,,50G Vel,5.2
51,Vel,74071,236151,,,51G Vel,5.48
,,74104,220256,,,51G Vel,7.73
,,74105,220257,,,51G Vel,6.89
,,,220269,,,51G Vel,9.5
52,Vel,74167,220261,,,52G Vel,5.71
53,Vel,74180,220265,,b,53G Vel,3.88
54,Vel,74146,236157,,,54G Vel,5.19
55,Vel,74196,236165,,,55G Vel,5.61
56,Vel,74195,236164,,\omicron,56G Vel,3.63
57,Vel,74273,220282,,,57G Vel,5.9
58,Vel,74272,220284,,n,58G Vel,4.77
59,Vel,74371,220300,,,59G Vel,5.23
60,Vel,74455,220313,,,60G Vel,5.5
61,Vel,74535,236202,,,61G Vel,5.49
62,Vel,74560,236205,,,62G Vel,4.86
63,Vel,74753,220361,,D,63G Vel,5.16
64,Vel,74772,220371,,d,64G Vel,4.07
65,Vel,74956,236232,,\delta,65G Vel,1.95
66,Vel,75063,220422,,a,66G Vel,3.9
67,Vel,75081,220432,,,67G Vel,6.21
68,Vel,75149,220442,,,68G Vel,5.46
,,75272,199626,,,68G Vel,6.98
,,75271,199628,,,68G Vel,7.0
69,Vel,75276,220464,,,69G Vel,5.74
70,Vel,75289,220481,,,70G Vel,6.36
,,75126,220439,,,71G Vel,7.09
,,,220462,,,71G Vel,8.8
,,75258,220466,,,71G Vel,7.2
,,75290,220476,,,71G Vel,8.3
,,75346,220487,,,71G Vel,8.0
,,,220492,,,71G Vel,9.3
71,Vel,75387,220495,,,71G Vel,6.43
,,75446,220504,,,71G Vel,7.39
,,75477,220506,,,71G Vel,9.5
72,Vel,75426,220498,,,72G Vel,6.7
73,Vel,75466,236284,,,73G Vel,6.3
74,Vel,75630,220531,,h,74G Vel,5.48
75,Vel,75654,199682,,,75G Vel,6.39
76,Vel,75710,220540,,g,76G Vel,4.95
77,Vel,75759,220552,,,77G Vel,6.0
78,Vel,75821,220561,,f,78G Vel,5.1
79,Vel,75989,220592,,,79G Vel,6.49
80,Vel,76004,220591,,,80G Vel,6.38
81,Vel,76110,199737,,,81G Vel,5.82
82,Vel,76161,220609,,,82G Vel,5.9
83,Vel,76230,236362,,,83G Vel,6.39
84,Vel,76360,220636,,,84G Vel,5.33
85,Vel,76566,220664,,,85G Vel,6.26
86,Vel,76612,236400,,,86G Vel,7.3
87,Vel,76653,236405,,,87G Vel,5.71
88,Vel,76805,236417,,H,88G Vel,4.69
89,Vel,77020,220703,,,89G Vel,5.87
90,Vel,77140,220717,,,90G Vel,5.18
91,Vel,77258,220730,,w,91G Vel,4.4
92,Vel,77320,220738,,,92G Vel,6.07
,,77305,236476,,,92G Vel,7.2
,,77464,236495,,,92G Vel,6.7
93,Vel,77475,220760,,,93G Vel,5.6
94,Vel,77653,236518,,,94G Vel,5.23
95,Vel,77907,236542,,,95G Vel,6.41
96,Vel,78005,220802,,,96G Vel,6.44
97,Vel,78004,220803,,c,97G Vel,3.75
98,Vel,78133,220819,,,98G Vel,6.9
99,Vel,78548,236611,,,99G Vel,6.1
100,Vel,78647,220878,,\lambda,100G Vel,2.21
101,Vel,79025,220910,,,101G Vel,6.48
,,79072,220916,,,101G Vel,7.03
102,Vel,79091,236673,,,102G Vel,6.22
103,Vel,79186,220928,,,103G Vel,5.0
104,Vel,79241,200084,,,104G Vel,6.0
105,Vel,79275,220937,,,105G Vel,5.79
106,Vel,79416,220952,,,106G Vel,5.57
107,Vel,79387,236704,,,107G Vel,6.72
,,79446,236712,,,107G Vel,7.73
108,Vel,79523,200119,,,108G Vel,6.31
109,Vel,79524,220962,,,109G Vel,6.29
110,Vel,79621,220965,,,110G Vel,5.91
111,Vel,79694,220972,,,111G Vel,5.85
112,Vel,79735,220978,,z,112G Vel,5.25
113,Vel,79807,200152,,k1,113G Vel,5.86
114,Vel,79846,236749,,,114G Vel,5.27
115,Vel,79917,200159,,l,115G Vel,4.94
116,Vel,79900,220998,,,116G Vel,6.25
117,Vel,79940,200163,,k2,117G Vel,4.62
118,Vel,80108,221014,,,118G Vel,5.12
119,Vel,80057,221010,,,119G Vel,6.04
,,80205,221026,,,119G Vel,6.74
120,Vel,80170,200185,,,120G Vel,5.33
121,Vel,80435,236819,,,121G Vel,6.33
122,Vel,80456,236824,,K,122G Vel,5.27
123,Vel,80558,236837,,,123G Vel,5.87
124,Vel,80774,200257,,,124G Vel,6.05
125,Vel,80781,236851,,,125G Vel,6.3
126,Vel,81034,221103,,,126G Vel,5.58
127,Vel,81136,221109,,,127G Vel,5.75
128,Vel,81157,236887,,,128G Vel,5.62
129,Vel,81188,236891,,\kappa,129G Vel,2.5
130,Vel,81309,200320,,,130G Vel,6.48
131,Vel,81347,221126,,,131G Vel,6.28
132,Vel,81369,221131,,,132G Vel,6.22
133,Vel,81411,200330,,,133G Vel,6.06
134,Vel,81471,236930,,,134G Vel,6.07
135,Vel,81780,221167,,,135G Vel,6.19
136,Vel,81848,236972,,I,136G Vel,5.1
137,Vel,81921,221177,,,137G Vel,6.83
138,Vel,82109,221199,,,138G Vel,7.14
139,Vel,82224,221214,,,139G Vel,6.6
,,82207,221213,,,139G Vel,7.0
,,82241,221216,,,139G Vel,6.98
140,Vel,82434,221234,,\psi,140G Vel,3.6
141,Vel,82419,237042,,,141G Vel,5.45
142,Vel,82578,221246,,,142G Vel,6.54
143,Vel,82694,221262,,,143G Vel,5.35
144,Vel,82668,237067,,N,144G Vel,3.13
145,Vel,82984,221288,,,145G Vel,5.12
146,Vel,83058,237107,,L,146G Vel,5.0
147,Vel,83368,221339,,,147G Vel,6.17
148,Vel,83446,221344,,M,148G Vel,4.4
149,Vel,83465,237144,,,149G Vel,6.19
150,Vel,83520,237149,,,150G Vel,5.45
151,Vel,83548,221355,,y,151G Vel,5.5
152,Vel,84228,237237,,,152G Vel,6.0
153,Vel,84400,237260,,,153G Vel,6.15
154,Vel,84461,237268,,O,154G Vel,5.56
155,Vel,84552,221446,,,155G Vel,6.69
,,84712,221465,,,156G Vel,7.9
156,Vel,84774,221480,,,156G Vel,6.67
157,Vel,84816,221484,,,157G Vel,5.6
158,Vel,85037,221496,,,158G Vel,6.46
159,Vel,85250,237370,,,159G Vel,6.05
160,Vel,85355,221523,,u,160G Vel,5.08
161,Vel,85483,221538,,,161G Vel,5.73
162,Vel,85563,221547,,,162G Vel,5.62
,,85604,221551,,,163G Vel,7.4
163,Vel,85622,221553,,m,163G Vel,4.58
164,Vel,85871,237448,,,164G Vel,6.48
165,Vel,85953,237464,,,165G Vel,5.9
166,Vel,85980,221592,,,166G Vel,5.71
167,Vel,86087,237483,,,167G Vel,5.72
168,Vel,86110,221607,,,168G Vel,7.6
169,Vel,86352,237514,,,169G Vel,6.37
170,Vel,86353,237511,,,170G Vel,6.81
171,Vel,86440,237522,,\phi,171G Vel,3.5
172,Vel,86466,237526,,,172G Vel,6.12
173,Vel,86523,221644,,,173G Vel,6.05
174,Vel,86754,221668,,,174G Vel,6.73
175,Vel,87030,237586,,,175G Vel,6.52
176,Vel,87122,237603,,,176G Vel,6.41
177,Vel,87152,237612,,,177G Vel,6.2
178,Vel,87363,221728,,,178G Vel,6.12
179,Vel,87627,221760,,,179G Vel,6.5
180,Vel,87652,237675,,,180G Vel,6.5
181,Vel,87700,237677,,,181G Vel,6.9
182,Vel,87783,221773,,,182G Vel,5.08
183,Vel,87816,237690,,R,183G Vel,6.62
184,Vel,88015,221792,,,184G Vel,6.38
185,Vel,88223,221809,,,185G Vel,6.7
186,Vel,88206,237736,,Q,186G Vel,4.9
187,Vel,88399,221832,,,187G Vel,5.98
188,Vel,88693,237784,,,188G Vel,6.16
189,Vel,88824,237804,,,189G Vel,5.28
190,Vel,88842,237807,,,190G Vel,5.78
191,Vel,88955,221895,,q,191G Vel,3.8
192,Vel,88976,221898,,,192G Vel,6.57
193,Vel,89062,221910,,,193G Vel,5.6
,,88945,237819,,,194G Vel,7.48
194,Vel,89104,237834,,,194G Vel,6.2
195,Vel,89077,237832,,,195G Vel,6.7
,,89095,237833,,,195G Vel,7.6
,,89105,237835,,,195G Vel,7.9
,,89192,237851,,,195G Vel,6.86
196,Vel,89273,237858,,,196G Vel,6.3
197,Vel,89328,221934,,,197G Vel,6.6
198,Vel,89461,221948,,,198G Vel,5.96
199,Vel,89569,237902,,,199G Vel,5.8
200,Vel,89681,221961,,,200G Vel,6.8
201,Vel,89682,237916,,GZ,201G Vel,4.57
202,Vel,89736,221970,,,202G Vel,5.65
203,Vel,89890,237959,,J,203G Vel,4.5
,,89819,237944,,,203G Vel,8.0
,,89901,237963,,,203G Vel,8.8
,,89900,237966,,,203G Vel,8.3
,,89915,237969,,,203G Vel,7.9
,,89938,237979,,,203G Vel,9.2
,,,,,,203G Vel,
204,Vel,89998,221998,,r,204G Vel,4.83
205,Vel,90170,222016,,,205G Vel,6.27
206,Vel,90393,222041,,,206G Vel,6.18
207,Vel,90412,222040,,,207G Vel,6.8
208,Vel,90518,222047,,,208G Vel,6.13
209,Vel,90677,238067,,,209G Vel,5.58
210,Vel,90740,222071,,,210G Vel,7.11
211,Vel,90798,222081,,,211G Vel,6.1
212,Vel,90898,222084,,,212G Vel,6.7
213,Vel,91188,238130,,,213G Vel,6.65
,,91223,222112,,,214G Vel,8.3
214,Vel,91239,222113,,,214G Vel,7.37
215,Vel,91324,238146,,,215G Vel,4.89
216,Vel,91356,222125,,s,216G Vel,6.11
217,Vel,91355,222126,,s,217G Vel,5.74
218,Vel,91437,222129,,,218G Vel,5.91
219,Vel,91504,222136,,t,219G Vel,5.02
220,Vel,300791,238176,,,220G Vel,6.68
,,91593,238180,,,220G Vel,7.33
221,Vel,91805,222170,,,221G Vel,6.08
222,Vel,92139,222199,,p,222G Vel,3.84
223,Vel,92155,238260,,,223G Vel,6.4
224,Vel,92328,222222,,,224G Vel,6.11
225,Vel,92449,238309,,x,225G Vel,4.28
,,92463,238313,,,225G Vel,6.24
226,Vel,93316,222305,,,226G Vel,6.8
227,Vel,93336,222303,,,227G Vel,7.0
,,93412,222314,,,227G Vel,7.0
,,93452,222319,,,227G Vel,7.2
228,Vel,93453,222318,,,228G Vel,6.23
229,Vel,93497,222321,,\mu,229G Vel,2.69
230,Vel,93563,238468,,,230G Vel,5.23
231,Vel,93668,238484,,,231G Vel,6.9
232,Vel,93773,222347,,,232G Vel,6.6
233,Vel,94243,222385,,,233G Vel,6.6
234,Vel,94376,222400,,,234G Vel,7.8
235,Vel,94660,222422,,,235G Vel,6.11
236,Vel,94724,222423,,,236G Vel,6.35
,,94920,238616,,,237G Vel,7.3
237,Vel,94985,238622,,,237G Vel,5.92
238,Vel,95347,222485,,,238G Vel,5.82
239,Vel,95370,222487,,i,239G Vel,4.4
240,Vel,95429,238674,,,240G Vel,6.16
241,Vel,95506,222499,,,241G Vel,6.79
242,Vel,95509,238687,,,242G Vel,6.4
243,Vel,95534,238692,,,243G Vel,6.9
244,Vel,95716,222508,,,244G Vel,6.6
245,Vel,96008,238720,,,245G Vel,6.75
246,Vel,96068,238729,,,246G Vel,6.5
247,Vel,96113,222538,,,247G Vel,5.67
248,Vel,96224,222548,,,248G Vel,6.13
1,Vir,101112,118961,,,1G Vir,6.17
60,Vir,109403,138853,,,60G Vir,7.1
2,Vir,101153,118965,1,\omega,2G Vir,5.36
3,Vir,101154,138314,,,3G Vir,6.22
4,Vir,101445,118981,,,4G Vir,6.8
5,Vir,101933,138375,,,5G Vir,6.07
6,Vir,102124,119029,2,\xi,6G Vir,4.85
7,Vir,102212,119035,3,\nu,7G Vir,4.03
8,Vir,102510,119058,4,A1,8G Vir,5.33
9,Vir,102634,138420,,,9G Vir,6.15
10,Vir,102649,119061,,,10G Vir,6.6
11,Vir,102870,119076,5,\beta,11G Vir,3.61
12,Vir,102928,138445,,,12G Vir,5.64
13,Vir,103313,119100,,,13G Vir,6.3
14,Vir,103484,119111,6,A2,14G Vir,5.58
15,Vir,103548,119114,,,15G Vir,7.1
16,Vir,103773,138496,,,16G Vir,6.87
17,Vir,103891,138501,,,17G Vir,6.58
18,Vir,103929,138508,,,18G Vir,7.1
19,Vir,104055,119147,,,19G Vir,6.17
20,Vir,104078,157028,,,20G Vir,6.7
21,Vir,104101,119150,,,21G Vir,7.0
22,Vir,104130,138521,,,22G Vir,7.1
23,Vir,104181,119156,7,b,23G Vir,5.37
24,Vir,104304,157041,,,24G Vir,5.54
25,Vir,104321,119164,8,\pi,25G Vir,4.6
26,Vir,104356,138533,,,26G Vir,6.31
27,Vir,104625,138551,,,27G Vir,6.22
28,Vir,104728,138556,,,28G Vir,7.2
29,Vir,104755,119189,,,29G Vir,6.52
30,Vir,104788,157069,,,30G Vir,6.6
31,Vir,105036,138579,,,31G Vir,6.9
,,105061,138582,,,31G Vir,7.59
32,Vir,104979,119213,9,\omicron,32G Vir,4.13
33,Vir,105089,138585,,,33G Vir,6.37
34,Vir,105639,119245,10,,34G Vir,5.95
35,Vir,105702,119249,11,,35G Vir,5.73
36,Vir,105759,138625,,,36G Vir,6.6
37,Vir,105900,138637,,,37G Vir,7.1
38,Vir,105912,138638,,,38G Vir,6.9
39,Vir,105967,119262,,,39G Vir,6.93
40,Vir,106384,138664,,,40G Vir,6.57
41,Vir,106516,157168,,,41G Vir,6.11
,,106975,138703,,,42G Vir,6.99
42,Vir,106976,138704,,,42G Vir,6.54
43,Vir,107070,138710,13,,43G Vir,5.9
,,107038,138706,,,44G Vir,7.4
44,Vir,107161,138716,14,,44G Vir,6.84
45,Vir,107259,138721,15,\eta,45G Vir,3.89
46,Vir,107328,119341,16,c,46G Vir,5.0
47,Vir,107705,119360,17,,47G Vir,6.4
48,Vir,107780,138747,,,48G Vir,7.0
49,Vir,107794,138750,,,49G Vir,6.6
50,Vir,108107,157272,,,50G Vir,5.96
51,Vir,108471,119413,,,51G Vir,6.37
52,Vir,108506,138798,,,52G Vir,6.22
53,Vir,108510,138799,,,53G Vir,6.69
54,Vir,108561,119420,,,54G Vir,6.8
55,Vir,108723,119428,,,55G Vir,7.1
56,Vir,108985,119453,,,56G Vir,6.05
57,Vir,109014,138832,,,57G Vir,6.19
58,Vir,109285,119466,,,58G Vir,6.91
59,Vir,109309,138845,21,q,59G Vir,5.48
61,Vir,109417,119479,,,61G Vir,6.7
62,Vir,109521,119485,,,62G Vir,7.02
63,Vir,109704,138873,25,f,63G Vir,5.88
64,Vir,109756,138876,,,64G Vir,6.98
65,Vir,109764,119497,,,65G Vir,6.59
66,Vir,109772,138878,,,66G Vir,6.9
67,Vir,109840,119502,,,67G Vir,7.0
68,Vir,109860,119503,,,68G Vir,6.34
69,Vir,109896,119508,,,69G Vir,5.71
70,Vir,109914,119509,,R,70G Vir,7.08
71,Vir,109944,138885,,,71G Vir,6.67
72,Vir,109969,138889,,,72G Vir,7.2
73,Vir,110014,138892,26,\chi,73G Vir,4.66
74,Vir,110069,138897,,,74G Vir,6.8
75,Vir,110380,,29,\gamma,75G Vir,3.5
76,Vir,110379,138917,29,\gamma,76G Vir,3.5
77,Vir,110418,138920,28,,77G Vir,6.78
78,Vir,110423,119538,31,d1,78G Vir,5.59
79,Vir,110646,138933,,,79G Vir,5.9
80,Vir,110746,138942,,,80G Vir,6.7
81,Vir,110886,138952,,,81G Vir,6.9
82,Vir,110951,119574,32,d2,82G Vir,5.22
83,Vir,111133,119585,,EP,83G Vir,6.34
84,Vir,111132,119586,,,84G Vir,6.86
85,Vir,111199,138967,,,85G Vir,6.26
86,Vir,111239,119596,35,,86G Vir,6.41
,,111274,119598,,,86G Vir,8.1
87,Vir,111545,138986,,,87G Vir,6.9
88,Vir,111720,157550,,,88G Vir,6.41
89,Vir,111765,119633,37,,89G Vir,6.02
90,Vir,111998,139022,38,,90G Vir,6.11
91,Vir,112048,139027,,,91G Vir,6.44
92,Vir,112131,157584,,,92G Vir,6.0
93,Vir,112142,139033,40,\psi,93G Vir,4.79
94,Vir,112281,119673,,,94G Vir,6.78
95,Vir,112300,119674,43,\delta,95G Vir,3.38
96,Vir,112372,139049,,,96G Vir,6.9
97,Vir,112398,139053,,,97G Vir,6.5
,,112433,157613,,,98G Vir,7.4
98,Vir,112495,157618,,,98G Vir,6.4
99,Vir,112504,139060,,,99G Vir,6.8
100,Vir,112503,119683,,,100G Vir,6.77
101,Vir,112542,119684,,,101G Vir,7.0
102,Vir,112696,139072,,,102G Vir,6.64
103,Vir,112709,181284,,,103G Vir,6.6
104,Vir,112846,139086,44,k,104G Vir,5.79
105,Vir,112992,139096,46,,105G Vir,5.99
106,Vir,113415,181357,,,106G Vir,5.58
107,Vir,113459,139131,48,,107G Vir,6.59
108,Vir,113595,119756,,,108G Vir,7.1
,,113984,119774,,,108G Vir,7.05
109,Vir,114038,157739,49,,109G Vir,5.19
110,Vir,114113,139175,,g,110G Vir,5.55
111,Vir,114174,119789,,,111G Vir,6.8
112,Vir,114203,139183,,,112G Vir,6.32
113,Vir,114268,157759,,,113G Vir,6.7
114,Vir,114287,157760,50,,114G Vir,5.94
115,Vir,114330,139189,51,\theta,115G Vir,4.38
116,Vir,114482,157772,,,116G Vir,7.0
117,Vir,114642,157788,53,,117G Vir,5.04
118,Vir,114846,157798,54,,118G Vir,6.9
119,Vir,,157799,54,,119G Vir,7.3
120,Vir,114946,157806,55,,120G Vir,5.33
121,Vir,114960,119822,,,121G Vir,6.59
122,Vir,115062,157811,56,,122G Vir,6.94
123,Vir,115080,157815,,,123G Vir,7.04
124,Vir,115202,157823,57,,124G Vir,5.22
125,Vir,115308,139254,,,125G Vir,6.68
126,Vir,115446,157836,,,126G Vir,6.7
127,Vir,115467,157838,,,127G Vir,6.7
128,Vir,115466,157837,58,,128G Vir,7.2
129,Vir,115488,139264,,,129G Vir,6.37
130,Vir,115521,119855,60,\sigma,130G Vir,4.8
131,Vir,115617,157844,61,,131G Vir,4.74
132,Vir,115709,119867,,,132G Vir,6.62
,,115753,119872,,,132G Vir,7.0
133,Vir,115903,157869,62,,133G Vir,6.73
134,Vir,115995,119889,,,134G Vir,6.26
135,Vir,116061,157879,,,135G Vir,6.21
136,Vir,116160,119899,,,136G Vir,5.69
137,Vir,116235,119905,64,,137G Vir,5.87
138,Vir,116249,139304,,,138G Vir,6.7
139,Vir,116292,157899,63,,139G Vir,5.37
140,Vir,116365,139308,65,,140G Vir,5.89
141,Vir,116429,181615,,,141G Vir,6.5
142,Vir,116442,119909,,,142G Vir,7.06
143,Vir,116568,139324,66,,143G Vir,5.61
144,Vir,116658,157923,67,\alpha,144G Vir,0.98
145,Vir,116768,157932,,,145G Vir,6.6
146,Vir,116831,139337,,,146G Vir,6.0
147,Vir,116870,157938,68,i,147G Vir,5.26
148,Vir,116976,157946,69,,148G Vir,4.76
149,Vir,117246,157962,,,149G Vir,6.89
150,Vir,117267,139359,,,150G Vir,6.43
151,Vir,117362,119959,,,151G Vir,6.7
152,Vir,117405,119961,,,152G Vir,6.51
153,Vir,117404,119962,,,153G Vir,6.17
154,Vir,117436,139370,72,l1,154G Vir,6.1
155,Vir,117544,157978,,,155G Vir,6.9
156,Vir,117661,157987,73,,156G Vir,6.01
157,Vir,117675,139390,74,l2,157G Vir,4.69
158,Vir,117789,157998,75,,158G Vir,5.55
159,Vir,117818,139401,76,h,159G Vir,5.21
160,Vir,117833,139403,,S,160G Vir,6.0
,,117860,139405,,,160G Vir,7.21
,,117905,139408,,,160G Vir,7.6
161,Vir,117878,139407,77,,161G Vir,7.1
162,Vir,117877,119993,,,162G Vir,6.8
163,Vir,118022,120004,78,o,163G Vir,4.94
164,Vir,118026,158014,,,164G Vir,7.4
,,118039,158016,,,164G Vir,7.9
165,Vir,118054,158021,,,165G Vir,5.91
166,Vir,118036,139416,,,166G Vir,7.38
167,Vir,118098,139420,79,\zeta,167G Vir,3.4
168,Vir,118187,181777,,,168G Vir,7.11
169,Vir,118219,139428,80,,169G Vir,5.73
170,Vir,118330,139437,,,170G Vir,7.04
171,Vir,118559,139449,,,171G Vir,6.7
172,Vir,118578,120042,,,172G Vir,6.7
173,Vir,119149,139490,82,m,173G Vir,5.01
174,Vir,119288,120075,,,174G Vir,6.16
175,Vir,119425,120082,84,,175G Vir,5.36
176,Vir,119461,139507,,,176G Vir,7.1
177,Vir,119537,139516,,,177G Vir,6.51
178,Vir,119605,158131,83,,178G Vir,5.57
179,Vir,119786,158147,85,,179G Vir,6.19
180,Vir,119853,158152,86,,180G Vir,5.51
181,Vir,119931,120102,,,181G Vir,7.16
182,Vir,120025,158161,,,182G Vir,6.71
183,Vir,120033,139544,,,183G Vir,6.05
184,Vir,120052,158165,87,,184G Vir,5.43
185,Vir,120066,120108,,,185G Vir,6.3
186,Vir,120088,139548,,,186G Vir,6.9
187,Vir,120235,139559,88,,187G Vir,6.5
188,Vir,120297,139564,,,188G Vir,6.8
189,Vir,120317,120121,,,189G Vir,6.6
190,Vir,120452,158186,89,,190G Vir,4.97
191,Vir,120448,120127,,,191G Vir,6.8
192,Vir,120500,120130,,,192G Vir,6.61
193,Vir,120544,158192,,,193G Vir,6.53
194,Vir,120602,120132,,,194G Vir,6.01
195,Vir,120902,158210,,,195G Vir,7.1
196,Vir,121221,158225,,,196G Vir,6.7
197,Vir,121223,182070,,,197G Vir,6.7
198,Vir,121299,139613,90,p,198G Vir,5.15
199,Vir,121325,139618,,,199G Vir,7.6
200,Vir,121481,139626,,,200G Vir,6.8
201,Vir,121496,139627,,,201G Vir,6.85
202,Vir,121607,120185,92,,202G Vir,5.9
203,Vir,121883,158269,,,203G Vir,6.7
204,Vir,122106,139666,,,204G Vir,6.4
205,Vir,122135,139669,,,205G Vir,6.6
206,Vir,122408,120238,93,\tau,206G Vir,4.3
207,Vir,122577,158306,,,207G Vir,6.4
208,Vir,122703,182204,,,208G Vir,6.31
209,Vir,122797,120265,,,209G Vir,6.24
210,Vir,122837,158325,,,210G Vir,6.28
211,Vir,122815,139711,,,211G Vir,6.39
212,Vir,122816,139713,,,212G Vir,6.6
213,Vir,122910,120269,,,213G Vir,6.28
214,Vir,122958,158331,,,214G Vir,6.58
215,Vir,123177,139732,94,,215G Vir,6.53
216,Vir,123214,158357,,ER,216G Vir,6.6
217,Vir,123255,139736,95,,217G Vir,5.46
218,Vir,123630,158385,96,,218G Vir,6.47
219,Vir,123934,158401,,ET,219G Vir,4.91
220,Vir,123980,120326,,,220G Vir,6.7
221,Vir,124115,120334,,,221G Vir,6.43
222,Vir,124224,120339,,CU,222G Vir,5.01
223,Vir,124294,158427,98,\kappa,223G Vir,4.19
224,Vir,124425,139798,,,224G Vir,5.9
225,Vir,124553,139806,,,225G Vir,6.36
226,Vir,124683,158448,,CS,226G Vir,5.43
227,Vir,124681,120364,,FS,227G Vir,6.45
228,Vir,124850,139824,99,\iota,228G Vir,4.1
229,Vir,124915,139828,,,229G Vir,6.45
230,Vir,124931,139830,,,230G Vir,6.16
231,Vir,124990,158462,,,231G Vir,6.22
232,Vir,124988,139835,,,232G Vir,6.9
,,125043,139840,,,232G Vir,7.7
233,Vir,124973,139834,,,233G Vir,6.5
234,Vir,125059,139847,,,234G Vir,6.6
235,Vir,125184,139856,,,235G Vir,6.5
236,Vir,125248,158481,,,236G Vir,5.9
237,Vir,125337,158489,100,\lambda,237G Vir,4.52
238,Vir,125454,139866,102,\upsilon,238G Vir,5.14
239,Vir,125489,120400,,,239G Vir,6.19
240,Vir,125490,139868,,,240G Vir,6.5
241,Vir,125817,139890,103,,241G Vir,6.8
,,125906,139897,,,241G Vir,6.7
242,Vir,125981,139902,,,242G Vir,6.7
243,Vir,126053,120424,,,243G Vir,6.3
244,Vir,126248,120434,,,244G Vir,5.1
245,Vir,126722,139942,104,,245G Vir,6.19
246,Vir,126868,139951,105,\phi,246G Vir,4.82
247,Vir,126927,139957,106,,247G Vir,5.42
248,Vir,126961,120481,,,248G Vir,7.1
249,Vir,126962,139959,,,249G Vir,6.6
250,Vir,127167,120499,,,250G Vir,5.94
251,Vir,127168,139969,,,251G Vir,7.02
,,127265,139974,,,251G Vir,7.3
252,Vir,127337,120504,,,252G Vir,6.02
253,Vir,127742,120522,,,253G Vir,6.9
254,Vir,128563,120569,,,254G Vir,6.6
255,Vir,129502,140090,107,\mu,255G Vir,3.9
256,Vir,129698,140100,,,256G Vir,6.6
257,Vir,129902,140116,,,257G Vir,6.07
258,Vir,129956,120642,108,,258G Vir,5.7
259,Vir,130109,120648,109,,259G Vir,3.72
260,Vir,130604,120673,,,260G Vir,6.84
261,Vir,130970,140177,,,261G Vir,6.18
262,Vir,131476,120719,,,262G Vir,6.63
263,Vir,131786,120739,,,263G Vir,6.9
264,Vir,132132,120758,,,264G Vir,5.53
265,Vir,132525,120774,,,265G Vir,5.93
266,Vir,132832,120794,,,266G Vir,6.81
267,Vir,132933,120798,,,267G Vir,5.71
268,Vir,133165,120809,110,,268G Vir,4.4
269,Vir,133408,120822,,,269G Vir,7.13
270,Vir,133948,120845,,,270G Vir,6.7
271,Vir,134047,120852,,,271G Vir,6.16
1,Vol,49306,249631,,,1G Vol,6.9
2,Vol,49268,256326,,,2G Vol,6.51
3,Vol,49947,256330,,,3G Vol,6.37
4,Vol,50002,256331,,,4G Vol,6.11
5,Vol,51557,256344,,\iota,5G Vol,5.41
6,Vol,53501,249704,,,6G Vol,5.17
7,Vol,55151,249740,,,7G Vol,6.47
8,Vol,55864,256373,,\gamma1,8G Vol,5.67
9,Vol,55865,256374,,\gamma2,9G Vol,3.78
10,Vol,57623,249809,,\delta,10G Vol,4.0
11,Vol,59640,256408,,,11G Vol,6.6
12,Vol,60150,249864,,,12G Vol,6.39
13,Vol,61312,249881,,,13G Vol,6.8
14,Vol,61950,249895,,,14G Vol,6.9
15,Vol,62153,256428,,,15G Vol,6.34
16,Vol,63295,256438,,\zeta,16G Vol,3.95
17,Vol,63513,249944,,,17G Vol,6.38
18,Vol,63584,249943,,,18G Vol,6.18
19,Vol,64484,249978,,,19G Vol,5.79
20,Vol,66920,256463,,,20G Vol,6.33
21,Vol,67559,250098,,,21G Vol,6.6
22,Vol,68520,250128,,\epsilon,22G Vol,4.4
23,Vol,70270,256489,,,23G Vol,6.7
24,Vol,70514,250186,,,24G Vol,5.07
25,Vol,71046,256497,,\kappa1,25G Vol,5.37
26,Vol,71066,256499,,\kappa2,26G Vol,5.65
,,71046,256500,,,26G Vol,7.92
27,Vol,71576,256505,,\eta,27G Vol,5.29
28,Vol,71863,250226,,,28G Vol,5.97
29,Vol,71878,250228,,\beta,29G Vol,3.77
30,Vol,72337,250235,,,30G Vol,5.51
31,Vol,72719,256516,,,31G Vol,6.9
32,Vol,73391,256522,,,32G Vol,6.6
33,Vol,73468,256524,,,33G Vol,6.12
34,Vol,73990,256527,,,34G Vol,6.9
35,Vol,74405,256535,,\theta,35G Vol,5.19
36,Vol,74461,256532,,,36G Vol,6.6
37,Vol,74543,256536,,,37G Vol,6.82
38,Vol,74638,250304,,,38G Vol,6.7
39,Vol,74985,256540,,,39G Vol,7.0
40,Vol,75116,250315,,,40G Vol,6.32
41,Vol,75171,250317,,,41G Vol,6.04
42,Vol,75590,256550,,,42G Vol,6.6
43,Vol,76143,250347,,,43G Vol,5.35
44,Vol,76270,256556,,,44G Vol,6.11
,,77493,250412,,,44G Vol,6.92
,,77656,250416,,,44G Vol,7.6
45,Vol,77887,250421,,,45G Vol,5.88
46,Vol,78045,250422,,\alpha,46G Vol,4.0
